run,frame,optimized,skipped,init,time_s,correspondences,dice_mean,dice_left_mean,dice_right_mean,dice_left_shaft,dice_left_wrist,dice_left_grippers,dice_right_shaft,dice_right_wrist,dice_right_grippers,left_translation_error_mm,left_rotation_error_deg,right_translation_error_mm,right_rotation_error_deg
run_1789376009_gpu1_env0,0,1,,perturb-gt,0.8251965999952517,665,0.9604870776335398,0.9344875613848368,0.9864865938822428,0.9028871655464172,0.9508856534957886,0.9496898651123047,0.9912827014923096,0.9845897555351257,0.9835873246192932,0.6645731329917908,1.4927901029586792,0.6557702422142029,0.41401463747024536
run_1789376009_gpu1_env0,1,1,,previous,0.6637808000086807,725,0.974679042895635,0.9656606912612915,0.9836973945299784,0.9593495726585388,0.9722557067871094,0.9653767943382263,0.9937716126441956,0.9820758700370789,0.9752447009086609,0.7231655716896057,1.1088876724243164,0.6288027763366699,0.46646201610565186
run_1789376009_gpu1_env0,2,1,,previous,0.6522111000085715,725,0.9812204738457998,0.9772571722666422,0.9851837754249573,0.9794801473617554,0.9842424392700195,0.9680489301681519,0.9941844344139099,0.9849624037742615,0.9764044880867004,0.6998476982116699,0.4949555993080139,0.610845685005188,0.5532007217407227
run_1789376009_gpu1_env0,3,1,,previous,0.6846288999950048,734,0.981194406747818,0.9775247971216837,0.9848640163739523,0.9807162284851074,0.983023464679718,0.9688346982002258,0.9912899136543274,0.985774040222168,0.9775280952453613,0.6916304230690002,0.4933716654777527,0.6904467940330505,0.9942596554756165
run_1789376009_gpu1_env0,4,1,,previous,0.6388052000256721,728,0.984048585096995,0.9796250462532043,0.9884721239407858,0.9794801473617554,0.9858356714248657,0.9735593199729919,0.9952830076217651,0.987891435623169,0.9822419285774231,0.7385231256484985,0.5774299502372742,0.6775789260864258,0.7947543859481812
run_1789376009_gpu1_env0,5,1,,previous,0.6733521999849472,730,0.9805721541245779,0.9828264713287354,0.9783178369204203,0.9848275780677795,0.9866558909416199,0.9769959449768066,0.9919867515563965,0.97826087474823,0.9647058844566345,0.6823548674583435,0.6186559796333313,0.6054680943489075,0.4387946128845215
run_1789376009_gpu1_env0,6,1,,previous,0.6491901999979746,732,0.984503448009491,0.9845422108968099,0.984464685122172,0.9823129177093506,0.9890732765197754,0.9822404384613037,0.9908612370491028,0.9853740334510803,0.977158784866333,0.7589635252952576,0.614848792552948,0.6447024941444397,0.6019843220710754
run_1789376009_gpu1_env0,7,1,,previous,0.647122299997136,739,0.9793707231680552,0.9762077331542969,0.9825337131818136,0.9720372557640076,0.9785338044166565,0.9780521392822266,0.9907445907592773,0.9807853102684021,0.9760712385177612,0.7379374504089355,0.3956475853919983,0.592296838760376,0.7396636605262756
run_1789376009_gpu1_env0,8,1,,previous,0.721461500012083,741,0.9859043459097544,0.9835500915845236,0.9882586002349854,0.9852744340896606,0.9898989796638489,0.975476861000061,0.990742027759552,0.9874266386032104,0.9866071343421936,0.7168307304382324,0.24389328062534332,0.7100924253463745,1.060171365737915
run_1789376009_gpu1_env0,9,1,,previous,0.6566394999972545,735,0.9833196997642517,0.9819394946098328,0.9846999049186707,0.9841688871383667,0.9842678308486938,0.9773817658424377,0.9900662302970886,0.9841004014015198,0.9799330830574036,0.759637713432312,0.6829963326454163,0.6313827037811279,0.7060983180999756
run_1789376009_gpu1_env0,10,1,,previous,0.6608866000024136,721,0.9836776753266653,0.9852720499038696,0.9820833007494608,0.9856584072113037,0.9879903793334961,0.9821673631668091,0.9899352192878723,0.9781879186630249,0.9781267642974854,0.7334606647491455,0.38866209983825684,0.5883493423461914,0.738604724407196
run_1789376009_gpu1_env0,11,1,,previous,0.6672761999943759,736,0.9768009185791016,0.96773229042689,0.9858695467313131,0.956843376159668,0.9771543145179749,0.9691991806030273,0.9904761910438538,0.9844993948936462,0.9826330542564392,0.7076149582862854,0.7016503214836121,0.6007632613182068,0.7986840009689331
run_1789376009_gpu1_env0,12,1,,previous,0.6748150000057649,739,0.9817513922850291,0.9752465685208639,0.9882562160491943,0.9792429804801941,0.9734863638877869,0.9730103611946106,0.9903314709663391,0.9873949289321899,0.987042248249054,0.7680435180664062,0.9675278067588806,0.6224371194839478,1.0864253044128418
run_1789376009_gpu1_env0,13,1,,previous,0.6608631999988575,733,0.9842586318651835,0.9784903327624003,0.9900269309679667,0.9834123253822327,0.9754746556282043,0.9765840172767639,0.9925270080566406,0.9882943034172058,0.9892594814300537,0.7641684412956238,1.3677349090576172,0.60700923204422,0.7214502096176147
run_1789376009_gpu1_env0,14,1,,previous,0.6633193999878131,737,0.9844603935877482,0.9829829335212708,0.9859378536542257,0.9849362969398499,0.9874607920646667,0.9765517115592957,0.9900662302970886,0.9836203455924988,0.9841269850730896,0.732039213180542,1.0271726846694946,0.6095166206359863,0.8237700462341309
run_1789376009_gpu1_env0,15,1,,previous,0.6542071000149008,738,0.9853936930497488,0.9817295670509338,0.9890578190485636,0.9833148121833801,0.9840652942657471,0.9778085947036743,0.9902055263519287,0.9865996837615967,0.9903682470321655,0.7343670725822449,0.8855862021446228,0.6558879017829895,0.8965661525726318
run_1789376009_gpu1_env0,16,1,,previous,0.6682022000022698,739,0.9834060867627462,0.9782268206278483,0.988585352897644,0.9799789190292358,0.9822118878364563,0.9724896550178528,0.9907471537590027,0.985785961151123,0.9892229437828064,0.7409079670906067,0.8093922138214111,0.6607915759086609,0.8632075786590576
run_1789376009_gpu1_env0,17,1,,previous,0.6826779999828432,738,0.9844255348046621,0.9806336959203085,0.9882173736890157,0.9846468567848206,0.9848024249076843,0.9724518060684204,0.9897931218147278,0.9862097501754761,0.9886492490768433,0.743793249130249,0.8744685053825378,0.6313268542289734,0.858661949634552
run_1789376009_gpu1_env0,18,1,,previous,0.6697847999748774,739,0.9834727048873901,0.9818382064501444,0.9851072033246359,0.9893307685852051,0.9836564064025879,0.9725274443626404,0.9908663034439087,0.984886646270752,0.9795686602592468,0.6871055960655212,0.5908293128013611,0.677233874797821,1.2930119037628174
run_1789376009_gpu1_env0,19,1,,previous,0.6929366000113077,738,0.980512261390686,0.9787464141845703,0.9822781085968018,0.9834862351417542,0.9831397533416748,0.969613254070282,0.9859504103660583,0.9818947315216064,0.9789891839027405,0.7291762232780457,0.7952466607093811,0.6312437653541565,1.368021011352539
run_1789376009_gpu1_env0,20,1,,previous,0.6766596000234131,736,0.9798467655976614,0.9764207998911539,0.9832727313041687,0.9777015447616577,0.9839970469474792,0.967563807964325,0.9888414144515991,0.9785804152488708,0.9823963642120361,0.7428508996963501,0.8744685053825378,0.6507357954978943,0.9859589338302612
run_1789376009_gpu1_env0,21,1,,previous,0.6742386999831069,732,0.9813016553719839,0.9720461169878641,0.9905571937561035,0.9756888151168823,0.9777939319610596,0.9626556038856506,0.991827130317688,0.9895090460777283,0.9903354048728943,0.7098115682601929,1.060171365737915,0.6473658680915833,0.9557254314422607
run_1789376009_gpu1_env0,22,1,,previous,0.6988179000036325,746,0.9829019904136658,0.9802325765291849,0.9855714042981466,0.9822940826416016,0.987369179725647,0.9710344672203064,0.9911528825759888,0.9831649661064148,0.9823963642120361,0.7094016075134277,0.9831765294075012,0.6476115584373474,1.064224362373352
run_1789376009_gpu1_env0,23,1,,previous,0.748619799996959,755,0.9789188504219055,0.9744846026102701,0.9833530982335409,0.9734004139900208,0.9764789938926697,0.9735743999481201,0.9885596036911011,0.9802603721618652,0.9812393188476562,0.7039209604263306,0.8663754463195801,0.6406943798065186,1.0697263479232788
run_1789376009_gpu1_env0,24,1,,previous,0.6889531999768224,741,0.9804860154787699,0.9734623630841573,0.9875096678733826,0.9790115356445312,0.9848538041114807,0.95652174949646,0.9885659217834473,0.9870238304138184,0.9869392514228821,0.687980592250824,0.5453635454177856,0.5838268399238586,0.6071627736091614
run_1789376009_gpu1_env0,25,1,,previous,0.671755999996094,752,0.9828134775161743,0.9773583014806112,0.9882686535517374,0.9704369902610779,0.9850538969039917,0.9765840172767639,0.9921194314956665,0.9857621192932129,0.986924409866333,0.7015629410743713,0.36476898193359375,0.6027617454528809,0.8064858913421631
run_1789376009_gpu1_env0,26,1,,previous,0.7173630000033882,735,0.9807508488496145,0.9762767950693766,0.9852249026298523,0.9745411276817322,0.9826629757881165,0.9716262817382812,0.9915687441825867,0.9811320900917053,0.9829738736152649,0.6420164108276367,0.3152790367603302,0.6206620335578918,0.9977958798408508
run_1789376009_gpu1_env0,27,1,,previous,0.6848696999950334,755,0.9805764456590017,0.977527936299642,0.9836249550183614,0.976190447807312,0.9787085652351379,0.9776847958564758,0.9900744557380676,0.9790444374084473,0.9817559719085693,0.7306843996047974,0.7843454480171204,0.5796065330505371,0.6249497532844543
run_1789376009_gpu1_env0,28,1,,previous,0.7079990000056569,746,0.984883705774943,0.9839516282081604,0.9858157833417257,0.9869999885559082,0.9878514409065247,0.9770034551620483,0.9873347878456116,0.981528103351593,0.9885844588279724,0.6823790669441223,0.6355061531066895,0.6257944107055664,1.032492995262146
run_1789376009_gpu1_env0,29,1,,previous,0.7064836000208743,762,0.985573927561442,0.9837273756663004,0.9874204794565836,0.9854413270950317,0.9815266728401184,0.9842141270637512,0.990334153175354,0.9827658534049988,0.9891614317893982,0.6612613201141357,0.573349118232727,0.6741066575050354,1.0777450799942017
run_1789376009_gpu1_env0,30,1,,previous,0.6911822999827564,756,0.984112391869227,0.9813792904218038,0.9868454933166504,0.9837972521781921,0.9796776175498962,0.980663001537323,0.9921237826347351,0.9848993420600891,0.983513355255127,0.6625652313232422,0.6667596697807312,0.6139062643051147,0.7284679412841797
run_1789376009_gpu1_env0,31,1,,previous,0.7021486000157893,758,0.9863062898317972,0.9838091929753622,0.9888033866882324,0.9892390370368958,0.9842271208763123,0.9779614210128784,0.9910258054733276,0.9861982464790344,0.9891861081123352,0.6909704208374023,0.6000308394432068,0.6357121467590332,0.8935053944587708
run_1789376009_gpu1_env0,32,1,,previous,0.7002690999943297,748,0.9870778719584147,0.9850414196650187,0.9891143242518107,0.9848538041114807,0.9826671481132507,0.9876033067703247,0.9914340972900391,0.9878610372543335,0.9880478382110596,0.7139440774917603,0.5781072974205017,0.6106486916542053,0.7677033543586731
run_1789376009_gpu1_env0,33,1,,previous,0.6746645999955945,753,0.9849256972471873,0.9819888869921366,0.9878625075022379,0.9870045781135559,0.9818311333656311,0.9771309494972229,0.9896537661552429,0.9836203455924988,0.9903134107589722,0.717482328414917,0.8996164798736572,0.6567885875701904,1.032492995262146
run_1789376009_gpu1_env0,34,1,,previous,0.6865233999851625,747,0.9855870405832926,0.9809803167978922,0.990193764368693,0.9880310893058777,0.978586733341217,0.976323127746582,0.9919867515563965,0.9899581670761108,0.9886363744735718,0.6871629357337952,0.5158621072769165,0.6264369487762451,0.7094159722328186
run_1789376009_gpu1_env0,35,1,,previous,0.7169237000052817,752,0.9853774110476176,0.9851144353548685,0.9856403867403666,0.9891816973686218,0.9849246144294739,0.98123699426651,0.991299569606781,0.9815126061439514,0.9841089844703674,0.7032327055931091,0.9803861379623413,0.6322707533836365,0.6789735555648804
run_1789376009_gpu1_env0,36,1,,previous,0.6998916000011377,752,0.9808019399642944,0.975601057211558,0.9860028227170309,0.9848368167877197,0.9795185327529907,0.9624478220939636,0.9884233474731445,0.9832214713096619,0.9863636493682861,0.7134242653846741,0.9638804793357849,0.6576601266860962,0.9082753658294678
run_1789376009_gpu1_env0,37,1,,previous,0.7108479999878909,756,0.9841546813646952,0.9805236061414083,0.9877857565879822,0.9868389368057251,0.9832239151000977,0.9715079665184021,0.9897959232330322,0.9866220951080322,0.9869392514228821,0.6774208545684814,0.786338746547699,0.6385074853897095,0.7475579977035522
run_1789376009_gpu1_env0,38,1,,previous,0.6937317999836523,755,0.984240879615148,0.9813352823257446,0.9871464769045512,0.9870651364326477,0.9826887845993042,0.974251925945282,0.990481436252594,0.9840335845947266,0.986924409866333,0.6293266415596008,0.5814822316169739,0.6085172891616821,0.8137322068214417
run_1789376009_gpu1_env0,39,1,,previous,0.7236439000116661,758,0.984823207060496,0.9813241163889567,0.9883222977320353,0.9856399297714233,0.982962965965271,0.9753694534301758,0.9917080998420715,0.9840604066848755,0.9891983866691589,0.7333326935768127,0.9312523603439331,0.6189749240875244,0.6749268174171448
run_1789376009_gpu1_env0,40,1,,previous,0.700128800002858,765,0.9813062449296316,0.9784690936406454,0.9841433962186178,0.9856030941009521,0.9751206636428833,0.9746835231781006,0.9889715909957886,0.9793857932090759,0.9840728044509888,0.7111550569534302,0.573349118232727,0.6446282863616943,1.1696903705596924
run_1789376009_gpu1_env0,41,1,,previous,0.7306786999979522,760,0.9848764141400655,0.9820164442062378,0.9877363840738932,0.9872123003005981,0.9776785969734192,0.981158435344696,0.9921172857284546,0.9836203455924988,0.9874715209007263,0.6722394824028015,0.4579955041408539,0.6086479425430298,0.8891145586967468
run_1789376009_gpu1_env0,42,1,,previous,0.6907406000245828,764,0.984687735637029,0.9859088261922201,0.983466645081838,0.9895458221435547,0.9849170446395874,0.9832636117935181,0.9907573461532593,0.9790268540382385,0.9806157350540161,0.6840127110481262,0.5322902798652649,0.6045157313346863,0.8251940011978149
run_1789376009_gpu1_env0,43,1,,previous,0.6924695000052452,755,0.9849508802096049,0.9820345044136047,0.9878672560056051,0.9911390542984009,0.9847095012664795,0.9702549576759338,0.9907522201538086,0.9853495359420776,0.987500011920929,0.6888648271560669,0.9408683776855469,0.6456204056739807,0.8185274004936218
run_1789376009_gpu1_env0,44,1,,previous,0.7021109000197612,762,0.9851695199807485,0.9830700556437174,0.9872689843177795,0.9922621846199036,0.9846271872520447,0.9723207950592041,0.9918384552001953,0.9836203455924988,0.9863481521606445,0.6853264570236206,0.6167553663253784,0.5902115702629089,0.8869110345840454
run_1789376009_gpu1_env0,45,1,,previous,0.6996219999855384,766,0.9872289399305979,0.9874266386032104,0.9870312412579855,0.9956846833229065,0.9863972067832947,0.9801980257034302,0.9881510138511658,0.9831932783126831,0.9897494316101074,0.7205020189285278,0.8001526594161987,0.6481094360351562,0.8308655619621277
run_1789376009_gpu1_env0,46,1,,previous,0.6961460000020452,760,0.9839360018571218,0.98104856411616,0.9868234395980835,0.9929500818252563,0.9758001565933228,0.9743954539299011,0.9896566271781921,0.9827658534049988,0.9880478382110596,0.6986583471298218,0.5366833806037903,0.6235374212265015,0.993472158908844
run_1789376009_gpu1_env0,47,1,,previous,0.6851810999796726,760,0.9817929168542227,0.9788956244786581,0.9846902092297872,0.9913803935050964,0.9731437563896179,0.9721627235412598,0.9910258054733276,0.9806885123252869,0.9823563098907471,0.701856791973114,0.5699260234832764,0.605450451374054,0.8895546197891235
run_1789376009_gpu1_env0,48,1,,previous,0.6869296999939252,754,0.9865006903807322,0.9846133987108866,0.9883879820505778,0.9922784566879272,0.980861246585846,0.9807004928588867,0.9903421401977539,0.9844864010810852,0.9903354048728943,0.7173754572868347,0.524140477180481,0.6189086437225342,0.7022078633308411
run_1789376009_gpu1_env0,49,1,,previous,0.6952639000082854,765,0.9859673380851746,0.9835235476493835,0.9884111285209656,0.9931179285049438,0.9775100350379944,0.9799426794052124,0.9904709458351135,0.986151933670044,0.9886105060577393,0.676726222038269,0.4845678210258484,0.6661266088485718,1.040798544883728
run_1789376009_gpu1_env0,50,1,,previous,0.7107470000046305,765,0.9872664213180542,0.9869127869606018,0.9876200556755066,0.9942299127578735,0.9866234064102173,0.9798850417137146,0.9907522201538086,0.9840737581253052,0.988034188747406,0.6856225728988647,0.46140074729919434,0.6367987394332886,0.9618481397628784
run_1789376009_gpu1_env0,51,1,,previous,0.6943841999745928,757,0.9838560024897257,0.9796355962753296,0.988076408704122,0.9913774728775024,0.9727272987365723,0.9748020172119141,0.9910208582878113,0.9874371886253357,0.9857711791992188,0.6094976663589478,0.18767184019088745,0.6058637499809265,0.8956926465034485
run_1789376009_gpu1_env0,52,1,,previous,0.6811904000060167,749,0.9838968515396118,0.9822786053021749,0.9855150977770487,0.9927536249160767,0.9750208258628845,0.9790613651275635,0.9888291358947754,0.9836614727973938,0.984054684638977,0.6550650000572205,0.6218108534812927,0.5970580577850342,0.6255756616592407
run_1789376009_gpu1_env0,53,1,,previous,0.6991019999841228,759,0.9886669119199117,0.9884122411410013,0.988921582698822,0.9955461025238037,0.9857022762298584,0.983988344669342,0.9934930205345154,0.985785961151123,0.9874857664108276,0.6519770622253418,0.38461336493492126,0.5699483156204224,0.6679324507713318
run_1789376009_gpu1_env0,54,1,,previous,0.6988083999895025,753,0.9829870561758677,0.9774039189020792,0.9885701934496561,0.9889053106307983,0.9664948582649231,0.9768115878105164,0.9911626577377319,0.9853495359420776,0.9891983866691589,0.6351994276046753,0.4493695795536041,0.6283622980117798,0.8771496415138245
run_1789376009_gpu1_env0,55,1,,previous,0.6937168999866117,754,0.9832246700922648,0.9792996446291605,0.987149695555369,0.9901586771011353,0.9688311815261841,0.9789090752601624,0.990749716758728,0.9849119782447815,0.9857873916625977,0.6399062275886536,0.40734419226646423,0.6537228226661682,0.9383692741394043
run_1789376009_gpu1_env0,56,1,,previous,0.7039477999787778,758,0.9856052100658417,0.9816966851552328,0.9895137349764506,0.9944648146629333,0.9755885004997253,0.9750367403030396,0.990607738494873,0.9870347380638123,0.9908987283706665,0.6821131706237793,1.1190760135650635,0.6731479167938232,0.9618481397628784
run_1789376009_gpu1_env0,57,1,,previous,0.703856399981305,759,0.9872890710830688,0.9848970572153727,0.989681084950765,0.9941002726554871,0.9841549396514893,0.9764359593391418,0.9921194314956665,0.9865884184837341,0.9903354048728943,0.6430922746658325,1.0667954683303833,0.6490674018859863,1.0755641460418701
run_1789376009_gpu1_env0,58,1,,previous,0.7049499999848194,759,0.9841813246409098,0.9811580578486124,0.9872045914332072,0.9930310845375061,0.9763498306274414,0.9740932583808899,0.989241361618042,0.984886646270752,0.9874857664108276,0.648737907409668,1.399137258529663,0.6901445984840393,1.1145203113555908
run_1789376009_gpu1_env0,59,1,,previous,0.708742999995593,757,0.9843821922938029,0.9857320984204611,0.9830322861671448,0.9938066601753235,0.9854809641838074,0.9779086709022522,0.9895259141921997,0.9778149724006653,0.9817559719085693,0.6000032424926758,0.7737963795661926,0.6053450703620911,0.7605330944061279
run_1789376009_gpu1_env0,60,1,,previous,0.693910700007109,755,0.9829539259274801,0.9852304657300314,0.9806773861249288,0.9901207685470581,0.9811840057373047,0.9843866229057312,0.9880247712135315,0.9739276766777039,0.980079710483551,0.6027458906173706,0.19782350957393646,0.6281837821006775,0.871779203414917
run_1789376009_gpu1_env0,61,1,,previous,0.7049188000091817,760,0.9879378279050192,0.9874453743298849,0.9884302814801534,0.993017852306366,0.9878504872322083,0.9814677834510803,0.9896537661552429,0.9853126406669617,0.9903244376182556,0.6343920826911926,0.49416425824165344,0.6567314863204956,0.8156536817550659
run_1789376009_gpu1_env0,62,1,,previous,0.7162927000026684,757,0.9845176835854849,0.9825179179509481,0.9865174492200216,0.9951743483543396,0.9800947904586792,0.9722846150398254,0.9867805242538452,0.9853003025054932,0.9874715209007263,0.6957090497016907,0.8771496415138245,0.6563977599143982,1.0910981893539429
run_1789376009_gpu1_env0,63,1,,previous,0.723317700001644,758,0.9842496713002523,0.9853891134262085,0.983110229174296,0.9915578365325928,0.9804108738899231,0.9841986298561096,0.9898015260696411,0.9794721603393555,0.9800570011138916,0.6831521391868591,0.9573619961738586,0.5754145383834839,0.6864256858825684
run_1789376009_gpu1_env0,64,1,,previous,0.7075205000001006,756,0.9856786330540975,0.9821544090906779,0.9892028570175171,0.9936023354530334,0.9776915907859802,0.97516930103302,0.9914246201515198,0.9886981844902039,0.9874857664108276,0.6215373873710632,0.851797878742218,0.6583282351493835,0.9117158651351929
run_1789376009_gpu1_env0,65,1,,previous,0.6873395000002347,754,0.9866727689901987,0.9836759765942892,0.9896695613861084,0.9936454892158508,0.980778694152832,0.9766037464141846,0.9928057789802551,0.9886887073516846,0.9875141978263855,0.6132559776306152,0.4965343773365021,0.6190937161445618,0.729004979133606
run_1789376009_gpu1_env0,66,1,,previous,0.7063208999752533,762,0.9861632088820139,0.9835908015569051,0.9887356162071228,0.993080198764801,0.9796121120452881,0.9780800938606262,0.9911577701568604,0.9852879643440247,0.9897611141204834,0.6224763989448547,0.7316842079162598,0.5992134213447571,0.8713301420211792
run_1789376009_gpu1_env0,67,1,,previous,0.6954911999928299,759,0.9860575497150421,0.9831499059995016,0.9889651934305826,0.9973233938217163,0.9803921580314636,0.9717341661453247,0.9907292127609253,0.9869802594184875,0.9891861081123352,0.613867998123169,1.3199725151062012,0.6358287930488586,0.8991813063621521
run_1789376009_gpu1_env0,68,1,,previous,0.7153286999964621,765,0.9844333728154501,0.9810781876246134,0.9877885580062866,0.9919655919075012,0.972449004650116,0.9788199663162231,0.9925311207771301,0.9844864010810852,0.9863481521606445,0.6556455492973328,1.0878652334213257,0.5786170363426208,0.7917943596839905
run_1789376009_gpu1_env0,69,1,,previous,0.7122268999810331,758,0.986647496620814,0.9829686880111694,0.9903263052304586,0.9963265657424927,0.9793174862861633,0.9732620120048523,0.9929431080818176,0.9882746934890747,0.9897611141204834,0.6184273958206177,0.7143635749816895,0.6235111951828003,0.8829307556152344
run_1789376009_gpu1_env0,70,1,,previous,0.6938028000004124,759,0.9865685900052389,0.9837908943494161,0.9893462856610616,0.9933547973632812,0.9801046848297119,0.9779132008552551,0.9922587871551514,0.9882943034172058,0.9874857664108276,0.6267446279525757,1.30716073513031,0.6493544578552246,0.8021066784858704
run_1789376009_gpu1_env0,71,1,,previous,0.6898188999912236,757,0.986816426118215,0.9838125507036845,0.9898203015327454,0.9917216897010803,0.9798086881637573,0.9799072742462158,0.9908814430236816,0.9882550239562988,0.9903244376182556,0.6390333771705627,0.7922884821891785,0.7131446599960327,1.2417503595352173
run_1789376009_gpu1_env0,72,1,,previous,0.690080600004876,768,0.9858522713184357,0.9818999767303467,0.9898045659065247,0.9932543039321899,0.9778497815132141,0.974595844745636,0.9934912323951721,0.9878610372543335,0.9880614280700684,0.5761655569076538,0.9266180396080017,0.6061288714408875,0.8641138672828674
run_1789376009_gpu1_env0,73,1,,previous,0.6886620000004768,755,0.9857615033785502,0.9827470580736796,0.9887759486834208,0.9927109479904175,0.975530207157135,0.9800000190734863,0.9928037524223328,0.9865996837615967,0.986924409866333,0.5969005823135376,1.3317797183990479,0.6445960998535156,0.9091367125511169
run_1789376009_gpu1_env0,74,1,,previous,0.6966877999948338,753,0.9839504957199097,0.9794544577598572,0.9884465336799622,0.992929220199585,0.9769483804702759,0.9684857726097107,0.9923875331878662,0.9865884184837341,0.9863636493682861,0.6139023900032043,1.6577661037445068,0.6475164294242859,0.8223435282707214
run_1789376009_gpu1_env0,75,1,,previous,0.6898867000127211,769,0.9857582350571951,0.9827574888865153,0.9887589812278748,0.9948062896728516,0.9759642481803894,0.9775019288063049,0.9915687441825867,0.9866332411766052,0.9880749583244324,0.5508176684379578,1.1169757843017578,0.59879070520401,0.6342733502388
run_1789376009_gpu1_env0,76,1,,previous,0.6844439999840688,760,0.9844626386960348,0.9797178904215494,0.98920738697052,0.99329674243927,0.9739819169044495,0.971875011920929,0.9926744699478149,0.9874476790428162,0.987500011920929,0.5572583675384521,1.3828177452087402,0.6029716730117798,0.5650989413261414
run_1789376009_gpu1_env0,77,1,,previous,0.6882143999973778,761,0.9855988621711731,0.9831152955691019,0.9880824287732443,0.9916260242462158,0.9786989092826843,0.9790209531784058,0.9911626577377319,0.9861751198768616,0.9869095087051392,0.6035691499710083,0.7417770028114319,0.6649702787399292,1.0820938348770142
run_1789376009_gpu1_env0,78,1,,previous,0.7128051999898162,762,0.9856558839480082,0.9818235834439596,0.9894881844520569,0.9924324154853821,0.9732246994972229,0.9798136353492737,0.9919800758361816,0.9878610372543335,0.9886234402656555,0.6172972917556763,0.7295416593551636,0.6174858212471008,0.750170886516571
run_1789376009_gpu1_env0,79,1,,previous,0.7044607999850996,766,0.9877715309460958,0.986748735109965,0.9887943267822266,0.9937585592269897,0.9828300476074219,0.9836575984954834,0.9897931218147278,0.9874160885810852,0.9891737699508667,0.5960614085197449,0.5424855947494507,0.6575090885162354,1.0549907684326172
run_1789376009_gpu1_env0,80,1,,previous,0.7229234999977052,761,0.9836834172407786,0.9778720736503601,0.9894947608311971,0.9948217868804932,0.9708507061004639,0.9679437279701233,0.9912971258163452,0.9891121983528137,0.9880749583244324,0.5235644578933716,0.6549155712127686,0.6396999955177307,0.7798418998718262
run_1789376009_gpu1_env0,81,1,,previous,0.701394400006393,766,0.9851556122303009,0.9838072458902994,0.9865039785703024,0.9955456852912903,0.9777510762214661,0.9781249761581421,0.9908865094184875,0.9828380346298218,0.9857873916625977,0.5308730006217957,0.3516591489315033,0.6609008312225342,0.9278842210769653
run_1789376009_gpu1_env0,82,1,,previous,0.718400699988706,762,0.9867167671521505,0.9855661988258362,0.9878673354784647,0.993257462978363,0.9799635410308838,0.9834775924682617,0.9899268746376038,0.9861751198768616,0.987500011920929,0.5790466070175171,0.8595729470252991,0.5936609506607056,0.5567265748977661
run_1789376009_gpu1_env0,83,1,,previous,0.7136288000037894,756,0.9855464299519857,0.985172688961029,0.9859201709429423,0.9935988187789917,0.9815270900726318,0.9803921580314636,0.9900662302970886,0.9819555282592773,0.9857387542724609,0.5978184938430786,0.5196413397789001,0.6467338800430298,1.1653326749801636
run_1789376009_gpu1_env0,84,1,,previous,0.6976510000240523,756,0.9847475290298462,0.9796371459960938,0.9898579120635986,0.9923401474952698,0.9663341641426086,0.9802371263504028,0.9932180047035217,0.9882943034172058,0.9880614280700684,0.5863391757011414,0.7722776532173157,0.6112427115440369,0.6749268174171448
run_1789376009_gpu1_env0,85,1,,previous,0.7067087000177708,759,0.983196904261907,0.9784231583277384,0.9879706501960754,0.9934561252593994,0.9693941473960876,0.9724192023277283,0.992529034614563,0.9878508448600769,0.9835320711135864,0.5634018778800964,0.41306832432746887,0.593508243560791,0.8513383269309998
run_1789376009_gpu1_env0,86,1,,previous,0.6925276999827474,748,0.987411896387736,0.988040546576182,0.9867832461992899,0.9945734739303589,0.9830082058906555,0.9865399599075317,0.990481436252594,0.9823825359344482,0.9874857664108276,0.5771846771240234,0.6513203978538513,0.6329772472381592,0.8001526594161987
run_1789376009_gpu1_env0,87,1,,previous,0.6952365000033751,756,0.9813196162382761,0.9754919012387594,0.987147331237793,0.9949867725372314,0.970346987247467,0.9611419439315796,0.9911651015281677,0.9844733476638794,0.9858035445213318,0.5463186502456665,0.6019843220710754,0.6184472441673279,0.6452838182449341
run_1789376009_gpu1_env0,88,1,,previous,0.7118712000083178,750,0.9865241249402364,0.984129786491394,0.9889184633890787,0.9947267770767212,0.9790741801261902,0.9785884022712708,0.9922566413879395,0.9853126406669617,0.9891861081123352,0.5896560549736023,0.7295416593551636,0.6467868685722351,0.8430232405662537
run_1789376009_gpu1_env0,89,1,,previous,0.7674652999849059,753,0.9828583101431528,0.9793459971745809,0.9863706231117249,0.9938200116157532,0.9679897427558899,0.9762282371520996,0.991431713104248,0.9819251894950867,0.9857549667358398,0.51878821849823,1.0810083150863647,0.6427170038223267,1.178357720375061
run_1789376009_gpu1_env0,90,1,,previous,0.7302367000083905,750,0.9851029813289642,0.980675458908081,0.9895305037498474,0.9935789704322815,0.9689521193504333,0.9794952869415283,0.9932180047035217,0.9861751198768616,0.9891983866691589,0.5773478150367737,0.720364511013031,0.5706952810287476,0.7962302565574646
run_1789376009_gpu1_env0,91,1,,previous,0.7285719999927096,762,0.9818283518155416,0.9782346487045288,0.9854220549265543,0.9939765930175781,0.9660038352012634,0.9747235178947449,0.9915733933448792,0.981179416179657,0.983513355255127,0.5751400589942932,0.8127697706222534,0.5842585563659668,0.7143635749816895
run_1789376009_gpu1_env0,92,1,,previous,0.7059715999930631,755,0.9844862719376882,0.978862981001536,0.9901095628738403,0.9942452907562256,0.9677002429962158,0.9746434092521667,0.9919822812080383,0.9874476790428162,0.9908987283706665,0.5502551794052124,1.3208616971969604,0.6419812440872192,0.7808449268341064
run_1789376009_gpu1_env0,93,1,,previous,0.7031379999825731,756,0.9845567444960276,0.9776708881060282,0.991442600886027,0.9940285086631775,0.9650711417198181,0.9739130139350891,0.9932160973548889,0.9907872676849365,0.9903244376182556,0.56666499376297,1.5905317068099976,0.6595783829689026,0.9245039224624634
run_1789376009_gpu1_env0,94,1,,previous,0.697419300006004,756,0.9826439321041107,0.978364884853363,0.9869229793548584,0.9937441945075989,0.9706457853317261,0.9707046747207642,0.9911528825759888,0.986140251159668,0.9834758043289185,0.5977267622947693,0.7773286700248718,0.6841716170310974,1.3300154209136963
run_1789376009_gpu1_env0,95,1,,previous,0.7001083999930415,759,0.9821981489658356,0.9755086104075114,0.9888876875241598,0.9944035410881042,0.96484375,0.9672785401344299,0.990884006023407,0.9882648587226868,0.9875141978263855,0.5487968325614929,1.1793535947799683,0.6256332397460938,0.7778319120407104
run_1789376009_gpu1_env0,96,1,,previous,0.6933976000000257,743,0.98488716284434,0.9832518498102824,0.9865224758783976,0.9925785064697266,0.9763157963752747,0.980861246585846,0.9910159111022949,0.9827803373336792,0.9857711791992188,0.6202038526535034,0.6999750733375549,0.642323911190033,0.9675278067588806
run_1789376009_gpu1_env0,97,1,,previous,0.6846470999880694,762,0.9857242206732432,0.9823807080586752,0.9890677332878113,0.9941332936286926,0.9776315689086914,0.9753772616386414,0.9919800758361816,0.9865996837615967,0.9886234402656555,0.5879337191581726,0.9683364033699036,0.6108973622322083,0.837433934211731
run_1789376009_gpu1_env0,98,1,,previous,0.6910372999846004,753,0.9829654097557068,0.9788115819295248,0.9871192375818888,0.9937969446182251,0.9736147522926331,0.9690230488777161,0.9908915162086487,0.9840871095657349,0.986379086971283,0.5330098271369934,0.7475579977035522,0.6349692344665527,0.6644077301025391
run_1789376009_gpu1_env0,99,1,,previous,0.6744479000044521,758,0.9842338462670644,0.9808077017466227,0.9876599907875061,0.9939569234848022,0.9762219190597534,0.9722442626953125,0.9915710687637329,0.9844993948936462,0.9869095087051392,0.5328831672668457,1.2165966033935547,0.6137928366661072,0.7263158559799194
run_1789376009_gpu1_env0,100,1,,previous,0.716200700000627,760,0.9821694791316986,0.9798465768496195,0.9844923814137777,0.9937664270401001,0.9727574586868286,0.9730158448219299,0.9900607466697693,0.9811003804206848,0.9823160171508789,0.5455282330513,1.0943217277526855,0.6483797430992126,0.9954397678375244
run_1789376009_gpu1_env0,101,1,,previous,0.6929136000107974,759,0.9841847618420919,0.9804723262786865,0.9878971974054972,0.9933912754058838,0.9726484417915344,0.9753772616386414,0.9914340972900391,0.9836340546607971,0.9886234402656555,0.5362755060195923,1.3455209732055664,0.5986549854278564,0.7692310810089111
run_1789376009_gpu1_env0,102,1,,previous,0.6934706000029109,755,0.9810375173886617,0.9756266276041666,0.9864484071731567,0.9940488934516907,0.9686875343322754,0.9641434550285339,0.9888291358947754,0.9836065769195557,0.9869095087051392,0.5228360295295715,1.2602086067199707,0.6298015117645264,0.9634742736816406
run_1789376009_gpu1_env0,103,1,,previous,0.6871565000037663,752,0.9846997360388438,0.9798004229863485,0.9895990490913391,0.9935936331748962,0.97062748670578,0.9751801490783691,0.990749716758728,0.9882746934890747,0.9897727370262146,0.4790003001689911,1.4364044666290283,0.6271036267280579,0.7449358105659485
run_1789376009_gpu1_env0,104,1,,previous,0.6857709999894723,759,0.9841199914614359,0.9816156625747681,0.9866243203481039,0.9933935403823853,0.9785234928131104,0.9729299545288086,0.9906154870986938,0.984046995639801,0.9852104783058167,0.5400922298431396,0.6887024641036987,0.612277090549469,0.7332870960235596
run_1789376009_gpu1_env0,105,1,,previous,0.7062548999965657,754,0.9856764376163483,0.9826809763908386,0.9886718988418579,0.9949278235435486,0.9785522818565369,0.9745628237724304,0.9923896789550781,0.986140251159668,0.9874857664108276,0.5218177437782288,0.5623220205307007,0.6814384460449219,0.993472158908844
run_1789376009_gpu1_env0,106,1,,previous,0.6953748000087216,762,0.9840074181556702,0.9820890029271444,0.9859258333841959,0.9952152967453003,0.9812583923339844,0.9697933197021484,0.9910208582878113,0.9815126061439514,0.9852440357208252,0.5627646446228027,0.3140353262424469,0.6569536328315735,1.0063878297805786
run_1789376009_gpu1_env0,107,1,,previous,0.7167722999874968,756,0.9838889638582865,0.9842227101325989,0.9835552175839742,0.9937295317649841,0.981055498123169,0.9778831005096436,0.9874672889709473,0.9802438020706177,0.9829545617103577,0.613129198551178,0.4511079490184784,0.6020424365997314,0.8873521685600281
run_1789376009_gpu1_env0,108,1,,previous,0.6935720999899786,751,0.985010544459025,0.9806012113889059,0.9894198775291443,0.9942625164985657,0.9777477979660034,0.9697933197021484,0.9929372668266296,0.9878508448600769,0.9874715209007263,0.5571885108947754,0.4242849349975586,0.6801082491874695,1.1218702793121338
run_1789376009_gpu1_env0,109,1,,previous,0.6991281999798957,751,0.9862847228844961,0.983164926369985,0.9894045193990072,0.9939799904823303,0.9824561476707458,0.9730586409568787,0.990063488483429,0.989526629447937,0.9886234402656555,0.5472078323364258,0.3380412757396698,0.6732081770896912,0.8093922138214111
run_1789376009_gpu1_env0,110,1,,previous,0.69999480000115,753,0.9864736795425415,0.9840938051541647,0.9888535539309183,0.9939445853233337,0.9805238246917725,0.9778130054473877,0.9899268746376038,0.9874476790428162,0.9891861081123352,0.5905476212501526,0.6154849529266357,0.6804989576339722,1.0523908138275146
run_1789376009_gpu1_env0,111,1,,previous,0.6873431999993045,746,0.9839798510074615,0.9815975228945414,0.9863621791203817,0.9946520328521729,0.9786666631698608,0.9714738726615906,0.9907522201538086,0.9819706678390503,0.9863636493682861,0.5206131339073181,0.7569224238395691,0.6116743087768555,0.7088640928268433
run_1789376009_gpu1_env0,112,1,,previous,0.6881154000002425,754,0.9827542006969452,0.9800262053807577,0.9854821960131327,0.9941562414169312,0.9752177000045776,0.9707046747207642,0.9915710687637329,0.9819403886795044,0.9829351305961609,0.541840136051178,0.8280346989631653,0.702400267124176,1.2185252904891968
run_1789376009_gpu1_env0,113,1,,previous,0.6862988999928348,752,0.9839382072289785,0.9789877732594808,0.9888886411984762,0.9941566586494446,0.9752177000045776,0.9675889611244202,0.9897874593734741,0.9882550239562988,0.9886234402656555,0.5362249612808228,0.7246976494789124,0.7049418091773987,1.032492995262146
run_1789376009_gpu1_env0,114,1,,previous,0.6921766999876127,759,0.9850165049235026,0.9849673310915629,0.9850656787554423,0.9947595596313477,0.9839141964912415,0.9762282371520996,0.9911651015281677,0.9811162352561951,0.9829156994819641,0.5628998279571533,0.5814822316169739,0.6236568689346313,0.817570686340332
run_1789376009_gpu1_env0,115,1,,previous,0.6969760000065435,754,0.9857169389724731,0.9832483331362406,0.9881855448087057,0.994795024394989,0.9818913340568542,0.9730586409568787,0.9917104244232178,0.9836478233337402,0.9891983866691589,0.543024480342865,0.609093427658081,0.666877031326294,0.9082753658294678
run_1789376009_gpu1_env0,116,1,,previous,0.6837547000031918,752,0.9864010910193125,0.9843940933545431,0.988408088684082,0.9942278861999512,0.9819155931472778,0.9770388007164001,0.9922609329223633,0.9865996837615967,0.9863636493682861,0.5711551904678345,0.7743019461631775,0.6093974113464355,0.5315545797348022
run_1789376009_gpu1_env0,117,1,,previous,0.712006299989298,753,0.9828267693519592,0.9804015358289083,0.9852520028750101,0.9945464134216309,0.9760000109672546,0.9706581830978394,0.9902217388153076,0.9837160706520081,0.9818181991577148,0.5592455267906189,0.9017890095710754,0.6161006689071655,0.6898379325866699
run_1789376009_gpu1_env0,118,1,,previous,0.6738124999974389,749,0.985715925693512,0.983608623345693,0.9878232280413309,0.9941224455833435,0.9811320900917053,0.97557133436203,0.9925578832626343,0.985785961151123,0.9851258397102356,0.6026995182037354,0.6391903758049011,0.6469255089759827,0.8137322068214417
run_1789376009_gpu1_env0,119,1,,previous,0.6911873999924865,761,0.9853707750638326,0.9824608564376831,0.9882806936899821,0.9939808249473572,0.9811574816703796,0.9722442626953125,0.9916289448738098,0.9874581694602966,0.9857549667358398,0.6049663424491882,0.487787663936615,0.5875202417373657,0.49098628759384155
run_1789376009_gpu1_env0,120,1,,previous,0.702049999992596,763,0.9829775293668112,0.9820819099744161,0.9838731487592062,0.9946184754371643,0.9824086427688599,0.9692186117172241,0.9927207827568054,0.97826087474823,0.980637788772583,0.5748062133789062,0.46140074729919434,0.6080254316329956,0.8079403638839722
run_1789376009_gpu1_env0,121,1,,previous,0.6897384000185411,755,0.9852700432141622,0.9834631085395813,0.987076977888743,0.9938387870788574,0.9818670153617859,0.9746835231781006,0.9896429777145386,0.9840737581253052,0.9875141978263855,0.5833831429481506,0.7417770028114319,0.5989153981208801,0.7486042976379395
run_1789376009_gpu1_env0,122,1,,previous,0.6947446999838576,752,0.9864812890688578,0.9832499623298645,0.9897126158078512,0.9941924810409546,0.9824561476707458,0.9731012582778931,0.9939808249473572,0.9853495359420776,0.9898074865341187,0.6127462387084961,0.4432314932346344,0.6488428711891174,0.7702479362487793
run_1789376009_gpu1_env0,123,1,,previous,0.693787100026384,749,0.9862082103888193,0.9814786911010742,0.9909377296765646,0.994476318359375,0.9831876158714294,0.9667721390724182,0.993741512298584,0.9903966784477234,0.9886749982833862,0.5521934032440186,0.5602303147315979,0.6383097767829895,0.6129363179206848
run_1789376009_gpu1_env0,124,1,,previous,0.6856738000060432,744,0.9838527043660482,0.9796433647473654,0.9880620439847311,0.9939091801643372,0.9750841856002808,0.969936728477478,0.9906769394874573,0.9865996837615967,0.9869095087051392,0.543454110622406,0.6305604577064514,0.6822266578674316,0.8336869478225708
run_1789376009_gpu1_env0,125,1,,previous,0.6926127000187989,758,0.9864661892255148,0.9827578465143839,0.9901745319366455,0.9936622977256775,0.9790399074554443,0.97557133436203,0.9917933344841003,0.989544153213501,0.9891861081123352,0.6192241907119751,0.5051296949386597,0.6402223110198975,0.8011302947998047
run_1789376009_gpu1_env0,126,1,,previous,0.6848734999948647,764,0.9854800005753835,0.9812169472376505,0.9897430539131165,0.9939095973968506,0.9797570705413818,0.9699841737747192,0.9923847913742065,0.9899497628211975,0.9868946075439453,0.566143810749054,0.524140477180481,0.6520225405693054,0.84580397605896
run_1789376009_gpu1_env0,127,1,,previous,0.6851547000114806,753,0.9861234625180563,0.9828213055928549,0.9894256194432577,0.9944054484367371,0.9777177572250366,0.9763407111167908,0.991346001625061,0.9900662302970886,0.9868646264076233,0.5656746625900269,0.4673002064228058,0.6051468253135681,0.3986039161682129
run_1789376009_gpu1_env0,128,1,,previous,0.6940054000006057,755,0.9864822030067444,0.9836388031641642,0.9893256028493246,0.9942278861999512,0.9812332391738892,0.9754552841186523,0.9902245998382568,0.9879217147827148,0.989830493927002,0.5926793217658997,0.6142119765281677,0.6421352028846741,0.5035777688026428
run_1789376009_gpu1_env0,129,1,,previous,0.6942446000175551,747,0.987493246793747,0.9838747382164001,0.9911117553710938,0.9936977028846741,0.9824324250221252,0.9754940867424011,0.9930418729782104,0.9887920022010803,0.9915013909339905,0.6061239242553711,0.46224814653396606,0.6227654814720154,0.6864256858825684
run_1789376009_gpu1_env0,130,1,,previous,0.6821349999809172,756,0.9849577148755392,0.981291929880778,0.9886234998703003,0.9939441680908203,0.979180634021759,0.9707509875297546,0.9916861653327942,0.9865996837615967,0.98758465051651,0.5970634818077087,0.5914912819862366,0.6104918718338013,0.5120549201965332
run_1789376009_gpu1_env0,131,1,,previous,0.7028424000018276,756,0.9869988163312277,0.9831514159838358,0.9908462166786194,0.9939799904823303,0.9831422567367554,0.9723320007324219,0.9908517003059387,0.9913187026977539,0.9903682470321655,0.6457280516624451,0.41401463747024536,0.6479834318161011,0.6199198961257935
run_1789376009_gpu1_env0,132,1,,previous,0.6989883999922313,756,0.9845154086748759,0.980993370215098,0.9880374471346537,0.9938387870788574,0.9784366488456726,0.9707046747207642,0.9900636672973633,0.9875621795654297,0.9864864945411682,0.5864517092704773,0.4441135823726654,0.6161325573921204,0.6404136419296265
run_1789376009_gpu1_env0,133,1,,previous,0.7020423999929335,758,0.9846373399098715,0.9812951683998108,0.987979511419932,0.9945460557937622,0.9744966626167297,0.9748427867889404,0.9917877316474915,0.9891576170921326,0.9829931855201721,0.5918550491333008,0.7022078633308411,0.6051433086395264,0.6977351307868958
run_1789376009_gpu1_env0,134,1,,previous,0.6938832000014372,755,0.9864905178546906,0.9847654700279236,0.9882155656814575,0.9948655962944031,0.9831649661064148,0.9762658476829529,0.9921121597290039,0.9871741533279419,0.9853603839874268,0.5557301640510559,0.43700727820396423,0.6158443093299866,0.9851648211479187
run_1789376009_gpu1_env0,135,1,,previous,0.6950510000169743,752,0.9846189518769582,0.982892115910848,0.9863457878430685,0.9935553073883057,0.9812080264091492,0.9739130139350891,0.9915903806686401,0.985567033290863,0.9818799495697021,0.570396900177002,0.7538138628005981,0.6042512655258179,0.7833468317985535
run_1789376009_gpu1_env0,136,1,,previous,0.7002313999983016,749,0.9834177990754446,0.9810886979103088,0.9857469002405802,0.9944743514060974,0.9772727489471436,0.9715189933776855,0.9918103218078613,0.9876033067703247,0.9778270721435547,0.5207355618476868,0.9000514149665833,0.5975834131240845,0.5868416428565979
run_1789376009_gpu1_env0,137,1,,previous,0.6974717000266537,756,0.9847921828428904,0.9828851421674093,0.9866992235183716,0.9944050312042236,0.9811066389083862,0.9731437563896179,0.9925011992454529,0.9856144785881042,0.9819819927215576,0.5645116567611694,0.5814822316169739,0.6413079500198364,0.5524929165840149
run_1789376009_gpu1_env0,138,1,,previous,0.6870561999967322,751,0.9813869297504425,0.9810850421587626,0.9816888173421224,0.9938392639160156,0.9777177572250366,0.9716981053352356,0.9928452372550964,0.9774312973022461,0.9747899174690247,0.5594881176948547,0.6829963326454163,0.5510730743408203,0.27124202251434326
run_1789376009_gpu1_env0,139,1,,previous,0.6956822999927681,757,0.9851544201374054,0.9816461404164633,0.9886626998583475,0.9945471882820129,0.9805499911308289,0.9698412418365479,0.9924545884132385,0.9864476323127747,0.9870858788490295,0.5449138879776001,0.5980709791183472,0.6194107532501221,0.5424855947494507
run_1789376009_gpu1_env0,140,1,,previous,0.7009075999958441,757,0.9846893946329752,0.9822695851325989,0.9871092041333517,0.9937299489974976,0.9791246056556702,0.9739542007446289,0.9931291341781616,0.9873210787773132,0.9808773994445801,0.6043314933776855,0.6644077301025391,0.6461300849914551,0.4739525318145752
run_1789376009_gpu1_env0,141,1,,previous,0.7511525999871083,749,0.9862084984779358,0.9828089674313863,0.9896080295244852,0.9940162301063538,0.9804976582527161,0.9739130139350891,0.9945983290672302,0.9893180131912231,0.9849077463150024,0.5623535513877869,0.6495152711868286,0.5576604008674622,0.1312212347984314
run_1789376009_gpu1_env0,142,1,,previous,0.7143861000076868,762,0.9832678437232971,0.9827571908632914,0.9837784965833029,0.9939450025558472,0.9811828136444092,0.9731437563896179,0.991963803768158,0.9823408722877502,0.9770308136940002,0.5529624819755554,0.6458899974822998,0.620167076587677,0.738604724407196
run_1789376009_gpu1_env0,143,1,,previous,0.6854309999907855,754,0.9860244890054067,0.9833086530367533,0.9887403249740601,0.9948301315307617,0.9811828136444092,0.9739130139350891,0.9916191697120667,0.9881001114845276,0.9865016937255859,0.5712221264839172,0.5263757109642029,0.6119208931922913,0.5524929165840149
run_1789376009_gpu1_env0,144,1,,previous,0.7102328000182752,756,0.980351855357488,0.9805861910184225,0.9801175196965536,0.9934142827987671,0.9784075617790222,0.969936728477478,0.9928406476974487,0.980713963508606,0.966797947883606,0.597542941570282,0.4780632555484772,0.5968109369277954,0.3936643898487091
run_1789376009_gpu1_env0,145,1,,previous,0.6993772000132594,749,0.9831636051336924,0.9829510649045309,0.983376145362854,0.9943309426307678,0.9798387289047241,0.9746835231781006,0.9919565320014954,0.9845024347305298,0.9736694693565369,0.5515501499176025,0.5888388752937317,0.612898588180542,0.44499388337135315
run_1789376009_gpu1_env0,146,1,,previous,0.7057475000037812,755,0.9807949264844259,0.9824507633845011,0.9791390895843506,0.9935562014579773,0.9791526794433594,0.9746434092521667,0.992514967918396,0.9775967597961426,0.9673055410385132,0.591088593006134,0.6154849529266357,0.5776927471160889,0.4261256754398346
run_1789376009_gpu1_env0,147,1,,previous,0.6777051000099164,764,0.9846765299638113,0.9817531903584799,0.9875998695691427,0.9933416247367859,0.9764626622200012,0.9754552841186523,0.9948219656944275,0.9894223213195801,0.9785553216934204,0.5487451553344727,0.7753121852874756,0.580405592918396,0.463094025850296
run_1789376009_gpu1_env0,148,1,,previous,0.6837083999998868,759,0.9833597640196482,0.9823583960533142,0.9843611319859823,0.9940508008003235,0.9791526794433594,0.9738717079162598,0.9933333396911621,0.9866558909416199,0.9730941653251648,0.5554245114326477,0.6452838182449341,0.612708330154419,0.29341986775398254
run_1789376009_gpu1_env0,149,1,,previous,0.6746714999899268,747,0.9857334494590759,0.9817364811897278,0.9897304177284241,0.9946535229682922,0.9837837815284729,0.9667721390724182,0.991601824760437,0.9910423159599304,0.9865471124649048,0.557258665561676,0.558831512928009,0.5712986588478088,0.3403487503528595
run_1789376009_gpu1_env0,150,1,,previous,0.666981799993664,753,0.987075557311376,0.9842701554298401,0.9898809591929117,0.9948304891586304,0.9824086427688599,0.97557133436203,0.993431031703949,0.9885714054107666,0.9876404404640198,0.5876440405845642,0.376385360956192,0.6443411707878113,0.6192882657051086
run_1789376009_gpu1_env0,151,1,,previous,0.7031454000098165,762,0.9842591981093088,0.9831118186314901,0.9854065775871277,0.9950791597366333,0.9817936420440674,0.9724626541137695,0.9937357306480408,0.9821138381958008,0.9803701639175415,0.5709030032157898,0.3426406979560852,0.5545592904090881,0.19382666051387787
run_1789376009_gpu1_env0,152,1,,previous,0.700809300004039,755,0.985697994629542,0.9828815658887228,0.9885144233703613,0.9945113658905029,0.9824798107147217,0.9716535210609436,0.9915719032287598,0.987484872341156,0.9864864945411682,0.6106613874435425,0.4261256754398346,0.5819512605667114,0.5961047410964966
run_1789376009_gpu1_env0,153,1,,previous,0.6864537000074051,747,0.9827687243620554,0.9817992846171061,0.9837381641070048,0.9940853714942932,0.9790682196617126,0.9722442626953125,0.9934261441230774,0.983660101890564,0.974128246307373,0.6279023885726929,0.5271186828613281,0.6329650282859802,1.0294561386108398
run_1789376009_gpu1_env0,154,1,,previous,0.718543499999214,751,0.9863895177841187,0.9860922892888387,0.9866867462793986,0.9951143264770508,0.9845741391181946,0.9785884022712708,0.9923824071884155,0.9862903356552124,0.9813874959945679,0.5681710243225098,0.1678587943315506,0.6074589490890503,0.23573395609855652
run_1789376009_gpu1_env0,155,1,,previous,0.732892100000754,765,0.9850868582725525,0.9829169114430746,0.9872568051020304,0.9936622977256775,0.9804450273513794,0.9746434092521667,0.993511974811554,0.9879324436187744,0.9803259968757629,0.5933969616889954,0.305187463760376,0.6080843210220337,0.16551098227500916
run_1789376009_gpu1_env0,156,1,,previous,0.7233879999839701,756,0.9836386541525522,0.9829738934834799,0.9843034148216248,0.9941924810409546,0.9832102060317993,0.9715189933776855,0.9918563961982727,0.9841784834861755,0.976875364780426,0.5581964254379272,0.474777489900589,0.5797656774520874,0.33102232217788696
run_1789376009_gpu1_env0,157,1,,previous,0.7059696999785956,763,0.9859172999858856,0.9839310844739279,0.9879035154978434,0.9945468306541443,0.9832102060317993,0.9740362167358398,0.9937842488288879,0.9862459301948547,0.9836803674697876,0.5962874889373779,0.4821389615535736,0.6449496746063232,0.32625916600227356
run_1789376009_gpu1_env0,158,1,,previous,0.8356969000014942,761,0.9853439827760061,0.9802021384239197,0.9904858271280924,0.9940124154090881,0.9759358167648315,0.9706581830978394,0.9935006499290466,0.9886731505393982,0.9892836809158325,0.5815169215202332,0.8327475786209106,0.6478620767593384,0.40830376744270325
run_1789376009_gpu1_env0,159,1,,previous,0.8908294000138994,755,0.9810929894447327,0.9781611959139506,0.9840247829755148,0.9940482378005981,0.9713141918182373,0.9691211581230164,0.9916489124298096,0.986268162727356,0.9741572737693787,0.5428138971328735,1.1869616508483887,0.576610803604126,0.39266902208328247
run_1789376009_gpu1_env0,160,1,,previous,0.9240832000214141,758,0.9822584291299185,0.9797643621762594,0.9847524960835775,0.9936959147453308,0.9725385308265686,0.9730586409568787,0.990441083908081,0.9829821586608887,0.9808342456817627,0.5444120764732361,0.8978747129440308,0.5855571031570435,0.34149664640426636
run_1789376009_gpu1_env0,161,1,,previous,0.7466912000090815,757,0.9857205053170522,0.981702983379364,0.9897380272547404,0.9942637085914612,0.9792364239692688,0.9716088175773621,0.9944453835487366,0.989558219909668,0.9852104783058167,0.5628993511199951,0.7295416593551636,0.6200459599494934,0.35936465859413147
run_1789376009_gpu1_env0,162,1,,previous,0.7172717000066768,752,0.9854619403680166,0.9837562243143717,0.9871676564216614,0.993732213973999,0.9804976582527161,0.9770388007164001,0.991523265838623,0.9834477305412292,0.9865319728851318,0.6022828221321106,0.5706123113632202,0.6712091565132141,0.9646921753883362
run_1789376009_gpu1_env0,163,1,,previous,0.8180991999979597,756,0.9854322274525961,0.984757125377655,0.986107329527537,0.9941562414169312,0.983849287033081,0.9762658476829529,0.9943215250968933,0.987864077091217,0.9761363863945007,0.5463265776634216,0.5233933329582214,0.6429187655448914,0.9561347961425781
run_1789376009_gpu1_env0,164,1,,previous,0.919608900003368,763,0.9838895400365194,0.9806224902470907,0.9871565898259481,0.9939445853233337,0.976494312286377,0.9714285731315613,0.9928768873214722,0.9883111715316772,0.9802817106246948,0.567649781703949,0.5051296949386597,0.5605087280273438,0.6116580367088318
run_1789376009_gpu1_env0,165,1,,previous,0.8188118000107352,749,0.9811972280343374,0.9797218243281046,0.9826726317405701,0.994157075881958,0.9757412672042847,0.9692671298980713,0.9925373196601868,0.9866774082183838,0.9688031673431396,0.5585480332374573,0.5503637790679932,0.6321408748626709,0.9610341191291809
run_1789376009_gpu1_env0,166,1,,previous,0.7566955999936908,749,0.9824657042821249,0.9826160669326782,0.9823153416315714,0.9943333864212036,0.9811828136444092,0.9723320007324219,0.9893460273742676,0.9894906878471375,0.9681093096733093,0.538345992565155,0.6293179392814636,0.6297325491905212,1.0199077129364014
run_1789376009_gpu1_env0,167,1,,previous,0.7654475999879651,752,0.9826373755931854,0.981926163037618,0.9833485881487528,0.9938737750053406,0.9771811962127686,0.9747235178947449,0.9926995635032654,0.9850142002105713,0.9723320007324219,0.5694224834442139,0.6726034283638,0.6122505068778992,0.7165516018867493
run_1789376009_gpu1_env0,168,1,,previous,0.7294579000154044,758,0.9836759368578593,0.9818799098332723,0.9854719638824463,0.9940149784088135,0.9785234928131104,0.9731012582778931,0.9912945628166199,0.9815705418586731,0.9835507869720459,0.5881046652793884,0.7110690474510193,0.6422085762023926,0.5344913601875305
run_1789376009_gpu1_env0,169,1,,previous,0.7472202999924775,759,0.9838953912258148,0.982487420241038,0.9853033622105917,0.993626058101654,0.9791526794433594,0.9746835231781006,0.9910039305686951,0.9875050187110901,0.9774011373519897,0.556109607219696,0.7027649879455566,0.5930700302124023,0.7016503214836121
run_1789376009_gpu1_env0,170,1,,previous,0.7527641000051517,747,0.9832530121008555,0.9814985990524292,0.9850074251492819,0.9939795732498169,0.9798115491867065,0.9707046747207642,0.9911630153656006,0.9850383996963501,0.9788208603858948,0.5482058525085449,0.5623220205307007,0.5587900876998901,0.4965343773365021
run_1789376009_gpu1_env0,171,1,,previous,0.7648444999940693,759,0.9826935529708862,0.9819209774335226,0.9834661285082499,0.9939415454864502,0.9778671860694885,0.9739542007446289,0.9932602047920227,0.9890288710594177,0.9681093096733093,0.5669143795967102,0.8137322068214417,0.5520424246788025,0.5888388752937317
run_1789376009_gpu1_env0,172,1,,previous,0.9727445000025909,761,0.9857825338840485,0.9830506642659506,0.9885144035021464,0.9946523904800415,0.9806278944015503,0.9738717079162598,0.9920486211776733,0.9854604005813599,0.988034188747406,0.5901418328285217,0.7121688723564148,0.5491114258766174,0.40926113724708557
run_1789376009_gpu1_env0,173,1,,previous,0.9123944000166375,758,0.983417679866155,0.9825533429781595,0.9842820167541504,0.9945105910301208,0.9792364239692688,0.9739130139350891,0.9931162595748901,0.987189769744873,0.972540020942688,0.5840514898300171,0.6199198961257935,0.5599997639656067,0.2783624827861786
run_1789376009_gpu1_env0,174,1,,previous,0.9615521999949124,756,0.9845273296038309,0.9819277127583822,0.9871269464492798,0.9948264360427856,0.9785810112953186,0.9723756909370422,0.9952293038368225,0.9907370209693909,0.975414514541626,0.5616809725761414,0.7548515200614929,0.6254769563674927,0.3516591489315033
run_1789376009_gpu1_env0,175,1,,previous,0.943319000012707,762,0.9817816118399302,0.9794723788897196,0.9840908447901408,0.9938007593154907,0.9778968691825867,0.9667195081710815,0.9939579367637634,0.9862348437309265,0.9720797538757324,0.5755845904350281,0.6458899974822998,0.5969555377960205,0.9524439573287964
run_1789376009_gpu1_env0,176,1,,previous,0.9780054000148084,751,0.9810003141562144,0.9801574150721232,0.9818432132403055,0.9939782619476318,0.9765572547912598,0.969936728477478,0.9912474155426025,0.9764035940170288,0.9778786301612854,0.6044186949729919,0.7793399095535278,0.6093116998672485,0.9462602734565735
run_1789376009_gpu1_env0,177,1,,previous,1.045910199987702,758,0.984080026547114,0.9802124897638956,0.9879475633303324,0.9934849739074707,0.976494312286377,0.9706581830978394,0.9919562935829163,0.9855538010597229,0.9863325953483582,0.5849446654319763,0.8127697706222534,0.5474221110343933,0.3189810812473297
run_1789376009_gpu1_env0,178,1,,previous,1.0139597999805119,755,0.9845645328362783,0.9849536021550497,0.984175463517507,0.994192898273468,0.9851351380348206,0.9755327701568604,0.9932764172554016,0.9837793707847595,0.9754706025123596,0.5750517249107361,0.44146209955215454,0.5430049300193787,0.8904340863227844
run_1789376009_gpu1_env0,179,1,,previous,0.9684762999822851,761,0.9856022993723551,0.9829634428024292,0.9882411559422811,0.9934845566749573,0.9830737709999084,0.9723320007324219,0.9931522607803345,0.9887730479240417,0.982798159122467,0.6005993485450745,0.5173771381378174,0.6108933687210083,0.4387946128845215
run_1789376009_gpu1_env0,180,1,,previous,0.9781468999863137,761,0.9829835693041483,0.9831707874933878,0.9827963511149088,0.9941566586494446,0.979784369468689,0.97557133436203,0.9919832348823547,0.9846153855323792,0.9717904329299927,0.5716126561164856,0.695487916469574,0.6006321310997009,0.826615571975708
run_1789376009_gpu1_env0,181,1,,previous,0.9473753999918699,756,0.9836405217647552,0.984440545241038,0.9828404982884725,0.993766725063324,0.9824798107147217,0.9770750999450684,0.9932775497436523,0.9850262999534607,0.9702176451683044,0.5906282663345337,0.47724395990371704,0.6105169057846069,0.7391343712806702
run_1789376009_gpu1_env0,182,1,,previous,1.048229900014121,759,0.98373943567276,0.9837932189305624,0.9836856524149576,0.9931309223175049,0.9803656339645386,0.9778831005096436,0.9909681081771851,0.9807074069976807,0.9793814420700073,0.6356667280197144,0.6218108534812927,0.595485508441925,0.524140477180481
run_1789376009_gpu1_env0,183,1,,previous,0.9512004999851342,755,0.9834410349527994,0.9792242248853048,0.9876578450202942,0.994473934173584,0.9732620120048523,0.969936728477478,0.9933045506477356,0.9919419884681702,0.9777269959449768,0.5440405607223511,0.7176430225372314,0.6232457160949707,0.5286014080047607
run_1789376009_gpu1_env0,184,1,,previous,0.9640445999975782,766,0.9866692225138346,0.9830652475357056,0.9902731974919637,0.9946878552436829,0.979784369468689,0.9747235178947449,0.9948702454566956,0.9890997409820557,0.9868496060371399,0.5841483473777771,0.6230683326721191,0.581781268119812,0.4829499423503876
run_1789376009_gpu1_env0,185,1,,previous,0.9240750999888405,758,0.9828212161858877,0.9803742369016012,0.9852681954701742,0.993797242641449,0.975806474685669,0.9715189933776855,0.9950226545333862,0.9882733225822449,0.9725086092948914,0.5608527064323425,0.6471007466316223,0.5778396129608154,0.6783969402313232
run_1789376009_gpu1_env0,186,1,,previous,0.9331652999971993,757,0.9843626519044241,0.9813421765963236,0.9873831272125244,0.993732213973999,0.977150559425354,0.9731437563896179,0.9920840263366699,0.9895161390304565,0.9805492162704468,0.5747331380844116,0.6999750733375549,0.5993995666503906,0.8194831609725952
run_1789376009_gpu1_env0,187,1,,previous,0.761980199982645,762,0.9859139919281006,0.9838422536849976,0.9879857301712036,0.9940153956413269,0.9812080264091492,0.9763033390045166,0.9921481609344482,0.987864077091217,0.9839449524879456,0.5892523527145386,0.5595313310623169,0.5471228361129761,0.7165516018867493
run_1789376009_gpu1_env0,188,1,,previous,0.7449094000039622,752,0.9862197041511536,0.9836839040120443,0.9887555042902628,0.9945815205574036,0.9818670153617859,0.9746031761169434,0.9915655255317688,0.9919028282165527,0.982798159122467,0.583927571773529,0.25487783551216125,0.585281252861023,0.6561095714569092
run_1789376009_gpu1_env0,189,1,,previous,0.7473360000003595,759,0.9861531754334768,0.9820887247721354,0.9902176260948181,0.9944385290145874,0.9779559373855591,0.9738717079162598,0.9925246238708496,0.9918897151947021,0.9862385392189026,0.5632157325744629,0.6807004809379578,0.557934582233429,0.6013339161872864
run_1789376009_gpu1_env0,190,1,,previous,0.7152119999809656,758,0.9851907591025034,0.9818291068077087,0.9885524113972982,0.9941924810409546,0.9804976582527161,0.9707971811294556,0.9933273792266846,0.9906995296478271,0.9816303253173828,0.5973266959190369,0.5248866677284241,0.6215564012527466,0.5315545797348022
run_1789376009_gpu1_env0,191,1,,previous,0.7309167999774218,765,0.985560824473699,0.9815184871355692,0.9896031618118286,0.9946516156196594,0.9799196720123291,0.9699841737747192,0.993178129196167,0.9911218881607056,0.9845094680786133,0.590901792049408,0.5814822316169739,0.6105254888534546,0.18130823969841003
run_1789376009_gpu1_env0,192,1,,previous,0.6977941000077408,759,0.9854069153467814,0.9820002714792887,0.988813559214274,0.9943325519561768,0.9786096215248108,0.9730586409568787,0.991615355014801,0.9874544739723206,0.9873708486557007,0.5726969838142395,0.8011302947998047,0.5805355310440063,0.6977351307868958
run_1789376009_gpu1_env0,193,1,,previous,0.7008862000075169,762,0.9862650732199351,0.9831720391909281,0.989358107248942,0.9940508008003235,0.9791246056556702,0.9763407111167908,0.9933353066444397,0.9890820980072021,0.9856569170951843,0.5462546348571777,0.4405747354030609,0.5810033679008484,0.2866736650466919
run_1789376009_gpu1_env0,194,1,,previous,0.7474227999919094,758,0.9864536225795746,0.982499897480011,0.9904073476791382,0.9946177005767822,0.9805499911308289,0.9723320007324219,0.9932577610015869,0.9911146759986877,0.9868496060371399,0.5347821116447449,0.5595313310623169,0.5796470046043396,0.3679734468460083
run_1789376009_gpu1_env0,195,1,,previous,0.680638399993768,764,0.9823131263256073,0.9828438957532247,0.9817823568979899,0.9940495491027832,0.9798387289047241,0.9746434092521667,0.9904285073280334,0.9841784834861755,0.9707400798797607,0.6159563660621643,0.6186559796333313,0.5688470005989075,0.5293412804603577
run_1789376009_gpu1_env0,196,1,,previous,0.6999056999920867,750,0.9844088355700175,0.981724222501119,0.987093448638916,0.9942596554756165,0.9785810112953186,0.9723320007324219,0.991911768913269,0.9858927726745605,0.9834758043289185,0.5602231025695801,0.789814829826355,0.5682523846626282,0.29870715737342834
run_1789376009_gpu1_env0,197,1,,previous,0.7158473000163212,757,0.9813892145951589,0.9834526777267456,0.9793257514635721,0.9944412708282471,0.9812332391738892,0.9746835231781006,0.9928268194198608,0.9777777791023254,0.9673726558685303,0.5591916441917419,0.6943616271018982,0.5886920094490051,0.7083117961883545
run_1789376009_gpu1_env0,198,1,,previous,0.6846172999939881,761,0.9796077211697897,0.9811724821726481,0.9780429601669312,0.9938392639160156,0.975806474685669,0.9738717079162598,0.9937326908111572,0.9753932952880859,0.9650028944015503,0.5605978965759277,0.6644077301025391,0.5724292993545532,0.39762094616889954
run_1789376009_gpu1_env0,199,1,,previous,0.7004116000025533,754,0.9843849241733551,0.9846949974695841,0.9840748508771261,0.993803858757019,0.982503354549408,0.9777777791023254,0.9933525919914246,0.9829821586608887,0.9758898019790649,0.6023359298706055,0.41871416568756104,0.5932715535163879,0.5293412804603577
run_1789376009_gpu1_env0,200,1,,previous,0.679525100014871,767,0.9828788141409556,0.9839059114456177,0.9818517168362936,0.993732213973999,0.9817196726799011,0.9762658476829529,0.9926996827125549,0.985708475112915,0.9671469926834106,0.5777896046638489,0.4739525318145752,0.5392723083496094,0.7143635749816895
run_1789376009_gpu1_env0,201,1,,previous,0.7268351000093389,762,0.985053171714147,0.9821103612581888,0.987995982170105,0.9943333864212036,0.9805238246917725,0.9714738726615906,0.9948171973228455,0.9894136786460876,0.9797570705413818,0.5376049876213074,0.6367365717887878,0.6353487968444824,0.6268256306648254
run_1789376009_gpu1_env0,202,1,,previous,0.6880961999995634,764,0.9817699790000916,0.9800104896227518,0.9835294683774313,0.9938034415245056,0.9770580530166626,0.9691699743270874,0.9938176274299622,0.9890288710594177,0.9677419066429138,0.5863485336303711,0.41306832432746887,0.5642495155334473,0.3835945427417755
run_1789376009_gpu1_env0,203,1,,previous,0.7165190999803599,762,0.983637660741806,0.9808311661084493,0.9864441553751627,0.9942991733551025,0.9750505685806274,0.9731437563896179,0.9938905835151672,0.9856380820274353,0.9798038005828857,0.5748149752616882,0.6293179392814636,0.5519660115242004,0.3626169264316559
run_1789376009_gpu1_env0,204,1,,previous,0.6924039000004996,760,0.9853803118069967,0.982393483320872,0.9883671402931213,0.9943341612815857,0.9806020259857178,0.9722442626953125,0.993560791015625,0.9905388951301575,0.9810017347335815,0.6215794682502747,0.5921525359153748,0.5637338757514954,0.5616256594657898
run_1789376009_gpu1_env0,205,1,,previous,0.7129841999849305,756,0.9818772474924723,0.9833206931749979,0.9804338018099467,0.9939441680908203,0.9805238246917725,0.9754940867424011,0.9922197461128235,0.9802955389022827,0.9687861204147339,0.6069918274879456,0.6355061531066895,0.5779395699501038,0.5359537601470947
run_1789376009_gpu1_env0,206,1,,previous,0.7067525999736972,757,0.9832750856876373,0.9817671775817871,0.9847829937934875,0.9938012361526489,0.9791246056556702,0.9723756909370422,0.9949768781661987,0.9854590892791748,0.9739130139350891,0.6031990051269531,0.6268256306648254,0.5681177377700806,0.8961296081542969
run_1789376009_gpu1_env0,207,1,,previous,0.7059921000036411,758,0.9846357901891073,0.9818873802820841,0.9873842000961304,0.9942629337310791,0.9806020259857178,0.9707971811294556,0.993066132068634,0.9912827014923096,0.9778037667274475,0.5975178480148315,0.7600182890892029,0.6233521103858948,0.8132511377334595
run_1789376009_gpu1_env0,208,1,,previous,0.6964240999950562,752,0.9826244711875916,0.9821093479792277,0.9831395943959554,0.9942283034324646,0.9798115491867065,0.972288191318512,0.9927341938018799,0.9887920022010803,0.967892587184906,0.5721549987792969,0.5719823241233826,0.5827402472496033,0.8917517066001892
run_1789376009_gpu1_env0,209,1,,previous,0.6908129999937955,757,0.9820789794127146,0.982332448164622,0.9818255106608073,0.9939450025558472,0.979180634021759,0.9738717079162598,0.9935976266860962,0.9895703196525574,0.9623085856437683,0.5898959636688232,0.6404136419296265,0.5684074759483337,0.43968555331230164
run_1789376009_gpu1_env0,210,1,,previous,0.7041729999764357,762,0.9829828441143036,0.9831621050834656,0.9828035831451416,0.9944755434989929,0.9818670153617859,0.9731437563896179,0.9918854832649231,0.989544153213501,0.9669811129570007,0.570629894733429,0.5671727061271667,0.5271852612495422,0.7044336199760437
run_1789376009_gpu1_env0,211,1,,previous,0.692877800000133,753,0.9810307721296946,0.9791882236798605,0.9828733205795288,0.9939095973968506,0.9751511216163635,0.9685039520263672,0.9932860136032104,0.9907949566841125,0.9645389914512634,0.5891669988632202,0.7268545031547546,0.5277363657951355,0.4829499423503876
run_1789376009_gpu1_env0,212,1,,previous,0.6946025999786798,749,0.9808889826138815,0.9836896061897278,0.978088359038035,0.9945098161697388,0.9819155931472778,0.9746434092521667,0.9928490519523621,0.9810844659805298,0.9603315591812134,0.5409894585609436,0.6966124176979065,0.49190810322761536,0.5767518281936646
run_1789376009_gpu1_env0,213,1,,previous,0.682779800001299,755,0.9804613888263702,0.9786231716473898,0.9822996060053507,0.9934840798377991,0.9731183052062988,0.9692671298980713,0.9948890805244446,0.989924430847168,0.9620853066444397,0.5810501575469971,0.7702479362487793,0.5825080275535583,0.5181329250335693
run_1789376009_gpu1_env0,214,1,,previous,0.7350118000176735,757,0.9818911651770273,0.9825939933458964,0.9811883370081583,0.9948999881744385,0.9805499911308289,0.9723320007324219,0.9954020380973816,0.9902994632720947,0.9578635096549988,0.5750377774238586,0.5446454882621765,0.5325981974601746,0.4861803948879242
run_1789376009_gpu1_env0,215,1,,previous,0.6834314999869093,759,0.9823226730028788,0.9810316363970438,0.9836137096087137,0.9938379526138306,0.9785522818565369,0.9707046747207642,0.9935181140899658,0.9932942390441895,0.9640287756919861,0.5864237546920776,0.7433580756187439,0.5409654974937439,0.4647810459136963
run_1789376009_gpu1_env0,216,1,,previous,0.7240928999963216,751,0.9847731590270996,0.9826579491297404,0.9868883689244589,0.9945468306541443,0.9818181991577148,0.9716088175773621,0.9967995882034302,0.9936628937721252,0.970202624797821,0.5722686052322388,0.5020211338996887,0.5147566199302673,0.7763210535049438
run_1789376009_gpu1_env0,217,1,,previous,0.6770279000047594,757,0.9844337503115336,0.9845754702885946,0.9842920303344727,0.9949712753295898,0.9825268983840942,0.9762282371520996,0.9949126839637756,0.991993248462677,0.9659701585769653,0.579338788986206,0.35936465859413147,0.5793682336807251,0.9989719390869141
run_1789376009_gpu1_env0,218,1,,previous,0.7107136999838986,755,0.9794136186440786,0.9786538084348043,0.9801734288533529,0.9941554069519043,0.9726848602294922,0.9691211581230164,0.9924168586730957,0.9903401732444763,0.9577632546424866,0.536699116230011,1.1218702793121338,0.5262203812599182,0.43700727820396423
run_1789376009_gpu1_env0,219,1,,previous,0.6863278999808244,743,0.9829404453436533,0.9834470152854919,0.9824338754018148,0.994369626045227,0.9812080264091492,0.9747633934020996,0.9938830733299255,0.9890480041503906,0.9643705487251282,0.5644250512123108,0.6428533792495728,0.5274097919464111,0.7962302565574646
run_1789376009_gpu1_env0,220,1,,previous,0.7251219000027049,762,0.982175221045812,0.9812240997950236,0.9831263422966003,0.9935888051986694,0.9786096215248108,0.9714738726615906,0.9945535659790039,0.9898819327354431,0.964943528175354,0.6429176330566406,0.6887024641036987,0.6012571454048157,0.8740208745002747
run_1789376009_gpu1_env0,221,1,,previous,0.6802682999987155,760,0.9821269810199738,0.9818221926689148,0.9824317693710327,0.9940140843391418,0.9784366488456726,0.9730158448219299,0.9936383366584778,0.9886220097541809,0.9650349617004395,0.5930871367454529,0.6129363179206848,0.6023975610733032,1.2835944890975952
run_1789376009_gpu1_env0,222,1,,previous,0.6920785999973305,750,0.9831347366174062,0.9833425879478455,0.9829268852869669,0.9940486550331116,0.9805238246917725,0.9754552841186523,0.994369626045227,0.991150438785553,0.9632605910301208,0.5621276497840881,0.6818494200706482,0.6408220529556274,1.2583439350128174
run_1789376009_gpu1_env0,223,1,,previous,0.7165657999867108,752,0.9799530307451884,0.9798559745152792,0.9800500869750977,0.9942983388900757,0.9745649099349976,0.9707046747207642,0.9949797987937927,0.9882055521011353,0.956964910030365,0.5445042848587036,0.7465102076530457,0.6189661622047424,1.2701078653335571
run_1789376009_gpu1_env0,224,1,,previous,0.7037889999919571,735,0.9791519641876221,0.9798673192660013,0.9784366091092428,0.9942983388900757,0.9745989441871643,0.9707046747207642,0.9924719929695129,0.979009211063385,0.9638286232948303,0.5409345030784607,0.8978747129440308,0.5992315411567688,1.1446629762649536
run_1789376009_gpu1_env0,225,1,,previous,0.6705523999989964,742,0.9801546931266785,0.9794565240542094,0.9808528621991476,0.9935897588729858,0.9765258431434631,0.9682539701461792,0.9944304823875427,0.9861169457435608,0.9620111584663391,0.5998952984809875,0.474777489900589,0.5765730738639832,1.0486652851104736
run_1789376009_gpu1_env0,226,1,,previous,0.6869380999996793,755,0.9784246484438578,0.9796358744303385,0.9772134224573771,0.9942979216575623,0.9784946441650391,0.9661150574684143,0.9913808703422546,0.9835927486419678,0.9566666483879089,0.6047239303588867,0.5395923256874084,0.5559483170509338,1.0773818492889404
run_1789376009_gpu1_env0,227,1,,previous,0.7031042000162415,760,0.9818747738997141,0.9814144372940063,0.982335110505422,0.9941558241844177,0.9785234928131104,0.971563994884491,0.9920421242713928,0.9853003025054932,0.9696629047393799,0.5928263664245605,0.6638184785842896,0.6078959107398987,1.2159531116485596
run_1789376009_gpu1_env0,228,1,,previous,0.6900711000198498,758,0.9821926156679789,0.983016828695933,0.9813684026400248,0.9939799904823303,0.9811574816703796,0.9739130139350891,0.993694543838501,0.9874476790428162,0.9629629850387573,0.5943684577941895,0.5135811567306519,0.5488464832305908,0.49732187390327454
run_1789376009_gpu1_env0,229,1,,previous,0.6971532999887131,749,0.9831680158774058,0.9822879036267599,0.9840481281280518,0.9936968088150024,0.9785234928131104,0.9746434092521667,0.994369626045227,0.9915966391563416,0.9661781191825867,0.5588146448135376,0.6960504055023193,0.5821579694747925,0.6410244703292847
run_1789376009_gpu1_env0,230,1,,previous,0.6876301000011154,745,0.9814432362715403,0.9793319702148438,0.9835545023282369,0.994473934173584,0.9752177000045776,0.9683042764663696,0.9943045973777771,0.9903725385665894,0.9659863710403442,0.5656550526618958,0.8677294850349426,0.580824077129364,0.4387946128845215
run_1789376009_gpu1_env0,231,1,,previous,0.7098387999867555,742,0.9829799830913544,0.9812036355336508,0.984756330649058,0.9940499663352966,0.9772727489471436,0.972288191318512,0.992290735244751,0.9916247725486755,0.9703534841537476,0.5182297825813293,0.8132511377334595,0.6088589429855347,0.7165516018867493
run_1789376009_gpu1_env0,232,1,,previous,0.7125370999856386,738,0.9812373717625936,0.9814670284589132,0.981007715066274,0.9942274689674377,0.9786096215248108,0.971563994884491,0.9945522546768188,0.991603672504425,0.9568672180175781,0.5675075650215149,0.8793776631355286,0.5440489649772644,0.5602303147315979
run_1789376009_gpu1_env0,233,1,,previous,0.7028409999911673,751,0.98161780834198,0.9810284574826559,0.9822071592013041,0.9946886301040649,0.9798927903175354,0.9685039520263672,0.9929633736610413,0.9920535087585449,0.9616045951843262,0.5999495387077332,0.6019843220710754,0.566818118095398,0.524140477180481
run_1789376009_gpu1_env0,234,1,,previous,0.683147400006419,747,0.9819791714350382,0.9807453552881876,0.9832129875818888,0.9935199022293091,0.9772422909736633,0.9714738726615906,0.9935120344161987,0.9890939593315125,0.9670329689979553,0.5842821002006531,0.9130027890205383,0.6091486215591431,0.9565439820289612
run_1789376009_gpu1_env0,235,1,,previous,0.7127069999987725,741,0.9820661743481954,0.9832045237223307,0.9809278249740601,0.9936968088150024,0.9812332391738892,0.9746835231781006,0.9937599301338196,0.9882845282554626,0.960739016532898,0.6014145016670227,0.7912999391555786,0.6020698547363281,0.7176430225372314
run_1789376009_gpu1_env0,236,1,,previous,0.6882676999957766,747,0.9810923337936401,0.9783611297607422,0.9838235378265381,0.9939091801643372,0.9712374806404114,0.969936728477478,0.9930849075317383,0.9886887073516846,0.9696969985961914,0.544593334197998,0.8895546197891235,0.5524960160255432,0.8855862021446228
run_1789376009_gpu1_env0,237,1,,previous,0.7054592000204138,745,0.9831896126270294,0.9836099545160929,0.9827692707379659,0.9942637085914612,0.9818426370620728,0.9747235178947449,0.9935176372528076,0.9916107654571533,0.9631794095039368,0.5652713775634766,0.6818494200706482,0.5593109130859375,0.5128186345100403
run_1789376009_gpu1_env0,238,1,,previous,0.6791232999821659,753,0.9828879336516062,0.9819361170132955,0.983839750289917,0.9936251044273376,0.9791246056556702,0.9730586409568787,0.992903470993042,0.9920468926429749,0.9665688872337341,0.6237813830375671,0.7263158559799194,0.47868624329566956,0.3516591489315033
run_1789376009_gpu1_env0,239,1,,previous,0.7119379000214394,743,0.9838228126366934,0.9833676616350809,0.9842779636383057,0.994404673576355,0.9825970530509949,0.9731012582778931,0.9939430952072144,0.9920268654823303,0.9668639302253723,0.54820716381073,0.8156536817550659,0.5634201765060425,0.7138155698776245
run_1789376009_gpu1_env0,240,1,,previous,0.7256947999994736,757,0.9825562338034312,0.9818326632181803,0.983279804388682,0.9940862059593201,0.9798927903175354,0.9715189933776855,0.9945522546768188,0.9886602163314819,0.9666269421577454,0.5910483002662659,0.6909716129302979,0.5760098695755005,0.659085214138031
run_1789376009_gpu1_env0,241,1,,previous,0.8466784000047483,753,0.9819302956263224,0.9796004692713419,0.9842601219813029,0.9938737750053406,0.975806474685669,0.9691211581230164,0.9919275641441345,0.989526629447937,0.9713261723518372,0.5334797501564026,0.7574392557144165,0.5301091074943542,0.5553190112113953
run_1789376009_gpu1_env0,242,1,,previous,0.7367388999846298,755,0.983519971370697,0.9828305244445801,0.984209418296814,0.994157075881958,0.9812332391738892,0.9731012582778931,0.9927873015403748,0.9924496412277222,0.967391312122345,0.5837147235870361,0.6355061531066895,0.5141194462776184,0.6006827354431152
run_1789376009_gpu1_env0,243,1,,previous,0.7362419000128284,756,0.9834102392196655,0.9812565445899963,0.9855639338493347,0.9939748048782349,0.9766510725021362,0.9731437563896179,0.9941226840019226,0.9928721189498901,0.9696969985961914,0.5823081731796265,0.9416998624801636,0.4827205538749695,0.43700727820396423
run_1789376009_gpu1_env0,244,1,,previous,0.7309794999891892,752,0.9839398662249247,0.9825157125790914,0.9853640198707581,0.9945105910301208,0.9798927903175354,0.9731437563896179,0.9936999082565308,0.9916247725486755,0.9707673788070679,0.6021052598953247,0.6943616271018982,0.5813117027282715,0.595447838306427
run_1789376009_gpu1_env0,245,1,,previous,0.7218415000243112,740,0.9819610118865967,0.9818911949793497,0.9820308287938436,0.994192898273468,0.9792364239692688,0.9722442626953125,0.9951004385948181,0.9890756011009216,0.961916446685791,0.5649145245552063,0.6573014855384827,0.5464683771133423,0.6013339161872864
run_1789376009_gpu1_env0,246,1,,previous,0.7254671000118833,755,0.986006627480189,0.98382169008255,0.988191564877828,0.9940862059593201,0.9817690849304199,0.9756097793579102,0.9945502281188965,0.9928780794143677,0.9771463871002197,0.5580364465713501,0.6932334899902344,0.5240036249160767,0.5875081419944763
run_1789376009_gpu1_env0,247,1,,previous,0.7112107999855652,754,0.9832751254240671,0.9810283581415812,0.9855218927065531,0.9940153956413269,0.979180634021759,0.9698890447616577,0.9936999082565308,0.9907640814781189,0.9721016883850098,0.5379745364189148,0.5914912819862366,0.5710660219192505,0.7922884821891785
run_1789376009_gpu1_env0,248,1,,previous,0.8341999000112992,756,0.9851284921169281,0.982449491818746,0.9878074924151102,0.9936972260475159,0.9805499911308289,0.9731012582778931,0.9949170351028442,0.9932885766029358,0.9752168655395508,0.5917320847511292,0.7620752453804016,0.5895049571990967,0.7732905149459839
run_1789376009_gpu1_env0,249,1,,previous,0.7337652000132948,755,0.9837146699428558,0.9827370842297872,0.9846922556559244,0.9944054484367371,0.9798927903175354,0.9739130139350891,0.9947964549064636,0.9890939593315125,0.9701863527297974,0.5708658695220947,0.6937977075576782,0.5344427227973938,0.5595313310623169
run_1789376009_gpu1_env0,250,1,,previous,0.7224840999988373,759,0.9861172835032145,0.984633227189382,0.9876013398170471,0.9939095973968506,0.9837618470191956,0.9762282371520996,0.9949114322662354,0.9903644919395447,0.9775280952453613,0.5627139210700989,0.508988618850708,0.6180424094200134,0.750170886516571
run_1789376009_gpu1_env0,251,1,,previous,0.7527455000090413,758,0.9832109808921814,0.9818683862686157,0.9845535755157471,0.9939804077148438,0.9785234928131104,0.9731012582778931,0.9933345317840576,0.9891121983528137,0.9712139964103699,0.584517776966095,0.6410244703292847,0.5091525912284851,0.6173895597457886
run_1789376009_gpu1_env0,252,1,,previous,0.7363983000104781,751,0.9816424548625946,0.9826500018437704,0.9806349078814188,0.9942987561225891,0.9805499911308289,0.9731012582778931,0.993756890296936,0.9832355380058289,0.9649122953414917,0.5932298898696899,0.786338746547699,0.5056959986686707,0.5637122392654419
run_1789376009_gpu1_env0,253,1,,previous,0.7635345000016969,749,0.983295738697052,0.9814425309499105,0.9851489464441935,0.9940149784088135,0.9804713726043701,0.9698412418365479,0.9938215017318726,0.9924623370170593,0.9691630005836487,0.5694817304611206,0.508988618850708,0.5329006910324097,0.4325065016746521
run_1789376009_gpu1_env0,254,1,,previous,0.7576159000163898,761,0.9843390087286631,0.9833917021751404,0.9852863152821859,0.9944042563438416,0.9812080264091492,0.9745628237724304,0.9944298267364502,0.9916177988052368,0.9698113203048706,0.6069402098655701,0.5934728980064392,0.5366299748420715,0.3966355323791504
run_1789376009_gpu1_env0,255,1,,previous,0.7168488999886904,754,0.9842453499635061,0.9810319344202677,0.9874587655067444,0.9942629337310791,0.9765886068344116,0.9722442626953125,0.9932705163955688,0.9924496412277222,0.9766561388969421,0.5602075457572937,0.8001526594161987,0.5887905955314636,0.6525209546089172
run_1789376009_gpu1_env0,256,1,,previous,0.7948579000076279,757,0.9823720256487528,0.9786814053853353,0.9860626459121704,0.9937675595283508,0.9737727046012878,0.9685039520263672,0.9945522546768188,0.9920268654823303,0.9716088175773621,0.5640466809272766,0.7553697824478149,0.5212810039520264,0.3560827076435089
run_1789376009_gpu1_env0,257,1,,previous,0.7400541000242811,752,0.9844876031080881,0.9825120766957601,0.9864631295204163,0.9937304258346558,0.9798927903175354,0.9739130139350891,0.9936975836753845,0.9916247725486755,0.9740670323371887,0.5903480052947998,0.8251940011978149,0.515542209148407,0.508988618850708
run_1789376009_gpu1_env0,258,1,,previous,0.7361402999958955,746,0.9835289915402731,0.9821457465489706,0.9849122365315756,0.994013249874115,0.9785522818565369,0.9738717079162598,0.9938830733299255,0.9911949634552002,0.9696586728096008,0.5389720797538757,0.8242449164390564,0.46829894185066223,0.37220317125320435
run_1789376009_gpu1_env0,259,1,,previous,0.7221145000075921,757,0.9840928713480631,0.981587827205658,0.9865979154904684,0.9939095973968506,0.9786096215248108,0.9722442626953125,0.9941255450248718,0.9928661584854126,0.9728020429611206,0.5699485540390015,0.8708809018135071,0.5622913241386414,0.4949555993080139
run_1789376009_gpu1_env0,260,1,,previous,0.736434200021904,748,0.9832944472630819,0.9814748962720236,0.9851139982541403,0.9940857887268066,0.9804976582527161,0.9698412418365479,0.9939972758293152,0.9891576170921326,0.9721871018409729,0.6133351922035217,0.6835691332817078,0.5439888834953308,0.489389568567276
run_1789376009_gpu1_env0,261,1,,previous,0.8077747999923304,755,0.9849431316057841,0.9830285708109537,0.9868576924006144,0.9947591423988342,0.9811828136444092,0.9731437563896179,0.9936999082565308,0.991603672504425,0.9752694964408875,0.541003942489624,0.5211454033851624,0.5682352185249329,0.7996634840965271
run_1789376009_gpu1_env0,262,1,,previous,0.7002590000047348,759,0.9836034178733826,0.9821861187616984,0.9850207169850668,0.994192898273468,0.9792641997337341,0.9731012582778931,0.9937614798545837,0.991603672504425,0.9696969985961914,0.5673922896385193,0.793275773525238,0.5416826009750366,0.6135744452476501
run_1789376009_gpu1_env0,263,1,,previous,0.7153865000000224,748,0.9823524057865143,0.981891910235087,0.9828129013379415,0.994864821434021,0.9792919158935547,0.9715189933776855,0.9939445853233337,0.98740553855896,0.9670885801315308,0.552983820438385,0.8318071365356445,0.5487969517707825,0.5059038400650024
run_1789376009_gpu1_env0,264,1,,previous,0.6775513000029605,758,0.9832520087560018,0.981194814046224,0.9853092034657797,0.9942987561225891,0.9785810112953186,0.9707046747207642,0.9944304823875427,0.991187572479248,0.9703095555305481,0.5683647394180298,0.5753931403160095,0.5519322156906128,0.6167553663253784
run_1789376009_gpu1_env0,265,1,,previous,0.724936600017827,754,0.9831802745660146,0.9818590680758158,0.9845014810562134,0.9949014186859131,0.9805499911308289,0.9701257944107056,0.9941262602806091,0.9903320670127869,0.9690461158752441,0.5238921046257019,0.5211454033851624,0.5363430380821228,0.560928463935852
run_1789376009_gpu1_env0,266,1,,previous,0.6825414999912027,761,0.9838849405447642,0.9814289410909017,0.9863409399986267,0.9935557246208191,0.9804186224937439,0.9703124761581421,0.9954656958580017,0.9920201301574707,0.9715369939804077,0.6106597185134888,0.5308178663253784,0.5463009476661682,0.558831512928009
run_1789376009_gpu1_env0,267,1,,previous,0.7271865000075195,758,0.9846892952919006,0.9827850262324015,0.9865935643513998,0.9934849739074707,0.9804713726043701,0.9743987321853638,0.9932680726051331,0.9899749159812927,0.9765377044677734,0.6121945381164551,0.5914912819862366,0.6151005625724792,0.5767518281936646
run_1789376009_gpu1_env0,268,1,,previous,0.6801078999997117,752,0.9842964212099711,0.9814074635505676,0.9871853788693746,0.9943699836730957,0.9792641997337341,0.970588207244873,0.9940647482872009,0.9928721189498901,0.9746192693710327,0.5705606341362,0.6416347026824951,0.5561690330505371,0.4714689254760742
run_1789376009_gpu1_env0,269,1,,previous,0.7147003999853041,760,0.9823960959911346,0.9771831035614014,0.9876090884208679,0.993977427482605,0.9713141918182373,0.9662576913833618,0.9936367869377136,0.9907640814781189,0.9784263968467712,0.568183958530426,1.2753355503082275,0.5586742162704468,0.6173895597457886
run_1789376009_gpu1_env0,270,1,,previous,0.6891731999930926,761,0.9811030725638071,0.976811687151591,0.9853944579760233,0.9940153956413269,0.970588207244873,0.965831458568573,0.9937006831169128,0.9915966391563416,0.9708860516548157,0.5526065230369568,1.000537633895874,0.5446596741676331,0.5699260234832764
run_1789376009_gpu1_env0,271,1,,previous,0.6829575999872759,759,0.9824163019657135,0.9779488245646158,0.9868837793668112,0.9942278861999512,0.9719251394271851,0.9676934480667114,0.9936367869377136,0.991187572479248,0.9758269786834717,0.5279680490493774,1.1569061279296875,0.6037251353263855,0.6428533792495728
run_1789376009_gpu1_env0,272,1,,previous,0.704203300003428,758,0.9832360645135244,0.9806016087532043,0.9858705202738444,0.9944054484367371,0.979180634021759,0.9682187438011169,0.9947355389595032,0.9920268654823303,0.9708491563796997,0.5740259885787964,0.7853426337242126,0.5560827851295471,0.605872392654419
run_1789376009_gpu1_env0,273,1,,previous,0.7076568999909796,755,0.9838896493117014,0.9825960596402487,0.9851832389831543,0.9945101737976074,0.9818913340568542,0.9713866710662842,0.9911298751831055,0.9916177988052368,0.9728020429611206,0.59173583984375,0.7165516018867493,0.5941681861877441,0.5753931403160095
run_1789376009_gpu1_env0,274,1,,previous,0.7038978000055067,762,0.9822597106297811,0.9795424143473307,0.9849770069122314,0.9946878552436829,0.9772727489471436,0.9666666388511658,0.9941269755363464,0.9924496412277222,0.9683544039726257,0.5448222756385803,0.9516216516494751,0.5368177890777588,0.49732187390327454
run_1789376009_gpu1_env0,275,1,,previous,0.6836498999909963,753,0.9821206827958425,0.978796104590098,0.9854452610015869,0.9948644638061523,0.9779264330863953,0.9635974168777466,0.9944906830787659,0.9916107654571533,0.9702343344688416,0.5334889888763428,1.0271726846694946,0.5417925119400024,0.659085214138031
run_1789376009_gpu1_env0,276,1,,previous,0.7102959000039846,755,0.982399582862854,0.9797982176144918,0.9850009481112162,0.9943333864212036,0.9771811962127686,0.9678800702095032,0.9922281503677368,0.9887076616287231,0.9740670323371887,0.5241810083389282,0.9974036812782288,0.5843783617019653,0.7423044443130493
run_1789376009_gpu1_env0,277,1,,previous,0.7196638000023086,756,0.9825206299622854,0.9777196049690247,0.987321654955546,0.9940140843391418,0.9725016951560974,0.9666430354118347,0.9942458271980286,0.9924496412277222,0.9752694964408875,0.5293982625007629,0.9759852886199951,0.550748348236084,0.7284679412841797
run_1789376009_gpu1_env0,278,1,,previous,0.8094668000121601,752,0.9826065997282664,0.9794501066207886,0.9857630928357443,0.9936963319778442,0.9785522818565369,0.9661017060279846,0.9937607049942017,0.9932942390441895,0.9702343344688416,0.5830110907554626,1.0928901433944702,0.554230272769928,0.5496522188186646
run_1789376009_gpu1_env0,279,1,,previous,0.9090562000055797,751,0.9823081692059835,0.979248027006785,0.9853683114051819,0.9936618804931641,0.9778375029563904,0.9662446975708008,0.9936391711235046,0.9928840398788452,0.9695817232131958,0.5859290361404419,1.0340080261230469,0.5390170216560364,0.4159008264541626
run_1789376009_gpu1_env0,280,1,,previous,0.9900005999952555,755,0.9829635918140411,0.9796919822692871,0.9862352013587952,0.9940158128738403,0.9751511216163635,0.9699090123176575,0.9928444623947144,0.9912096858024597,0.9746514558792114,0.5696598887443542,0.9375348091125488,0.5789093971252441,0.5914912819862366
run_1789376009_gpu1_env0,281,1,,previous,0.8567894999869168,750,0.9805569052696228,0.9768891135851542,0.9842246969540914,0.9941908121109009,0.9785522818565369,0.9579242467880249,0.9950401186943054,0.9899328947067261,0.9677010774612427,0.5565249919891357,0.936281681060791,0.5069010257720947,0.4224361479282379
run_1789376009_gpu1_env0,282,1,,previous,0.964900499995565,749,0.9809388816356659,0.9769572416941324,0.9849205215771993,0.9942270517349243,0.9753497838973999,0.9612948894500732,0.9945522546768188,0.9912023544311523,0.9690069556236267,0.5302069187164307,1.2217328548431396,0.5432730317115784,0.41495880484580994
run_1789376009_gpu1_env0,283,1,,previous,0.9641923000162933,754,0.9808697501818339,0.9756934841473898,0.9860460162162781,0.9945105910301208,0.9753168821334839,0.9572529792785645,0.9938101172447205,0.9891213178634644,0.9752066135406494,0.5571693181991577,0.9954397678375244,0.5906662344932556,0.5947902798652649
run_1789376009_gpu1_env0,284,1,,previous,1.0691292000119574,754,0.9805591007073721,0.9750673174858093,0.9860508839289347,0.9940140843391418,0.9757738709449768,0.9554139971733093,0.9944284558296204,0.9903401732444763,0.9733840227127075,0.5690821409225464,0.46980592608451843,0.5670648217201233,0.7506924271583557
run_1789376009_gpu1_env0,285,1,,previous,0.9248735999863129,742,0.9827446540196737,0.9798844257990519,0.9856048822402954,0.9939031004905701,0.9805760383605957,0.96517413854599,0.9947336316108704,0.9911949634552002,0.9708860516548157,0.5748478174209595,0.732218861579895,0.5237331986427307,0.6960504055023193
run_1789376009_gpu1_env0,286,1,,previous,0.9224338000058196,751,0.9827136198679606,0.9792970220247904,0.9861302177111307,0.994138240814209,0.9792641997337341,0.9644886255264282,0.9942472577095032,0.9932942390441895,0.9708491563796997,0.6123453378677368,0.7127181887626648,0.5417299866676331,0.5066767930984497
run_1789376009_gpu1_env0,287,1,,previous,0.9340667999931611,752,0.9827672640482584,0.9795958598454794,0.9859386682510376,0.9937593936920166,0.980053186416626,0.9649749994277954,0.9927757978439331,0.9891213178634644,0.9759188890457153,0.6054877042770386,0.7423044443130493,0.5884788632392883,0.6766641139984131
run_1789376009_gpu1_env0,288,1,,previous,0.9498041000042576,751,0.9841400881608328,0.9819590846697489,0.9863210916519165,0.9936099052429199,0.9799465537071228,0.9723207950592041,0.9954007267951965,0.9907949566841125,0.9727675914764404,0.555916965007782,0.35387784242630005,0.5666329264640808,0.35936465859413147
run_1789376009_gpu1_env0,289,1,,previous,0.9390934999973979,754,0.9852662285168966,0.9848520557085673,0.9856804013252258,0.993550717830658,0.978723406791687,0.9822820425033569,0.9936991333961487,0.9924560189247131,0.9708860516548157,0.5711002945899963,0.38966768980026245,0.5196062922477722,0.38052162528038025
run_1789376009_gpu1_env0,290,1,,previous,0.8623791999998502,762,0.9859732488791147,0.9850228428840637,0.9869236548741659,0.9936619997024536,0.9789750576019287,0.9824314713478088,0.9941248297691345,0.9920268654823303,0.9746192693710327,0.5818068385124207,0.489389568567276,0.5719054937362671,0.6795496940612793
run_1789376009_gpu1_env0,291,1,,previous,0.8743613999977242,760,0.9837238589922587,0.9821629325548807,0.9852847854296366,0.9935174584388733,0.9712041616439819,0.9817671775817871,0.9938229918479919,0.9924496412277222,0.9695817232131958,0.5811118483543396,0.5188876986503601,0.573451578617096,0.5740312337875366
run_1789376009_gpu1_env0,292,1,,previous,0.8220186999824364,763,0.9820598562558492,0.9802285432815552,0.9838911692301432,0.9933769702911377,0.9781209826469421,0.9691876769065857,0.9947355389595032,0.9899328947067261,0.9670050740242004,0.5929685235023499,1.136427640914917,0.5463795065879822,0.5097569823265076
run_1789376009_gpu1_env0,293,1,,previous,0.836546400008956,762,0.9859319229920706,0.9872406919797262,0.9846231540044149,0.9930229187011719,0.9820512533187866,0.98664790391922,0.9925862550735474,0.9865996837615967,0.9746835231781006,0.6003076434135437,0.5664823651313782,0.563309907913208,0.7922884821891785
run_1789376009_gpu1_env0,294,1,,previous,0.8758225000055972,760,0.983894278605779,0.9817302227020264,0.9860583345095316,0.9926630854606628,0.9748427867889404,0.9776847958564758,0.9939364194869995,0.9907872676849365,0.9734513163566589,0.5994073748588562,0.560928463935852,0.5877958536148071,0.616120457649231
run_1789376009_gpu1_env0,295,1,,previous,0.9764136999729089,753,0.9860879878203074,0.9870187640190125,0.9851572116216024,0.992367684841156,0.9833024144172668,0.9853861927986145,0.9938215017318726,0.9907640814781189,0.9708860516548157,0.5891659259796143,0.7016503214836121,0.559990644454956,0.4242849349975586
run_1789376009_gpu1_env0,296,1,,previous,0.9288078999961726,757,0.9829271336396536,0.9824695785840353,0.9833846886952718,0.9933246374130249,0.9788774847984314,0.9752066135406494,0.9947355389595032,0.9878406524658203,0.9675778746604919,0.5248302817344666,0.6702721118927002,0.5300358533859253,0.41306832432746887
run_1789376009_gpu1_env0,297,1,,previous,0.8278403999865986,759,0.982763022184372,0.9792367815971375,0.9862892627716064,0.9926782846450806,0.9718731045722961,0.9731589555740356,0.9945515990257263,0.9916177988052368,0.9726983904838562,0.5569732785224915,0.8346253037452698,0.568335235118866,0.6685181260108948
run_1789376009_gpu1_env0,298,1,,previous,0.7638157999899704,768,0.9809049963951111,0.9766098856925964,0.9852001070976257,0.9915177822113037,0.9692397117614746,0.969072163105011,0.9954057931900024,0.991187572479248,0.9690069556236267,0.5959643721580505,0.9930780529975891,0.5299977660179138,0.4764232635498047
run_1789376009_gpu1_env0,299,1,,previous,0.7427668000163976,757,0.9804910520712534,0.9782915711402893,0.9826905330022176,0.9907342791557312,0.9690366983413696,0.9751037359237671,0.9931548833847046,0.9890939593315125,0.9658227562904358,0.6292715072631836,0.9875454902648926,0.5476577281951904,0.4597012996673584
run_1789376009_gpu1_env0,300,1,,previous,0.732082000002265,756,0.9838122030099233,0.9804791808128357,0.9871452252070109,0.9897701144218445,0.9708192944526672,0.9808481335639954,0.9926605224609375,0.9916177988052368,0.9771573543548584,0.6342650651931763,1.12847900390625,0.590435266494751,0.854092001914978
run_1789376009_gpu1_env0,301,1,,previous,0.7485243999981321,763,0.9816208879152933,0.9782066941261292,0.9850350817044576,0.9905210733413696,0.9720853567123413,0.9720136523246765,0.9940647482872009,0.9920335412025452,0.9690069556236267,0.6267373561859131,1.152160406112671,0.5138064026832581,0.38866209983825684
run_1789376009_gpu1_env0,302,1,,previous,0.6937517000187654,753,0.9863401154677073,0.9866722027460734,0.9860080281893412,0.9919606447219849,0.9872340559959412,0.9808219075202942,0.9943087697029114,0.9928661584854126,0.9708491563796997,0.6499140858650208,1.0675289630889893,0.5673369765281677,0.5712977051734924
run_1789376009_gpu1_env0,303,1,,previous,0.7063264999887906,759,0.9822422961393992,0.9791863958040873,0.9852981964747111,0.9900862574577332,0.9696652889251709,0.9778076410293579,0.9925354719161987,0.9887076616287231,0.9746514558792114,0.6738399267196655,1.226528525352478,0.5748799443244934,0.44762441515922546
run_1789376009_gpu1_env0,304,1,,previous,0.7052838999952655,762,0.983097771803538,0.9795531829198202,0.9866423606872559,0.9913152456283569,0.9703173041343689,0.9770269989967346,0.9945515990257263,0.9932942390441895,0.9720812439918518,0.6828113794326782,1.1599467992782593,0.5486100316047668,0.5740312337875366
run_1789376009_gpu1_env0,305,1,,previous,0.6565266999823507,760,0.9824911057949066,0.9796207944552103,0.9853614171346029,0.9903367161750793,0.9760239720344543,0.9725016951560974,0.9944304823875427,0.9920335412025452,0.9696202278137207,0.6898261308670044,1.1829984188079834,0.5612232685089111,0.5151029229164124
run_1789376009_gpu1_env0,306,1,,previous,0.6831393000029493,755,0.9833742280801138,0.9822414517402649,0.9845070044199625,0.9905388951301575,0.973658561706543,0.9825268983840942,0.9931540489196777,0.9895178079605103,0.9708491563796997,0.7547540068626404,1.2552297115325928,0.5352007746696472,0.7412492632865906
run_1789376009_gpu1_env0,307,1,,previous,0.6859237999888137,755,0.9810219208399454,0.9770195484161377,0.9850242932637533,0.98899906873703,0.9695210456848145,0.9725385308265686,0.9959543943405151,0.9907640814781189,0.9683544039726257,0.7372901439666748,1.5582135915756226,0.4938139319419861,0.5043543577194214
run_1789376009_gpu1_env0,308,1,,previous,0.6832609999983106,760,0.9808299938837687,0.9772124091784159,0.9844475785891215,0.990035891532898,0.9723911881446838,0.969210147857666,0.9937607049942017,0.991187572479248,0.9683944582939148,0.7319870591163635,1.115222454071045,0.5277359485626221,0.46813690662384033
run_1789376009_gpu1_env0,309,1,,previous,0.677112000004854,765,0.9814799527327219,0.9792822996775309,0.983677605787913,0.988274335861206,0.9721189737319946,0.9774535894393921,0.9927150011062622,0.991187572479248,0.9671302437782288,0.7371837496757507,1.1619694232940674,0.48490479588508606,0.30390244722366333
run_1789376009_gpu1_env0,310,1,,previous,0.6739987999899313,755,0.9792538185914358,0.97234179576238,0.9861658414204916,0.9876512885093689,0.9674502611160278,0.9619238376617432,0.993021547794342,0.989526629447937,0.9759493470191956,0.721549928188324,1.5321238040924072,0.5351554155349731,0.7707558870315552
run_1789376009_gpu1_env0,311,1,,previous,0.6745518000097945,759,0.9831246236960093,0.9813898404439291,0.9848594069480896,0.9887484312057495,0.972731351852417,0.9826897382736206,0.993261456489563,0.9866332411766052,0.9746835231781006,0.8067729473114014,1.5423080921173096,0.5750754475593567,0.565791130065918
run_1789376009_gpu1_env0,312,1,,previous,0.6905751000158489,760,0.9825553596019745,0.9801349838574728,0.9849757353464762,0.9869517087936401,0.9754385948181152,0.9780146479606628,0.9937006831169128,0.9928721189498901,0.9683544039726257,0.790057361125946,1.2691830396652222,0.5303703546524048,0.4215087890625
run_1789376009_gpu1_env0,313,1,,previous,0.6784594999917317,759,0.983701765537262,0.9834922552108765,0.9839112758636475,0.9893789291381836,0.9810181260108948,0.980079710483551,0.9934576749801636,0.991187572479248,0.9670885801315308,0.7800506353378296,0.9155709743499756,0.5258164405822754,0.4306930601596832
run_1789376009_gpu1_env0,314,1,,previous,0.7173531000153162,769,0.9854958951473236,0.9865743716557821,0.9844174186388651,0.9921194314956665,0.9893571734428406,0.9782465100288391,0.9943709969520569,0.9911801815032959,0.9677010774612427,0.7522831559181213,0.9887335896492004,0.5413975715637207,0.5248866677284241
run_1789376009_gpu1_env0,315,1,,previous,0.7077084000047762,765,0.9862957994143168,0.9871556162834167,0.9854359825452169,0.9906046986579895,0.9873203635215759,0.9835417866706848,0.9958933591842651,0.9920201301574707,0.9683944582939148,0.7154693603515625,0.7165516018867493,0.5356602668762207,0.5218958258628845
run_1789376009_gpu1_env0,316,1,,previous,0.7198992000194266,761,0.984156092007955,0.9832870165506998,0.98502516746521,0.9870349764823914,0.9832074046134949,0.9796186685562134,0.9938830733299255,0.9928780794143677,0.9683143496513367,0.6638544797897339,0.8926289677619934,0.5372704863548279,0.49416425824165344
run_1789376009_gpu1_env0,317,1,,previous,0.6908734000171535,765,0.9806747535864512,0.9769681692123413,0.9843813379605612,0.9866130948066711,0.9726368188858032,0.9716545939445496,0.9942479729652405,0.9911949634552002,0.9677010774612427,0.6348691582679749,0.7391343712806702,0.5336146354675293,0.46980592608451843
run_1789376009_gpu1_env0,318,1,,previous,0.7008657999977004,753,0.9831458032131195,0.9819330374399821,0.984358568986257,0.9884324073791504,0.9804081916809082,0.9769585132598877,0.9935791492462158,0.9924496412277222,0.9670469164848328,0.7024494409561157,1.141924500465393,0.49177029728889465,0.3426406979560852
run_1789376009_gpu1_env0,319,1,,previous,0.6976156999880914,745,0.9840897520383199,0.9822071393330892,0.9859723647435507,0.986104428768158,0.9816251397132874,0.9788918495178223,0.9935081005096436,0.9891394972801208,0.9752694964408875,0.6976980566978455,0.538139820098877,0.5461449027061462,0.5004596710205078
run_1789376009_gpu1_env0,320,1,,previous,0.7105144999804907,755,0.9876204232374827,0.9890408714612325,0.9861999750137329,0.9914039969444275,0.9914460182189941,0.9842725992202759,0.9938200116157532,0.9920468926429749,0.9727330207824707,0.7368069291114807,0.46980592608451843,0.5421828031539917,0.6679324507713318
run_1789376009_gpu1_env0,321,1,,previous,0.7017412999994121,756,0.9824651082356771,0.9823506275812784,0.9825795888900757,0.9836512207984924,0.987210214138031,0.976190447807312,0.9936367869377136,0.9895002245903015,0.9646017551422119,0.780949056148529,1.1770285367965698,0.5076181292533875,0.4423476755619049
run_1789376009_gpu1_env0,322,1,,previous,0.8059653000091203,757,0.9843948682149252,0.9829089442888895,0.9858807921409607,0.9848363995552063,0.9822150468826294,0.981675386428833,0.9922281503677368,0.9907949566841125,0.9746192693710327,0.7198025584220886,0.6006827354431152,0.6155166029930115,0.6626383066177368
run_1789376009_gpu1_env0,323,1,,previous,0.8961869000049774,745,0.9877161383628845,0.9894606073697408,0.9859716693560282,0.9909090995788574,0.9885621070861816,0.9889106154441833,0.9944298267364502,0.9932885766029358,0.9701966047286987,0.720666229724884,0.7375442385673523,0.5538038015365601,0.5581307411193848
run_1789376009_gpu1_env0,324,1,,previous,0.8134945000056177,742,0.9813143114248911,0.9765316049257914,0.9860970179239908,0.9790627956390381,0.9776304960250854,0.9729015231132507,0.9952223300933838,0.9928721189498901,0.9701966047286987,0.7496304512023926,0.960219144821167,0.5561280846595764,0.4949555993080139
run_1789376009_gpu1_env0,325,1,,previous,0.7097731999820098,741,0.983828196922938,0.982927680015564,0.9847287138303121,0.9791437983512878,0.9815126061439514,0.9881266355514526,0.9952827095985413,0.9912023544311523,0.9677010774612427,0.760348379611969,0.80697101354599,0.5233467817306519,0.4502396285533905
run_1789376009_gpu1_env0,326,1,,previous,0.7206106999947224,736,0.9854298532009125,0.9851891001065572,0.9856706062952677,0.9930070042610168,0.9848993420600891,0.9776609539985657,0.9939430952072144,0.9928721189498901,0.9701966047286987,0.736441969871521,0.6818494200706482,0.5638265609741211,0.5403171181678772
run_1789376009_gpu1_env0,327,1,,previous,0.7363268000190146,745,0.9884306490421295,0.9897465507189432,0.9871147473653158,0.9926470518112183,0.9902912378311157,0.9863013625144958,0.9947336316108704,0.9932942390441895,0.9733163714408875,0.7656100392341614,0.6142119765281677,0.5452014803886414,0.5410408973693848
run_1789376009_gpu1_env0,328,1,,previous,0.7469344999990426,742,0.9834642012914022,0.9840245842933655,0.9829038182894388,0.9900249242782593,0.990208625793457,0.9718402028083801,0.9941269755363464,0.9882352948188782,0.966349184513092,0.7215203642845154,0.8064858913421631,0.5386345982551575,0.5699260234832764
run_1789376009_gpu1_env0,329,1,,previous,0.712121600023238,735,0.9856958091259003,0.9873711665471395,0.984020451704661,0.9924242496490479,0.9919114708900452,0.9777777791023254,0.9940038919448853,0.9903563857078552,0.9677010774612427,0.7183755040168762,0.6578966379165649,0.5569514632225037,0.7666831016540527
