run,frame,optimized,skipped,init,time_s,correspondences,dice_mean,dice_left_mean,dice_right_mean,dice_left_shaft,dice_left_wrist,dice_left_grippers,dice_right_shaft,dice_right_wrist,dice_right_grippers,left_translation_error_mm,left_rotation_error_deg,right_translation_error_mm,right_rotation_error_deg
run_1789376009_gpu1_env0,0,1,,perturb-gt,0.7561335999926087,639,0.9212710658709208,0.984250803788503,0.8582913279533386,0.9861878156661987,0.9882448315620422,0.9783197641372681,0.9424708485603333,0.7861123085021973,0.8462908267974854,0.7906466722488403,0.05595291033387184,1.337379813194275,2.8492252826690674
run_1789376009_gpu1_env0,1,1,,previous,0.6271053999953438,725,0.984917531410853,0.9813503821690878,0.9884846806526184,0.9902371168136597,0.9862903356552124,0.9675236940383911,0.9929470419883728,0.9862213134765625,0.9862856864929199,0.705254316329956,0.6743467450141907,0.6646787524223328,0.9638804793357849
run_1789376009_gpu1_env0,2,1,,previous,0.6309183999837842,721,0.9787674645582835,0.9749513864517212,0.9825835426648458,0.9741496443748474,0.9826121926307678,0.9680923223495483,0.9899213314056396,0.9803264737129211,0.9775028228759766,0.7535802721977234,0.5489398241043091,0.6881323456764221,1.1120595932006836
run_1789376009_gpu1_env0,3,1,,previous,0.6231381999969017,722,0.9838929971059164,0.9799787203470866,0.9878072738647461,0.9794801473617554,0.986201286315918,0.9742547273635864,0.9912923574447632,0.989535391330719,0.9825940728187561,0.7443504929542542,0.39958450198173523,0.6788339018821716,1.1064143180847168
run_1789376009_gpu1_env0,4,1,,previous,0.6263277999823913,717,0.983931173880895,0.984139104684194,0.9837232430775961,0.9777158498764038,0.9890555143356323,0.9856459498405457,0.990884006023407,0.9819403886795044,0.9783453345298767,0.7841706275939941,0.6644077301025391,0.6960427165031433,1.2878559827804565
run_1789376009_gpu1_env0,5,1,,previous,0.6345889999938663,731,0.983638217051824,0.9857142964998881,0.9815621376037598,0.9875173568725586,0.9886731505393982,0.9809523820877075,0.9928097128868103,0.9837024807929993,0.9681742191314697,0.7376641035079956,0.6772422194480896,0.6455292105674744,0.7486042976379395
run_1789376009_gpu1_env0,6,1,,previous,0.612995499977842,728,0.9808593491713206,0.981707751750946,0.9800109465916952,0.9806094169616699,0.9842551350593567,0.9802587032318115,0.9915594458580017,0.9819555282592773,0.9665178656578064,0.7298309206962585,0.24228337407112122,0.6372185945510864,0.9811842441558838
run_1789376009_gpu1_env0,7,1,,previous,0.6304496999946423,727,0.9857426981131235,0.9845849275588989,0.9869004686673483,0.9864864945411682,0.9878444075584412,0.9794238805770874,0.993069052696228,0.9882451891899109,0.9793871641159058,0.7527526021003723,0.8430232405662537,0.6013126969337463,1.0071654319763184
run_1789376009_gpu1_env0,8,1,,previous,0.6900813999818638,734,0.9843899408976237,0.982461174329122,0.9863187074661255,0.9853528738021851,0.9866881966590881,0.9753424525260925,0.9933536648750305,0.9845123291015625,0.9810901284217834,0.7434978485107422,0.6760855317115784,0.6003405451774597,0.8199605345726013
run_1789376009_gpu1_env0,9,1,,previous,0.6240955999819562,736,0.9810699423154196,0.9758784373601278,0.9862614472707113,0.96875,0.9802498817443848,0.9786354303359985,0.9907445907592773,0.9870129823684692,0.9810267686843872,0.6801822781562805,0.5539076924324036,0.6298221945762634,0.9585875868797302
run_1789376009_gpu1_env0,10,1,,previous,0.6374662000162061,743,0.9805925091107687,0.9710708260536194,0.9901141921679179,0.9618320465087891,0.9795591235160828,0.9718213081359863,0.993069052696228,0.9907718300819397,0.9865016937255859,0.7404361963272095,0.8550080060958862,0.6788220405578613,1.1623060703277588
run_1789376009_gpu1_env0,11,1,,previous,0.6293561999918893,736,0.9838507970174154,0.9808945258458456,0.9868070681889852,0.9762202501296997,0.987210214138031,0.9792531132698059,0.9928017854690552,0.9844733476638794,0.983146071434021,0.77423495054245,1.0279344320297241,0.6995791792869568,1.2731853723526
run_1789376009_gpu1_env0,12,1,,previous,0.6581491999968421,730,0.9837433695793152,0.9789529244105021,0.9885338147481283,0.9829268455505371,0.984529972076416,0.9694019556045532,0.9940335750579834,0.9878508448600769,0.9837170243263245,0.7397736310958862,1.2470968961715698,0.6791025400161743,0.9078444242477417
run_1789376009_gpu1_env0,13,1,,previous,0.6296358999970835,739,0.9847561220328013,0.9795455932617188,0.9899666508038839,0.9846153855323792,0.9754746556282043,0.9785467386245728,0.9936287999153137,0.9870238304138184,0.9892473220825195,0.7772244811058044,1.2341630458831787,0.5960909128189087,0.986752450466156
run_1789376009_gpu1_env0,14,1,,previous,0.6418617999879643,737,0.9862136940161387,0.9820398489634196,0.9903875390688578,0.9827784299850464,0.9827855825424194,0.980555534362793,0.9921150803565979,0.9903725385665894,0.9886749982833862,0.756479024887085,0.9771873950958252,0.6842407584190369,1.106768012046814
run_1789376009_gpu1_env0,15,1,,previous,0.6400393999938387,742,0.9809629122416178,0.9762972394625345,0.985628585020701,0.9746416807174683,0.9770873785018921,0.9771626591682434,0.9907522201538086,0.9819706678390503,0.9841628670692444,0.7140034437179565,0.46813690662384033,0.6368805170059204,0.7903101444244385
run_1789376009_gpu1_env0,16,1,,previous,0.6431976999738254,743,0.9802513420581818,0.9729644854863485,0.987538198630015,0.9748427867889404,0.9791021943092346,0.9649484753608704,0.9914293885231018,0.9853495359420776,0.9858356714248657,0.7436390519142151,0.5020211338996887,0.6535677313804626,0.8882338404655457
run_1789376009_gpu1_env0,17,1,,previous,0.6487860000052024,734,0.986660361289978,0.9832303722699484,0.9900903503100077,0.9887410402297974,0.9907904863357544,0.9701595902442932,0.9932160973548889,0.989526629447937,0.9875283241271973,0.7239586114883423,0.9454329013824463,0.6428819298744202,0.7407211065292358
run_1789376009_gpu1_env0,18,1,,previous,0.6379803000018001,736,0.9835230608781179,0.9794366161028544,0.9876095056533813,0.9817131757736206,0.9813900589942932,0.9752066135406494,0.9926683902740479,0.9848993420600891,0.9852607846260071,0.7133293151855469,0.567862331867218,0.6920012831687927,0.9245039224624634
run_1789376009_gpu1_env0,19,1,,previous,0.642603100015549,732,0.9806367258230845,0.9732714891433716,0.9880019625027975,0.97096186876297,0.9744936227798462,0.9743589758872986,0.990334153175354,0.9844733476638794,0.9891983866691589,0.6980725526809692,0.6818494200706482,0.6538885831832886,1.0087183713912964
run_1789376009_gpu1_env0,20,1,,previous,0.6334063000103924,739,0.9804903467496237,0.9716487725575765,0.9893319209416708,0.9701619744300842,0.972408652305603,0.9723756909370422,0.9919667840003967,0.98740553855896,0.9886234402656555,0.7054686546325684,0.8156536817550659,0.6545213460922241,0.984767496585846
run_1789376009_gpu1_env0,21,1,,previous,0.6653503999987151,742,0.9809474547704061,0.9735663533210754,0.9883285562197367,0.9820846915245056,0.9827523231506348,0.9558620452880859,0.9893690347671509,0.9869802594184875,0.9886363744735718,0.7265132665634155,0.9425308108329773,0.7160363793373108,1.1436368227005005
run_1789376009_gpu1_env0,22,1,,previous,0.6752739000075962,748,0.9840502838293711,0.978807270526886,0.9892932971318563,0.977640688419342,0.9862914681434631,0.9724896550178528,0.992529034614563,0.9878508448600769,0.987500011920929,0.7015954256057739,0.8439511656761169,0.6691436171531677,1.0755641460418701
run_1789376009_gpu1_env0,23,1,,previous,0.6476182999904267,740,0.9810357987880707,0.9739566842714945,0.9881149133046468,0.9664233326911926,0.9782840609550476,0.9771626591682434,0.992529034614563,0.9865884184837341,0.9852272868156433,0.7162105441093445,0.8921904563903809,0.5669633150100708,0.7279305458068848
run_1789376009_gpu1_env0,24,1,,previous,0.6536859000043478,744,0.9829596777757009,0.9795280694961548,0.986391286055247,0.9747440218925476,0.9880281686782837,0.9758120179176331,0.9915733933448792,0.9840871095657349,0.983513355255127,0.7047417163848877,0.6052260398864746,0.6449621915817261,0.8098755478858948
run_1789376009_gpu1_env0,25,1,,previous,0.6559634000004735,742,0.9808410704135895,0.9730912844340006,0.9885908563931783,0.9661341905593872,0.9819067716598511,0.9712328910827637,0.9919822812080383,0.9874266386032104,0.9863636493682861,0.6564347743988037,0.1453699767589569,0.6714674830436707,1.0091063976287842
run_1789376009_gpu1_env0,26,1,,previous,0.6378422999987379,742,0.9791889190673828,0.9715336759885153,0.9868441621462504,0.9707260131835938,0.981779932975769,0.9620950818061829,0.9928057789802551,0.9819555282592773,0.9857711791992188,0.7468580007553101,0.8336869478225708,0.6036522388458252,0.8467288613319397
run_1789376009_gpu1_env0,27,1,,previous,0.6647759000188671,763,0.9840709368387858,0.9805602431297302,0.9875816305478414,0.9799675345420837,0.9805285334587097,0.9811846613883972,0.9911577701568604,0.9840871095657349,0.987500011920929,0.7289310097694397,0.5203939080238342,0.6606948375701904,0.8379011750221252
run_1789376009_gpu1_env0,28,1,,previous,0.674632299982477,748,0.9836938579877218,0.9794894854227701,0.9878982305526733,0.9865202307701111,0.987859845161438,0.9640883803367615,0.9921085238456726,0.9841004014015198,0.9874857664108276,0.7276657223701477,0.43968555331230164,0.6451736688613892,0.8494975566864014
run_1789376009_gpu1_env0,29,1,,previous,0.6759011000103783,756,0.9856875638167063,0.984023928642273,0.9873511989911398,0.9890109896659851,0.982186496257782,0.9808743000030518,0.988556444644928,0.984886646270752,0.9886105060577393,0.6897438168525696,0.489389568567276,0.6862326860427856,1.0374089479446411
run_1789376009_gpu1_env0,30,1,,previous,0.666535099997418,746,0.9831470549106598,0.9791786869366964,0.9871154228846232,0.9842061400413513,0.9748427867889404,0.9784871339797974,0.990618109703064,0.9849246144294739,0.9858035445213318,0.658547043800354,0.3825729787349701,0.5918552875518799,0.6737661361694336
run_1789376009_gpu1_env0,31,1,,previous,0.6612811000086367,754,0.9865617056687673,0.9855066140492758,0.9876167972882589,0.9930662512779236,0.9883843660354614,0.9750692248344421,0.9900662302970886,0.9853126406669617,0.9874715209007263,0.6623010039329529,0.5453635454177856,0.6453240513801575,0.7682129144668579
run_1789376009_gpu1_env0,32,1,,previous,0.644425600010436,761,0.9856801132361094,0.9844675064086914,0.9868927200635275,0.988036572933197,0.9812389612197876,0.9841269850730896,0.9914340972900391,0.9840335845947266,0.9852104783058167,0.6496012210845947,0.4493695795536041,0.6621097326278687,0.9219604134559631
run_1789376009_gpu1_env0,33,1,,previous,0.6787715000100434,760,0.9823251763979594,0.9741384585698446,0.9905118942260742,0.9847748875617981,0.9715505242347717,0.9660899639129639,0.9923875331878662,0.9899497628211975,0.9891983866691589,0.693422794342041,0.882487416267395,0.6873493790626526,0.9189842343330383
run_1789376009_gpu1_env0,34,1,,previous,0.6805807999917306,762,0.9856582581996918,0.9830716252326965,0.988244891166687,0.9900751709938049,0.9821683168411255,0.9769713878631592,0.9933518171310425,0.9844733476638794,0.9869095087051392,0.7249924540519714,0.6342733502388,0.6346466541290283,0.960219144821167
run_1789376009_gpu1_env0,35,1,,previous,0.6705966999870725,769,0.9839268128077189,0.9819862445195516,0.9858673810958862,0.9891696572303772,0.9791666865348816,0.977622389793396,0.9877190589904785,0.9823973178863525,0.9874857664108276,0.697249174118042,1.1117075681686401,0.6981914639472961,1.0048311948776245
run_1789376009_gpu1_env0,36,1,,previous,0.6680263000016566,762,0.9834661881128947,0.9815622170766195,0.9853701591491699,0.9888917803764343,0.9779862761497498,0.9778085947036743,0.9897987246513367,0.9810844659805298,0.9852272868156433,0.721289873123169,0.9561347961425781,0.6429471969604492,0.9112865328788757
run_1789376009_gpu1_env0,37,1,,previous,0.6539144999987911,749,0.9843269288539886,0.9830792347590128,0.9855746229489645,0.9882858991622925,0.9824945330619812,0.9784572720527649,0.9895259141921997,0.9819706678390503,0.9852272868156433,0.6668550968170166,0.5120549201965332,0.6381153464317322,0.8568369150161743
run_1789376009_gpu1_env0,38,1,,previous,0.6541655999899376,753,0.9846192200978597,0.9801469047864279,0.9890915354092916,0.9851011633872986,0.9790825843811035,0.9762569665908813,0.9903395175933838,0.9865996837615967,0.9903354048728943,0.6562479734420776,0.3966355323791504,0.6288859248161316,0.9429458379745483
run_1789376009_gpu1_env0,39,1,,previous,0.662505099986447,755,0.9849277933438619,0.9805324474970499,0.9893231391906738,0.9878813028335571,0.98525071144104,0.9684653282165527,0.990884006023407,0.986186683177948,0.9908987283706665,0.7126395106315613,0.5482264161109924,0.6698045134544373,0.8563799858093262
run_1789376009_gpu1_env0,40,1,,previous,0.6667202999815345,751,0.9817893008391062,0.9783990184466044,0.985179583231608,0.9858279824256897,0.9747211933135986,0.9746478796005249,0.991301953792572,0.9807047247886658,0.9835320711135864,0.6944378018379211,0.560928463935852,0.6385092735290527,0.7099673748016357
run_1789376009_gpu1_env0,41,1,,previous,0.6684202999749687,758,0.9858674804369608,0.9851536750793457,0.986581285794576,0.9888216853141785,0.9855072498321533,0.9811320900917053,0.990481436252594,0.9823529124259949,0.9869095087051392,0.6965910792350769,0.7748072743415833,0.6292535066604614,0.8332173824310303
run_1789376009_gpu1_env0,42,1,,previous,0.6659119999967515,762,0.9811158875624338,0.9740910132726034,0.9881407618522644,0.9846416115760803,0.9705215692520142,0.9671098589897156,0.9903368353843689,0.9865996837615967,0.9874857664108276,0.6672822833061218,0.7952466607093811,0.6605319976806641,0.8613921999931335
run_1789376009_gpu1_env0,43,1,,previous,0.6748932999907993,760,0.9847887059052786,0.9833055138587952,0.9862718979517618,0.9909735918045044,0.9851654767990112,0.9737774729728699,0.9916989207267761,0.9869692921638489,0.9801474809646606,0.7163047790527344,0.5344913601875305,0.568725049495697,0.68756502866745
run_1789376009_gpu1_env0,44,1,,previous,0.6670188999851234,759,0.9830872217814127,0.980706254641215,0.9854681889216105,0.9913544654846191,0.9804672598838806,0.9702970385551453,0.9889715909957886,0.9811003804206848,0.9863325953483582,0.6326329112052917,0.21850323677062988,0.633158266544342,0.9320923686027527
run_1789376009_gpu1_env0,45,1,,previous,0.6764535999973305,755,0.9866191943486532,0.9847851196924845,0.9884532690048218,0.9946831464767456,0.9872340559959412,0.9724381566047668,0.990607738494873,0.9861286282539368,0.9886234402656555,0.665510892868042,0.6464956402778625,0.669507622718811,1.170359492301941
run_1789376009_gpu1_env0,46,1,,previous,0.6718548999924678,751,0.9847800334294637,0.9811001420021057,0.9884599248568217,0.9911959767341614,0.9769800901412964,0.9751243591308594,0.9903395175933838,0.9887076616287231,0.9863325953483582,0.6202042102813721,0.4933716654777527,0.6782270669937134,1.0024915933609009
run_1789376009_gpu1_env0,47,1,,previous,0.6602896000258625,763,0.9838136732578278,0.9786084493001302,0.9890188972155253,0.9925296306610107,0.9775325059890747,0.9657632112503052,0.9915687441825867,0.9857501983642578,0.9897377490997314,0.6904812455177307,0.6596787571907043,0.632239580154419,0.9223847389221191
run_1789376009_gpu1_env0,48,1,,previous,0.6588469999842346,756,0.9860189457734426,0.9821868737538656,0.9898510177930196,0.9908167123794556,0.9728867411613464,0.9828571677207947,0.9933554530143738,0.9870238304138184,0.9891737699508667,0.7399888038635254,0.6898379325866699,0.5770061612129211,0.9771873950958252
run_1789376009_gpu1_env0,49,1,,previous,0.6700218999758363,755,0.9829846521218618,0.9811617930730184,0.9848075111707052,0.9894247651100159,0.9763147234916687,0.9777458906173706,0.9880115985870361,0.9806397557258606,0.9857711791992188,0.7020768523216248,0.7444102764129639,0.6547622680664062,1.1730316877365112
run_1789376009_gpu1_env0,50,1,,previous,0.6665529999881983,758,0.9872301518917084,0.9865565101305643,0.9879037936528524,0.9937970638275146,0.9873932600021362,0.9784792065620422,0.990884006023407,0.9870238304138184,0.9858035445213318,0.6732587814331055,0.26834094524383545,0.6576135754585266,0.8650192022323608
run_1789376009_gpu1_env0,51,1,,previous,0.6594579000084195,756,0.9829743603865305,0.9800883730252584,0.9858603477478027,0.9874565005302429,0.9744224548339844,0.9783861637115479,0.9911553263664246,0.9823529124259949,0.9840728044509888,0.6023903489112854,0.45542484521865845,0.5865095257759094,0.9811842441558838
run_1789376009_gpu1_env0,52,1,,previous,0.6678978000127245,761,0.985287586847941,0.9823026855786642,0.988272488117218,0.993954062461853,0.9795918464660645,0.973362147808075,0.9922566413879395,0.9844993948936462,0.9880614280700684,0.6382519006729126,0.4423476755619049,0.6705803871154785,0.9065502285957336
run_1789376009_gpu1_env0,53,1,,previous,0.676977099996293,759,0.9871388574441274,0.9880395929018656,0.9862381219863892,0.9939100742340088,0.984046995639801,0.9861617088317871,0.9893895387649536,0.985774040222168,0.9835507869720459,0.6849047541618347,0.42704305052757263,0.6127773523330688,0.8713301420211792
run_1789376009_gpu1_env0,54,1,,previous,0.6546689000097103,757,0.9847806394100189,0.9821086724599203,0.9874526063601176,0.9912979006767273,0.9760273694992065,0.9790007472038269,0.9897959232330322,0.9861982464790344,0.9863636493682861,0.647064745426178,0.634890079498291,0.6043112277984619,0.6243232488632202
run_1789376009_gpu1_env0,55,1,,previous,0.6935394000029191,761,0.9855927129586538,0.9841460585594177,0.9870393673578898,0.9907719492912292,0.9805615544319153,0.9811046719551086,0.9912971258163452,0.9840335845947266,0.9857873916625977,0.6331462264060974,0.5059038400650024,0.6104549169540405,0.7702479362487793
run_1789376009_gpu1_env0,56,1,,previous,0.6637513000168838,754,0.9846703410148621,0.9830289880434672,0.986311693986257,0.992770254611969,0.9790940880775452,0.9772226214408875,0.9906103014945984,0.9802769422531128,0.9880478382110596,0.6896906495094299,1.0849833488464355,0.6783124208450317,0.9325121641159058
run_1789376009_gpu1_env0,57,1,,previous,0.6691260999941733,758,0.9875144561131796,0.9853566884994507,0.9896722237269083,0.9919203519821167,0.9810988903045654,0.9830508232116699,0.9914198517799377,0.989535391330719,0.9880614280700684,0.6604371666908264,1.4404857158660889,0.6858780384063721,0.9172792434692383
run_1789376009_gpu1_env0,58,1,,previous,0.6556256000185385,760,0.9845824937025706,0.9791601697603861,0.990004817644755,0.9899544715881348,0.9741532802581787,0.973372757434845,0.9923938512802124,0.9878711700439453,0.9897494316101074,0.6243274211883545,1.3591233491897583,0.648145318031311,0.8744685053825378
run_1789376009_gpu1_env0,59,1,,previous,0.6593555000144988,758,0.9863122304280599,0.9841189583142599,0.98850550254186,0.9938808083534241,0.982758641242981,0.9757174253463745,0.9923938512802124,0.9861982464790344,0.986924409866333,0.624302089214325,0.9544960856437683,0.6362136006355286,0.7671933770179749
run_1789376009_gpu1_env0,60,1,,previous,0.6734701000095811,757,0.9852011402448019,0.9796991348266602,0.9907031456629435,0.9879623651504517,0.9695852398872375,0.9815497994422913,0.9921237826347351,0.9907872676849365,0.9891983866691589,0.6231449842453003,0.5987250208854675,0.646673321723938,0.8050288558006287
run_1789376009_gpu1_env0,61,1,,previous,0.6710488999960944,766,0.9878978828589121,0.9858530362447103,0.989942729473114,0.991466224193573,0.9831932783126831,0.9828996062278748,0.993630588054657,0.9870238304138184,0.9891737699508667,0.6609289646148682,0.6305604577064514,0.6400892734527588,0.9499752521514893
run_1789376009_gpu1_env0,62,1,,previous,0.6666226000234019,759,0.9842915236949921,0.9833938479423523,0.9851891994476318,0.9950993657112122,0.9834827780723572,0.9715994000434875,0.9885627627372742,0.9806722402572632,0.9863325953483582,0.6716905236244202,0.6812751889228821,0.6369071006774902,1.134704351425171
run_1789376009_gpu1_env0,63,1,,previous,0.6552615000109654,762,0.986312597990036,0.9886653423309326,0.9839598536491394,0.9953672885894775,0.9841422438621521,0.9864864945411682,0.9903475046157837,0.9786163568496704,0.9829156994819641,0.6182348132133484,0.5410408973693848,0.6340224742889404,0.8360307812690735
run_1789376009_gpu1_env0,64,1,,previous,0.6739970999769866,761,0.9823672374089559,0.9742685953776041,0.9904658794403076,0.9823200106620789,0.9645459055900574,0.9759398698806763,0.9936270713806152,0.9891213178634644,0.9886492490768433,0.6431974768638611,0.4714689254760742,0.6719416379928589,0.817570686340332
run_1789376009_gpu1_env0,65,1,,previous,0.6672113999957219,757,0.987458606561025,0.9846067031224569,0.9903105099995931,0.9953022599220276,0.984236478805542,0.974281370639801,0.9936323165893555,0.9886887073516846,0.9886105060577393,0.631413459777832,0.7187328934669495,0.5755007863044739,0.6783969402313232
run_1789376009_gpu1_env0,66,1,,previous,0.6712030000053346,766,0.9863367974758148,0.9851577083269755,0.9875158866246542,0.9938598871231079,0.9850448369979858,0.9765684008598328,0.9921172857284546,0.9874371886253357,0.9829931855201721,0.592234194278717,0.6391903758049011,0.6085771322250366,0.8016186356544495
run_1789376009_gpu1_env0,67,1,,previous,0.6668731000099797,755,0.9853567083676656,0.982094407081604,0.9886190096537272,0.9948276877403259,0.9744616746902466,0.9769938588142395,0.991840660572052,0.9882451891899109,0.9857711791992188,0.6541943550109863,1.4841127395629883,0.6291969418525696,0.9520329833030701
run_1789376009_gpu1_env0,68,1,,previous,0.6647196999983862,755,0.9857823352018992,0.9841388861338297,0.9874257842699686,0.9935388565063477,0.9740985035896301,0.9847792983055115,0.9908865094184875,0.9827803373336792,0.9886105060577393,0.60209721326828,1.1882799863815308,0.6291056275367737,0.851797878742218
run_1789376009_gpu1_env0,69,1,,previous,0.6584206999978051,768,0.9852370321750641,0.983169694741567,0.9873043696085612,0.9957278966903687,0.9744392037391663,0.979341983795166,0.9897959232330322,0.982367753982544,0.9897494316101074,0.6317421793937683,0.487787663936615,0.6555762887001038,0.9320923686027527
run_1789376009_gpu1_env0,70,1,,previous,0.6695771999948192,767,0.9867314795653025,0.9858253399531046,0.9876376191775004,0.9933007955551147,0.9778947234153748,0.9862805008888245,0.9933573007583618,0.9832074046134949,0.9863481521606445,0.602794349193573,0.8364987373352051,0.6388972401618958,0.7187328934669495
run_1789376009_gpu1_env0,71,1,,previous,0.6736213999975007,763,0.9874030152956644,0.9849395950635275,0.9898664355278015,0.9927107095718384,0.9776119589805603,0.9844961166381836,0.9906051158905029,0.988669753074646,0.9903244376182556,0.6206806302070618,0.6760855317115784,0.6834244728088379,1.0279344320297241
run_1789376009_gpu1_env0,72,1,,previous,0.6682996999879833,757,0.9872400164604187,0.983312726020813,0.9911673069000244,0.9928969144821167,0.9801182150840759,0.9769230484962463,0.9925311207771301,0.9912096858024597,0.9897611141204834,0.6328595280647278,0.9308319687843323,0.6749280691146851,0.9108569622039795
run_1789376009_gpu1_env0,73,1,,previous,0.6772316000133287,769,0.9859684209028879,0.9842264652252197,0.9877103765805563,0.991721510887146,0.9771241545677185,0.9838337302207947,0.9911602139472961,0.9844993948936462,0.9874715209007263,0.6292986869812012,1.2220531702041626,0.6478347778320312,0.8956926465034485
run_1789376009_gpu1_env0,74,1,,previous,0.6722451999958139,752,0.9850778977076212,0.9833949208259583,0.9867608745892843,0.9921091198921204,0.9774104952812195,0.9806651473045349,0.991301953792572,0.9831932783126831,0.9857873916625977,0.5987256765365601,1.1095932722091675,0.6640562415122986,0.839767336845398
run_1789376009_gpu1_env0,75,1,,previous,0.6648794000211637,762,0.9855806628863016,0.9830156366030375,0.9881456891695658,0.9940022826194763,0.9759910702705383,0.9790535569190979,0.9925332069396973,0.9849498271942139,0.9869540333747864,0.5814231038093567,0.7625885605812073,0.6174898147583008,0.6129363179206848
run_1789376009_gpu1_env0,76,1,,previous,0.7038674000068568,760,0.9849386016527811,0.9824916124343872,0.9873855908711752,0.9936705827713013,0.9749144911766052,0.9788897633552551,0.990884006023407,0.9849246144294739,0.9863481521606445,0.5498228073120117,0.6243232488632202,0.6253572106361389,0.8308655619621277
run_1789376009_gpu1_env0,77,1,,previous,0.6712723000091501,758,0.9854781031608582,0.9824256499608358,0.9885305563608805,0.9925407767295837,0.9717904329299927,0.9829457402229309,0.9926663637161255,0.9865771532058716,0.9863481521606445,0.5719383358955383,0.4647810459136963,0.6179686784744263,0.9337702989578247
run_1789376009_gpu1_env0,78,1,,previous,0.6699592999939341,773,0.9840468068917593,0.9823662439982096,0.9857273697853088,0.9933720827102661,0.9739130139350891,0.9798136353492737,0.9887052178382874,0.9832496047019958,0.9852272868156433,0.5935620069503784,0.5286014080047607,0.6174670457839966,0.7692310810089111
run_1789376009_gpu1_env0,79,1,,previous,0.6724426000146195,751,0.9817347427209219,0.977960209051768,0.9855092763900757,0.9937574863433838,0.9703791737556458,0.9697439670562744,0.9895229935646057,0.9806722402572632,0.9863325953483582,0.5791228413581848,0.39762094616889954,0.629741907119751,1.0835394859313965
run_1789376009_gpu1_env0,80,1,,previous,0.6532861000159755,749,0.9877424935499827,0.9856167634328207,0.9898682236671448,0.9957313537597656,0.9869203567504883,0.974198579788208,0.9917080998420715,0.9886981844902039,0.9891983866691589,0.5792860984802246,0.36690840125083923,0.6168082356452942,0.7268545031547546
run_1789376009_gpu1_env0,81,1,,previous,0.6689327000058256,758,0.9874366521835327,0.9866339365641276,0.9882393678029379,0.9952878952026367,0.9825406670570374,0.9820732474327087,0.9897931218147278,0.984046995639801,0.9908779859542847,0.5393434166908264,0.7060983180999756,0.6238255500793457,0.8402332067489624
run_1789376009_gpu1_env0,82,1,,previous,0.660907200013753,763,0.9875771900018057,0.9859689076741537,0.9891854723294576,0.9947241544723511,0.9860352277755737,0.9771473407745361,0.992529034614563,0.9886792302131653,0.9863481521606445,0.5567236542701721,0.6507192850112915,0.6281046867370605,0.9835744500160217
run_1789376009_gpu1_env0,83,1,,previous,0.6719751000055112,761,0.9866372247536978,0.9833699067433676,0.989904542764028,0.9936829805374146,0.973668098449707,0.982758641242981,0.9925270080566406,0.9874371886253357,0.9897494316101074,0.5428357124328613,0.7858408093452454,0.6823688745498657,0.975584089756012
run_1789376009_gpu1_env0,84,1,,previous,0.6783783000137191,760,0.9836784700552622,0.9774180849393209,0.9899388551712036,0.9928287267684937,0.9646621346473694,0.9747633934020996,0.9929412007331848,0.9882648587226868,0.9886105060577393,0.5305042266845703,1.1148713827133179,0.6605944633483887,0.9561347961425781
run_1789376009_gpu1_env0,85,1,,previous,0.6801738000067417,757,0.9854977826277415,0.9830711086591085,0.9879244565963745,0.9945399165153503,0.9799498915672302,0.9747235178947449,0.9917058348655701,0.984046995639801,0.9880205392837524,0.5201032161712646,0.46646201610565186,0.6932122707366943,1.2697994709014893
run_1789376009_gpu1_env0,86,1,,previous,0.6717397999891546,751,0.9858664671579996,0.9857442180315653,0.985988716284434,0.9942164421081543,0.9835858345031738,0.9794303774833679,0.9900744557380676,0.9815590977668762,0.9863325953483582,0.5579371452331543,0.7758167386054993,0.657572329044342,0.807455837726593
run_1789376009_gpu1_env0,87,1,,previous,0.6706601999758277,762,0.9859574139118195,0.9852318366368612,0.9866829911867777,0.9954958558082581,0.9791271090507507,0.9810725450515747,0.9900607466697693,0.9819403886795044,0.9880478382110596,0.545802891254425,0.8327475786209106,0.6768406629562378,1.0271726846694946
run_1789376009_gpu1_env0,88,1,,previous,0.6720761000178754,737,0.9839081168174744,0.9786993265151978,0.989116907119751,0.9933686852455139,0.9695431590080261,0.9731861352920532,0.992529034614563,0.9861982464790344,0.9886234402656555,0.5761572122573853,1.3562407493591309,0.6189932823181152,0.7548515200614929
run_1789376009_gpu1_env0,89,1,,previous,0.6653465999988839,760,0.98648069302241,0.9835591713587443,0.9894022146860758,0.9940536022186279,0.9764180779457092,0.9802058339118958,0.9915710687637329,0.9874371886253357,0.9891983866691589,0.5353255271911621,1.1053526401519775,0.6492250561714172,0.8327475786209106
run_1789376009_gpu1_env0,90,1,,previous,0.6782294999866281,756,0.9849025011062622,0.9827584624290466,0.9870465397834778,0.993725597858429,0.9710982441902161,0.9834515452384949,0.9918474555015564,0.982367753982544,0.986924409866333,0.5849277973175049,1.0946792364120483,0.674278736114502,1.1010957956314087
run_1789376009_gpu1_env0,91,1,,previous,0.6783579000039026,761,0.9847680727640787,0.9797200957934061,0.9898160497347513,0.9941999316215515,0.968769907951355,0.976190447807312,0.9919800758361816,0.9882943034172058,0.9891737699508667,0.5975577235221863,1.246155023574829,0.6253552436828613,0.8820438385009766
run_1789376009_gpu1_env0,92,1,,previous,0.6618641999957617,756,0.9841602543989817,0.9800751407941183,0.9882453680038452,0.9936104416847229,0.9695398807525635,0.9770750999450684,0.9922480583190918,0.9878202676773071,0.9846677780151367,0.6170958876609802,0.9528547525405884,0.6269148588180542,0.8650192022323608
run_1789376009_gpu1_env0,93,1,,previous,0.6817770999914501,765,0.9820003708203634,0.9782814582188925,0.9857192834218343,0.9941782355308533,0.9628180265426636,0.9778481125831604,0.9880148768424988,0.9827948212623596,0.9863481521606445,0.5917419791221619,1.3158149719238281,0.6232010722160339,0.8895546197891235
run_1789376009_gpu1_env0,94,1,,previous,0.6716167999838945,750,0.9829345842202505,0.9774490197499593,0.9884201486905416,0.9939649701118469,0.9692609310150146,0.9691211581230164,0.990884006023407,0.9874371886253357,0.9869392514228821,0.5634796023368835,0.5051296949386597,0.6707485914230347,0.9454329013824463
run_1789376009_gpu1_env0,95,1,,previous,0.6746066999912728,756,0.9852345486481985,0.9847548405329386,0.9857142567634583,0.9943673610687256,0.9789750576019287,0.9809221029281616,0.9893836975097656,0.9819555282592773,0.9858035445213318,0.5768797993659973,0.9000514149665833,0.6907550096511841,0.9598115682601929
run_1789376009_gpu1_env0,96,1,,previous,0.6729762000031769,750,0.9871323605378469,0.984553317228953,0.9897114038467407,0.9941045045852661,0.980289101600647,0.979266345500946,0.9922459125518799,0.9882648587226868,0.9886234402656555,0.5995004177093506,0.7922884821891785,0.6440613865852356,0.9074131846427917
run_1789376009_gpu1_env0,97,1,,previous,0.6777201000077184,753,0.9847077329953512,0.9833915034929911,0.9860239624977112,0.9937711954116821,0.9795109033584595,0.9768924117088318,0.9897874593734741,0.9836340546607971,0.9846503734588623,0.5727726817131042,0.7677033543586731,0.5909512042999268,0.8360307812690735
run_1789376009_gpu1_env0,98,1,,previous,0.6731150999839883,754,0.9859151641527811,0.9826661149660746,0.9891642133394877,0.9940467476844788,0.979429304599762,0.9745222926139832,0.9910183548927307,0.9878508448600769,0.9886234402656555,0.548371434211731,0.5510743856430054,0.6054549813270569,0.8434872627258301
run_1789376009_gpu1_env0,99,1,,previous,0.662186000001384,756,0.9857594966888428,0.9817104339599609,0.9898085594177246,0.9943200349807739,0.976775050163269,0.9740362167358398,0.9932180047035217,0.9887076616287231,0.987500011920929,0.5934455394744873,0.8632075786590576,0.621149480342865,0.6960504055023193
run_1789376009_gpu1_env0,100,1,,previous,0.6772674999956507,764,0.9832070767879486,0.977811316649119,0.9886028369267782,0.993267834186554,0.9719626307487488,0.9682034850120544,0.9903234839439392,0.9874371886253357,0.9880478382110596,0.5206409692764282,0.7396636605262756,0.6534379720687866,0.8722279667854309
run_1789376009_gpu1_env0,101,1,,previous,0.6565309999859892,742,0.9818903903166453,0.9783012469609579,0.9854795336723328,0.993499755859375,0.969292402267456,0.9721115827560425,0.9908890128135681,0.9831932783126831,0.9823563098907471,0.544950008392334,1.0910981893539429,0.6441517472267151,0.9287273287773132
run_1789376009_gpu1_env0,102,1,,previous,0.6677599000104237,751,0.984182337919871,0.9805875619252523,0.9877771139144897,0.9936191439628601,0.9760319590568542,0.9721115827560425,0.9925270080566406,0.9878304600715637,0.9829738736152649,0.5201752185821533,1.2274855375289917,0.6729390621185303,0.986752450466156
run_1789376009_gpu1_env0,103,1,,previous,0.6586005999997724,752,0.9830531974633535,0.979956865310669,0.986149529616038,0.9941654205322266,0.972000002861023,0.9737051725387573,0.9907522201538086,0.9819251894950867,0.9857711791992188,0.5275537371635437,1.330603837966919,0.6723836660385132,1.1176762580871582
run_1789376009_gpu1_env0,104,1,,previous,0.665337799990084,743,0.9857847591241201,0.9820626179377238,0.9895069003105164,0.9943522810935974,0.9772727489471436,0.9745628237724304,0.9914340972900391,0.9861982464790344,0.9908883571624756,0.5313047170639038,0.7610474824905396,0.6854194402694702,0.9266180396080017
run_1789376009_gpu1_env0,105,1,,previous,0.659427600010531,756,0.9847578803698221,0.9808524449666342,0.9886633157730103,0.9938628673553467,0.976494312286377,0.9722001552581787,0.9907573461532593,0.9866220951080322,0.9886105060577393,0.5464308261871338,0.6999750733375549,0.607601523399353,0.7702479362487793
run_1789376009_gpu1_env0,106,1,,previous,0.6707521999778692,752,0.9848335683345795,0.9808054169019064,0.9888617197672526,0.9941495656967163,0.9752508401870728,0.9730158448219299,0.9897931218147278,0.9887170791625977,0.9880749583244324,0.5606030225753784,0.9228089451789856,0.6228040456771851,0.602634072303772
run_1789376009_gpu1_env0,107,1,,previous,0.6635017999797128,750,0.9834655821323395,0.9831669529279073,0.9837642113367716,0.9944373369216919,0.9812332391738892,0.9738302826881409,0.9903448224067688,0.9803100228309631,0.980637788772583,0.5538735389709473,0.6789735555648804,0.5975919365882874,0.732218861579895
run_1789376009_gpu1_env0,108,1,,previous,0.6708706000063103,750,0.98525403936704,0.9828746517499288,0.9876334269841512,0.9941916465759277,0.9806020259857178,0.9738302826881409,0.9896537661552429,0.9840604066848755,0.9891861081123352,0.5999844670295715,0.6999750733375549,0.6481001973152161,0.8930672407150269
run_1789376009_gpu1_env0,109,1,,previous,0.6596932999964338,755,0.9856770733992258,0.9816271464029948,0.9897270003954569,0.9938374757766724,0.9779853224754333,0.9730586409568787,0.9927977919578552,0.9866220951080322,0.9897611141204834,0.5745165944099426,0.7952466607093811,0.6396572589874268,0.8453412055969238
run_1789376009_gpu1_env0,110,1,,previous,0.6702241000020877,753,0.9832094311714172,0.9795716802279154,0.9868471821149191,0.9940508008003235,0.9731903672218323,0.9714738726615906,0.9912899136543274,0.9857382774353027,0.983513355255127,0.564691424369812,0.7967216372489929,0.6110945343971252,0.9642864465713501
run_1789376009_gpu1_env0,111,1,,previous,0.6850720000220463,750,0.9863189260164896,0.982770303885142,0.9898675481478373,0.9939087629318237,0.9812583923339844,0.9731437563896179,0.9922544956207275,0.9870347380638123,0.9903134107589722,0.6030537486076355,0.8416293859481812,0.6439841985702515,0.9703551530838013
run_1789376009_gpu1_env0,112,1,,previous,0.6639039000147022,755,0.985632061958313,0.9823282957077026,0.9889358282089233,0.9933430552482605,0.9798115491867065,0.9738302826881409,0.9911602139472961,0.9870238304138184,0.9886234402656555,0.5872325897216797,0.7273927330970764,0.598458468914032,0.5881738662719727
run_1789376009_gpu1_env0,113,1,,previous,0.6832891999802087,751,0.984135627746582,0.9812139272689819,0.9870573282241821,0.994864821434021,0.9773030877113342,0.9714738726615906,0.9904788136482239,0.9832074046134949,0.9874857664108276,0.5416032671928406,0.7380746603012085,0.6580453515052795,0.9634742736816406
run_1789376009_gpu1_env0,114,1,,previous,0.6769554000056814,763,0.9818739692370096,0.9794769287109375,0.9842710097630819,0.9938737750053406,0.9778375029563904,0.9667195081710815,0.9882968664169312,0.9798657894134521,0.9846503734588623,0.5711954236030579,0.605872392654419,0.6475502848625183,0.8327475786209106
run_1789376009_gpu1_env0,115,1,,previous,0.670559799997136,757,0.9841107527414957,0.9809573292732239,0.9872641762097677,0.9941558241844177,0.9772422909736633,0.9714738726615906,0.9903554916381836,0.9862097501754761,0.9852272868156433,0.554635763168335,0.7641265392303467,0.6569660902023315,0.9219604134559631
run_1789376009_gpu1_env0,116,1,,previous,0.6743466000189073,755,0.9871827363967896,0.9849073886871338,0.9894580841064453,0.9936968088150024,0.9831422567367554,0.9778831005096436,0.9923917651176453,0.9862097501754761,0.9897727370262146,0.5734328627586365,0.5602303147315979,0.6036189198493958,0.5671727061271667
run_1789376009_gpu1_env0,117,1,,previous,0.6815719000005629,760,0.9834965964158376,0.9832031528155009,0.9837900400161743,0.9936954379081726,0.9804976582527161,0.975416362285614,0.9899518489837646,0.9790619611740112,0.9823563098907471,0.595862865447998,0.5188876986503601,0.6479553580284119,0.7952466607093811
run_1789376009_gpu1_env0,118,1,,previous,0.675471499998821,758,0.981902132431666,0.982289711634318,0.981514553229014,0.9944767355918884,0.982503354549408,0.9698890447616577,0.9899656176567078,0.9790794849395752,0.9754985570907593,0.588820219039917,0.35936465859413147,0.636993408203125,0.8280346989631653
run_1789376009_gpu1_env0,119,1,,previous,0.6763214000093285,752,0.9843730529149374,0.9817844827969869,0.9869616230328878,0.9934449791908264,0.9811574816703796,0.9707509875297546,0.9920329451560974,0.9836751818656921,0.9851767420768738,0.5767303109169006,0.609093427658081,0.6544363498687744,0.8108415007591248
run_1789376009_gpu1_env0,120,1,,previous,0.6719281999976374,753,0.98260098695755,0.9823547800381979,0.9828471938769022,0.9944767355918884,0.9817444086074829,0.9708431959152222,0.9889298677444458,0.978973925113678,0.980637788772583,0.582308292388916,0.40056270360946655,0.6618833541870117,0.786338746547699
run_1789376009_gpu1_env0,121,1,,previous,0.6728254999907222,759,0.9847964743773142,0.9827380975087484,0.9868548512458801,0.9947248101234436,0.9811574816703796,0.9723320007324219,0.9920765161514282,0.9849372506141663,0.9835507869720459,0.5785202980041504,0.37430012226104736,0.6669033169746399,0.7912999391555786
run_1789376009_gpu1_env0,122,1,,previous,0.6589489000034519,756,0.9841646055380503,0.9803164402643839,0.9880127708117167,0.9944393038749695,0.9765258431434631,0.9699841737747192,0.9922205805778503,0.9853617548942566,0.9864559769630432,0.585389256477356,0.7110690474510193,0.6637893319129944,0.8930672407150269
run_1789376009_gpu1_env0,123,1,,previous,0.6695463999931235,758,0.9848354359467825,0.9825536012649536,0.9871172706286112,0.9945113658905029,0.9792364239692688,0.9739130139350891,0.9911696910858154,0.9837567806243896,0.9864253401756287,0.5975070595741272,0.789814829826355,0.665059506893158,0.6829963326454163
run_1789376009_gpu1_env0,124,1,,previous,0.6671454999886919,758,0.9857944349447886,0.9829120635986328,0.9886768062909445,0.9942283034324646,0.979784369468689,0.9747235178947449,0.9928271770477295,0.9891485571861267,0.984054684638977,0.5813486576080322,0.7143635749816895,0.6417437195777893,0.6032831072807312
run_1789376009_gpu1_env0,125,1,,previous,0.6634635999798775,749,0.9831321835517883,0.9823716084162394,0.9838927586873373,0.9940491318702698,0.9791526794433594,0.9739130139350891,0.9887309074401855,0.9845382571220398,0.9784091114997864,0.5883811116218567,0.6477052569389343,0.6261118650436401,0.565791130065918
run_1789376009_gpu1_env0,126,1,,previous,0.6612703000137117,748,0.9845466613769531,0.9806349476178488,0.9884583751360575,0.9945826530456543,0.9790682196617126,0.9682539701461792,0.9933190941810608,0.9874581694602966,0.9845978617668152,0.5583516359329224,0.35827404260635376,0.6086796522140503,0.7027649879455566
run_1789376009_gpu1_env0,127,1,,previous,0.6680208000179846,749,0.9856358667214712,0.9823366204897562,0.988935112953186,0.9940158128738403,0.9798927903175354,0.9731012582778931,0.9929455518722534,0.9858803749084473,0.9879794120788574,0.6232961416244507,0.6000308394432068,0.6209836006164551,0.7160051465034485
run_1789376009_gpu1_env0,128,1,,previous,0.6645854000234976,764,0.9852704008420309,0.9827991525332133,0.9877416491508484,0.9941216111183167,0.9811320900917053,0.9731437563896179,0.9925965070724487,0.9858568906784058,0.9847715497016907,0.5661931037902832,0.6103770732879639,0.631222665309906,0.7412492632865906
run_1789376009_gpu1_env0,129,1,,previous,0.6595564000017475,752,0.9863002896308899,0.9831152160962423,0.9894853631655375,0.994192898273468,0.9811574816703796,0.9739952683448792,0.9927887916564941,0.9875518679618835,0.9881154298782349,0.6087085604667664,0.5712977051734924,0.6190393567085266,0.659085214138031
run_1789376009_gpu1_env0,130,1,,previous,0.6675773000170011,745,0.9831171631813049,0.9808191657066345,0.9854151606559753,0.9939786791801453,0.9784946441650391,0.9699841737747192,0.9925887584686279,0.9845253229141235,0.9791314005851746,0.5747480988502502,0.7423044443130493,0.6012306213378906,0.6525209546089172
run_1789376009_gpu1_env0,131,1,,previous,0.6607543999853078,755,0.984595000743866,0.9826638499895731,0.9865261514981588,0.9940512180328369,0.9784075617790222,0.9755327701568604,0.9908611178398132,0.9879916906356812,0.9807256460189819,0.628280758857727,0.5059038400650024,0.625094473361969,0.9642864465713501
run_1789376009_gpu1_env0,132,1,,previous,0.661543399997754,758,0.9824218650658926,0.9799302021662394,0.9849135279655457,0.9938746690750122,0.9783783555030823,0.9675375819206238,0.9919652938842773,0.9830227494239807,0.9797525405883789,0.6133211851119995,0.3774237036705017,0.6193729639053345,0.8613921999931335
run_1789376009_gpu1_env0,133,1,,previous,0.6672278000041842,752,0.9853576819101969,0.9828099012374878,0.9879054625829061,0.9940866231918335,0.9804713726043701,0.9738717079162598,0.9941831231117249,0.9887640476226807,0.9807692170143127,0.5519353747367859,0.43968555331230164,0.5641821622848511,0.7338206171989441
run_1789376009_gpu1_env0,134,1,,previous,0.6608248999982607,753,0.9858646293481191,0.9832942684491476,0.9884349902470907,0.994192898273468,0.9818181991577148,0.9738717079162598,0.9926055669784546,0.9884297251701355,0.9842696785926819,0.5929619073867798,0.4571402966976166,0.5952332615852356,1.290588140487671
run_1789376009_gpu1_env0,135,1,,previous,0.66115600001649,741,0.9840987324714661,0.9832618633906046,0.9849356015523275,0.9939445853233337,0.9811574816703796,0.9746835231781006,0.9928217530250549,0.9864029884338379,0.9755820631980896,0.6061021089553833,0.5308178663253784,0.609203577041626,0.7396636605262756
run_1789376009_gpu1_env0,136,1,,previous,0.669289999990724,753,0.985031416018804,0.9834623535474142,0.9866004784901937,0.9936968088150024,0.9811574816703796,0.9755327701568604,0.993630588054657,0.9872585535049438,0.9789122939109802,0.623651385307312,0.719821035861969,0.5649302005767822,0.9341893196105957
run_1789376009_gpu1_env0,137,1,,previous,0.6813741000078153,755,0.9844989975293478,0.9831499457359314,0.985848049322764,0.9941558241844177,0.9798387289047241,0.9754552841186523,0.9929866790771484,0.9848049283027649,0.9797525405883789,0.5828863978385925,0.6446771025657654,0.574152946472168,0.8299230337142944
run_1789376009_gpu1_env0,138,1,,previous,0.6778948999999557,756,0.9836015701293945,0.9812191923459371,0.9859839479128519,0.9934840798377991,0.9817690849304199,0.9684044122695923,0.9928452372550964,0.9819227457046509,0.9831838607788086,0.5932509303092957,0.5987250208854675,0.6361668109893799,0.40348300337791443
run_1789376009_gpu1_env0,139,1,,previous,0.6811619000218343,752,0.9848430355389913,0.9801130294799805,0.9895730415980021,0.993768036365509,0.9757738709449768,0.9707971811294556,0.9929195046424866,0.9892827868461609,0.9865168333053589,0.5678062438964844,0.6483091115951538,0.6318385601043701,0.75795578956604
run_1789376009_gpu1_env0,140,1,,previous,0.6907746000215411,755,0.9842000504334768,0.9826609293619791,0.9857391715049744,0.9945117831230164,0.9811828136444092,0.972288191318512,0.9916161894798279,0.9807613492012024,0.9848399758338928,0.6183924674987793,0.2668786346912384,0.5983062386512756,0.5908293128013611
run_1789376009_gpu1_env0,141,1,,previous,0.6764437999809161,757,0.9849595328172048,0.9841760794321696,0.98574298620224,0.9944058656692505,0.9817444086074829,0.9763779640197754,0.9914059638977051,0.984817385673523,0.9810056090354919,0.5573511123657227,0.5921525359153748,0.6010812520980835,0.5524929165840149
run_1789376009_gpu1_env0,142,1,,previous,0.6873628000030294,751,0.9869620501995087,0.9831833640734354,0.9907407363255819,0.9944755434989929,0.9804713726043701,0.9746031761169434,0.9925169944763184,0.9926047921180725,0.9871004223823547,0.5923027396202087,0.5293412804603577,0.6885220408439636,1.0434274673461914
run_1789376009_gpu1_env0,143,1,,previous,0.6583501000131946,755,0.9855373501777649,0.9796707232793173,0.9914039770762125,0.9942979216575623,0.9811066389083862,0.9636076092720032,0.9941717386245728,0.9901639223098755,0.9898762702941895,0.5522496700286865,0.6373509168624878,0.6057969927787781,0.4528396725654602
run_1789376009_gpu1_env0,144,1,,previous,0.6651570000103675,760,0.9837231934070587,0.9830712080001831,0.9843751788139343,0.9947942495346069,0.9812332391738892,0.9731861352920532,0.9933760166168213,0.9827444553375244,0.9770050644874573,0.5443583130836487,0.5278605818748474,0.6648549437522888,0.7044336199760437
run_1789376009_gpu1_env0,145,1,,previous,0.6598702000046615,748,0.9851325551668803,0.981526792049408,0.9887383182843527,0.9943671822547913,0.9778375029563904,0.9723756909370422,0.9916276931762695,0.9886085987091064,0.9859786629676819,0.5693399906158447,0.7348863482475281,0.5917341113090515,0.5020211338996887
run_1789376009_gpu1_env0,146,1,,previous,0.6775554000050761,752,0.980593075354894,0.9832026163736979,0.9779835343360901,0.9941924810409546,0.9837618470191956,0.9716535210609436,0.9913396835327148,0.9775601625442505,0.9650507569313049,0.6243237853050232,0.5278605818748474,0.6822844743728638,1.0083303451538086
run_1789376009_gpu1_env0,147,1,,previous,0.6689608000160661,755,0.9845894475777944,0.9809698462486267,0.988209048906962,0.9944018721580505,0.9785234928131104,0.9699841737747192,0.9938766956329346,0.9894050359725952,0.9813454151153564,0.5829155445098877,0.7543329000473022,0.6011852025985718,0.5808088183403015
run_1789376009_gpu1_env0,148,1,,previous,0.6668095999921206,750,0.9835304617881775,0.9833325346310934,0.9837283889452616,0.9947240948677063,0.9805499911308289,0.9747235178947449,0.9929196238517761,0.9857781529426575,0.9724873900413513,0.5563864707946777,0.7010923624038696,0.6130161285400391,0.6452838182449341
run_1789376009_gpu1_env0,149,1,,previous,0.6583536999823991,754,0.9817550877730051,0.979467531045278,0.9840426445007324,0.994264543056488,0.9750168919563293,0.9691211581230164,0.993746817111969,0.9853777289390564,0.9730033874511719,0.5595211386680603,0.34717920422554016,0.5888725519180298,0.6305604577064514
run_1789376009_gpu1_env0,150,1,,previous,0.6662293999979738,759,0.987339973449707,0.9852159023284912,0.9894640445709229,0.9940158128738403,0.9837837815284729,0.9778481125831604,0.9910128116607666,0.9885900616645813,0.9887892603874207,0.5875394940376282,0.4316007196903229,0.6459473371505737,0.4343124032020569
run_1789376009_gpu1_env0,151,1,,previous,0.6604164999735076,754,0.9851573010285696,0.9819769263267517,0.9883376757303873,0.9943345785140991,0.9792641997337341,0.9723320007324219,0.9938234686851501,0.9858127236366272,0.9853768348693848,0.5683033466339111,0.8434872627258301,0.6338608264923096,0.5143426060676575
run_1789376009_gpu1_env0,152,1,,previous,0.6729660999844782,751,0.983512282371521,0.9795978466669718,0.9874267180760702,0.9945826530456543,0.975806474685669,0.9684044122695923,0.9923544526100159,0.9879032373428345,0.9820224642753601,0.5301756262779236,0.6293179392814636,0.6428210139274597,0.6045790910720825
run_1789376009_gpu1_env0,153,1,,previous,0.6657800000102725,755,0.9836984674135844,0.9807771841684977,0.986619750658671,0.994476318359375,0.977150559425354,0.9707046747207642,0.9926413893699646,0.9829129576683044,0.9843049049377441,0.5323076248168945,0.6398022770881653,0.6358113288879395,0.4647810459136963
run_1789376009_gpu1_env0,154,1,,previous,0.6762903000053484,756,0.9841051697731018,0.9802079002062479,0.9880024393399557,0.9944400787353516,0.9738079309463501,0.9723756909370422,0.9941921234130859,0.987873911857605,0.981941282749176,0.5360898375511169,0.7110690474510193,0.5947255492210388,0.47063812613487244
run_1789376009_gpu1_env0,155,1,,previous,0.6738896000024397,758,0.9805842141310374,0.9786557952562968,0.982512633005778,0.9944054484367371,0.9778968691825867,0.9636650681495667,0.9916266798973083,0.982300877571106,0.9736103415489197,0.5481720566749573,0.703321635723114,0.5899229049682617,0.33919697999954224
run_1789376009_gpu1_env0,156,1,,previous,0.6646094000025187,747,0.9836441576480865,0.9811878601710001,0.986100455125173,0.994473934173584,0.9799196720123291,0.9691699743270874,0.9925980567932129,0.9906466007232666,0.9750567078590393,0.5319024920463562,0.6039314270019531,0.5780495405197144,0.6268256306648254
run_1789376009_gpu1_env0,157,1,,previous,0.6619906999985687,762,0.9830663899580637,0.9804044365882874,0.9857283433278402,0.994157075881958,0.9785522818565369,0.9685039520263672,0.9933327436447144,0.9841912984848022,0.9796609878540039,0.5478432178497314,0.6667596697807312,0.6373463869094849,0.5747126340866089
run_1789376009_gpu1_env0,158,1,,previous,0.6731116000155453,759,0.9846269488334656,0.9815709988276163,0.9876828988393148,0.9939795732498169,0.9791246056556702,0.9716088175773621,0.9927824139595032,0.9854604005813599,0.9848058819770813,0.5593730211257935,0.5097569823265076,0.658207893371582,0.7284679412841797
run_1789376009_gpu1_env0,159,1,,previous,0.6700643999793101,760,0.9859389265378317,0.9823635816574097,0.9895142714182535,0.9947953820228577,0.9799196720123291,0.9723756909370422,0.9910984635353088,0.9915288686752319,0.98591548204422,0.5936534404754639,0.6691032648086548,0.629650354385376,0.6679324507713318
run_1789376009_gpu1_env0,160,1,,previous,0.6680399000179023,755,0.9831326206525167,0.9818644126256307,0.9844008286794027,0.9946516156196594,0.9786096215248108,0.9723320007324219,0.9905428886413574,0.9841527938842773,0.9785068035125732,0.5694434642791748,0.8156536817550659,0.635883629322052,1.228441596031189
run_1789376009_gpu1_env0,161,1,,previous,0.6869180999929085,746,0.9853209753831228,0.9827193021774292,0.9879226485888163,0.9942983388900757,0.9799465537071228,0.9739130139350891,0.9945307970046997,0.9891347885131836,0.9801023602485657,0.5522243976593018,0.8531751036643982,0.6096187233924866,0.4467492997646332
run_1789376009_gpu1_env0,162,1,,previous,0.671402499981923,753,0.9817448755105337,0.9815429250399271,0.9819468259811401,0.9938733577728271,0.9792364239692688,0.9715189933776855,0.991605281829834,0.9777777791023254,0.976457417011261,0.5969206690788269,0.7957385778427124,0.6219030022621155,0.5410408973693848
run_1789376009_gpu1_env0,163,1,,previous,0.6659325000073295,749,0.9849092364311218,0.9839028914769491,0.9859155813852946,0.9936255812644958,0.982550323009491,0.9755327701568604,0.992120623588562,0.9911218881607056,0.9745042324066162,0.6144456267356873,0.6249497532844543,0.6130020618438721,0.9074131846427917
run_1789376009_gpu1_env0,164,1,,previous,0.6715703999798279,746,0.9868324100971222,0.9841055472691854,0.989559272925059,0.9941203594207764,0.9811574816703796,0.9770388007164001,0.9936284422874451,0.9907444715499878,0.9843049049377441,0.6012762784957886,0.474777489900589,0.5939249992370605,0.5188876986503601
run_1789376009_gpu1_env0,165,1,,previous,0.6900142999948002,755,0.984037846326828,0.9833858211835226,0.9846898714701334,0.9942958950996399,0.9812583923339844,0.9746031761169434,0.9942004680633545,0.9899315237998962,0.9699376225471497,0.5840701460838318,0.6743467450141907,0.5935060977935791,0.3214254379272461
run_1789376009_gpu1_env0,166,1,,previous,0.6733954999945126,761,0.9840228855609894,0.9813059369723002,0.9867398341496786,0.9944723844528198,0.9779264330863953,0.9715189933776855,0.9927019476890564,0.9903225898742676,0.9771949648857117,0.5549620389938354,0.8025944828987122,0.6092257499694824,0.7348863482475281
run_1789376009_gpu1_env0,167,1,,previous,0.6832291999890003,753,0.9831630885601044,0.9823812047640482,0.9839449723561605,0.9940499663352966,0.979180634021759,0.9739130139350891,0.9918844103813171,0.9826262593269348,0.9773242473602295,0.5972116589546204,0.6898379325866699,0.599219799041748,0.5993782877922058
run_1789376009_gpu1_env0,168,1,,previous,0.6653307999949902,751,0.98563880721728,0.9843366543451945,0.9869409600893656,0.994473934173584,0.9838926196098328,0.9746434092521667,0.992586612701416,0.9863563179969788,0.9818799495697021,0.597238302230835,0.46646201610565186,0.6192404627799988,0.3214254379272461
run_1789376009_gpu1_env0,169,1,,previous,0.6631890999851748,752,0.9831700126330057,0.9800488154093424,0.9862912098566691,0.9940853714942932,0.9785234928131104,0.9675375819206238,0.9925854802131653,0.9855189323425293,0.9807692170143127,0.5559337735176086,0.6192882657051086,0.5910944938659668,0.2579303979873657
run_1789376009_gpu1_env0,170,1,,previous,0.6749255000031553,751,0.9853378037611643,0.9818561474482218,0.9888194600741068,0.9939436912536621,0.9785234928131104,0.9731012582778931,0.9915435314178467,0.9875150918960571,0.9873997569084167,0.5898184776306152,0.7138155698776245,0.5774305462837219,0.3238513171672821
run_1789376009_gpu1_env0,171,1,,previous,0.6742056999937631,749,0.9847511251767477,0.9835506478945414,0.9859516024589539,0.9939786791801453,0.9804450273513794,0.9762282371520996,0.992396354675293,0.985401451587677,0.9800570011138916,0.5807481408119202,0.5203939080238342,0.5760020613670349,0.4467492997646332
run_1789376009_gpu1_env0,172,1,,previous,0.6792009000200778,755,0.9865292509396871,0.9831950267155966,0.9898634751637777,0.9947935342788696,0.982503354549408,0.972288191318512,0.9947782754898071,0.9919159412384033,0.9828962087631226,0.573512852191925,0.3956475853919983,0.5448927879333496,0.2825486361980438
run_1789376009_gpu1_env0,173,1,,previous,0.6747312999796122,762,0.9850330253442129,0.9817342956860861,0.9883317550023397,0.9943325519561768,0.9784946441650391,0.9723756909370422,0.9917176365852356,0.987555205821991,0.9857224225997925,0.573223352432251,0.5706123113632202,0.615407407283783,0.8402332067489624
run_1789376009_gpu1_env0,174,1,,previous,0.6762531000131276,766,0.984913557767868,0.9815870324770609,0.9882400830586752,0.9939782619476318,0.9784946441650391,0.972288191318512,0.9952300190925598,0.9895246028900146,0.9799656271934509,0.5865262746810913,0.5961047410964966,0.5382714867591858,0.2373882383108139
run_1789376009_gpu1_env0,175,1,,previous,0.66797479998786,759,0.9843603769938151,0.9839012424151102,0.9848195115725199,0.9938379526138306,0.9831422567367554,0.9747235178947449,0.9931920766830444,0.9863234162330627,0.9749430418014526,0.6205258965492249,0.4297834634780884,0.6171424388885498,0.40251192450523376
run_1789376009_gpu1_env0,176,1,,previous,0.6761244999943301,763,0.9823793967564901,0.9777705272038778,0.9869882663091024,0.9938003420829773,0.9759036302566528,0.9636076092720032,0.9921607375144958,0.9829683899879456,0.9858356714248657,0.5583856105804443,0.7833468317985535,0.5917159914970398,0.5834977030754089
run_1789376009_gpu1_env0,177,1,,previous,0.6718504999880679,769,0.984881599744161,0.9812331994374593,0.9885300000508627,0.9943675994873047,0.9785810112953186,0.9707509875297546,0.9912187457084656,0.9863234162330627,0.9880478382110596,0.5754784345626831,0.551784098148346,0.5517289638519287,0.46813690662384033
run_1789376009_gpu1_env0,178,1,,previous,0.6789748999872245,754,0.9849014580249786,0.9829437931378683,0.986859122912089,0.9938387870788574,0.9818913340568542,0.9731012582778931,0.9930597543716431,0.9858242273330688,0.9816933870315552,0.587169349193573,0.5664823651313782,0.5430160760879517,0.719821035861969
run_1789376009_gpu1_env0,179,1,,previous,0.6780417000118177,762,0.9853656888008118,0.9828458825747172,0.9878854950269064,0.9934831261634827,0.9811828136444092,0.9738717079162598,0.9939822554588318,0.9891696572303772,0.98050457239151,0.609329104423523,0.6644077301025391,0.6152647137641907,0.2866736650466919
run_1789376009_gpu1_env0,180,1,,previous,0.6729545000125654,754,0.9844383895397186,0.9780195156733195,0.9908572634061178,0.9936600923538208,0.97050940990448,0.9698890447616577,0.9931809902191162,0.9914945363998413,0.9878962635993958,0.5016303658485413,0.953265368938446,0.5871455669403076,0.8668270111083984
run_1789376009_gpu1_env0,181,1,,previous,0.6712586000212468,752,0.9812410076459249,0.9827127854029337,0.979769229888916,0.9943325519561768,0.9798927903175354,0.9739130139350891,0.9923197627067566,0.9813916087150574,0.9655963182449341,0.5711061358451843,0.6977351307868958,0.5774310827255249,0.6691032648086548
run_1789376009_gpu1_env0,182,1,,previous,0.7164974999905098,766,0.9805504083633423,0.9842755595842997,0.9768252571423849,0.9942975044250488,0.9838056564331055,0.9747235178947449,0.9933537244796753,0.9811472296714783,0.955974817276001,0.6005914211273193,0.3986039161682129,0.6291596293449402,0.6404136419296265
run_1789376009_gpu1_env0,183,1,,previous,0.6752997000003234,758,0.9831036726633707,0.9822786053021749,0.9839287400245667,0.9939799904823303,0.9805238246917725,0.9723320007324219,0.9923925995826721,0.9851226210594177,0.9742709994316101,0.560940682888031,0.6531204581260681,0.5662738084793091,0.6255756616592407
run_1789376009_gpu1_env0,184,1,,previous,0.6842891999986023,759,0.9834953844547272,0.979007343451182,0.9879834254582723,0.9933067560195923,0.9744966626167297,0.9692186117172241,0.9908841848373413,0.9850866794586182,0.9879794120788574,0.5885298252105713,0.7396636605262756,0.6051538586616516,0.6561095714569092
run_1789376009_gpu1_env0,185,1,,previous,0.6730098999978509,759,0.9843118588129679,0.9826371868451437,0.9859865307807922,0.9942283034324646,0.9798115491867065,0.9738717079162598,0.9917637705802917,0.9867203235626221,0.9794754981994629,0.5385204553604126,0.5774299502372742,0.5788556933403015,0.4015384912490845
run_1789376009_gpu1_env0,186,1,,previous,0.6772291999950539,759,0.9861390590667725,0.9847333033879598,0.9875448147455851,0.9944393038749695,0.9818426370620728,0.9779179692268372,0.9937013983726501,0.9907220602035522,0.978210985660553,0.5822107791900635,0.6477052569389343,0.5682498216629028,0.42336153984069824
run_1789376009_gpu1_env0,187,1,,previous,0.6641570999927353,758,0.9854720632235209,0.9803634683291117,0.9905806581179301,0.9940508008003235,0.977150559425354,0.9698890447616577,0.9929593205451965,0.9931257367134094,0.9856569170951843,0.6186802983283997,0.35718005895614624,0.5632714033126831,0.43968555331230164
run_1789376009_gpu1_env0,188,1,,previous,0.6762937000021338,766,0.984171857436498,0.9811628659566244,0.9871808489163717,0.9940136671066284,0.9779559373855591,0.9715189933776855,0.9911150336265564,0.9870654940605164,0.9833620190620422,0.602198600769043,0.8185274004936218,0.6377336978912354,0.49732187390327454
run_1789376009_gpu1_env0,189,1,,previous,0.6753132999874651,757,0.9844517906506857,0.9804867108662924,0.988416870435079,0.9935901761054993,0.9772117733955383,0.9706581830978394,0.9920059442520142,0.9898826479911804,0.9833620190620422,0.5795677900314331,0.6446771025657654,0.6149235367774963,0.6305604577064514
run_1789376009_gpu1_env0,190,1,,previous,0.6728183999948669,763,0.9844373464584351,0.9782030582427979,0.9906716346740723,0.9939441680908203,0.9744966626167297,0.9661683440208435,0.9933294057846069,0.9918962717056274,0.9867892265319824,0.5855037569999695,0.7263158559799194,0.5562619566917419,0.5787838101387024
run_1789376009_gpu1_env0,191,1,,previous,0.6752269999997225,757,0.9838748077551523,0.9798797369003296,0.9878698786099752,0.994369626045227,0.9745649099349976,0.9707046747207642,0.9929572343826294,0.9878542423248291,0.982798159122467,0.5349722504615784,0.7391343712806702,0.6165456175804138,0.6342733502388
run_1789376009_gpu1_env0,192,1,,previous,0.6741162000107579,753,0.985133429368337,0.9825673500696818,0.9876995086669922,0.9940508008003235,0.9805499911308289,0.9731012582778931,0.9939196109771729,0.9874646067619324,0.9817143082618713,0.5741404891014099,0.6513203978538513,0.6417155265808105,0.5012410283088684
run_1789376009_gpu1_env0,193,1,,previous,0.6786780999973416,763,0.9812352359294891,0.9808743000030518,0.9815961718559265,0.994157075881958,0.9778076410293579,0.9706581830978394,0.9941537976264954,0.9850383996963501,0.9655963182449341,0.6052826046943665,0.36690840125083923,0.5399606227874756,0.4949555993080139
run_1789376009_gpu1_env0,194,1,,previous,0.6760289999947418,761,0.983180453379949,0.982578972975413,0.9837819337844849,0.9936605095863342,0.9817444086074829,0.9723320007324219,0.98994380235672,0.9894822239875793,0.9719197750091553,0.6126596331596375,0.5453635454177856,0.6128804087638855,0.8084245920181274
run_1789376009_gpu1_env0,195,1,,previous,0.6832300999958534,764,0.9841909110546112,0.9826113780339559,0.9857704440752665,0.9942625164985657,0.98128342628479,0.972288191318512,0.9902697801589966,0.987075924873352,0.9799656271934509,0.5449418425559998,0.6812751889228821,0.6191651225090027,0.7192771434783936
run_1789376009_gpu1_env0,196,1,,previous,0.691828799986979,755,0.9861788352330526,0.9831355015436808,0.9892221689224243,0.994440495967865,0.982503354549408,0.9724626541137695,0.9918484091758728,0.9935222864151001,0.9822958111763,0.5543505549430847,0.5105240941047668,0.5305613279342651,0.3936643898487091
run_1789376009_gpu1_env0,197,1,,previous,0.6820886999776121,752,0.9830918610095978,0.9799807469050089,0.9862029751141866,0.993910014629364,0.9784946441650391,0.9675375819206238,0.9928383231163025,0.987484872341156,0.9782857298851013,0.5790331959724426,0.5875081419944763,0.5588497519493103,0.23573395609855652
run_1789376009_gpu1_env0,198,1,,previous,0.681712100020377,757,0.980307936668396,0.9794102311134338,0.9812056422233582,0.9939095973968506,0.9751511216163635,0.9691699743270874,0.9916945695877075,0.9794768691062927,0.9724454879760742,0.5334169864654541,0.7060983180999756,0.5696104764938354,0.3679734468460083
run_1789376009_gpu1_env0,199,1,,previous,0.6852397999900859,757,0.9812894463539124,0.9808341860771179,0.9817447066307068,0.9940162301063538,0.9784075617790222,0.9700787663459778,0.992570161819458,0.9813008308410645,0.9713631272315979,0.5849336981773376,0.5808088183403015,0.6057098507881165,0.738604724407196
run_1789376009_gpu1_env0,200,1,,previous,0.6773183000041172,762,0.982088694969813,0.9818822344144186,0.9822951555252075,0.9940508008003235,0.9784946441650391,0.9731012582778931,0.9939107298851013,0.9852700233459473,0.967704713344574,0.5439152121543884,0.7873334288597107,0.5823319554328918,1.1876208782196045
run_1789376009_gpu1_env0,201,1,,previous,0.668085900018923,751,0.9830544888973236,0.9834305644035339,0.9826784133911133,0.9942632913589478,0.9804186224937439,0.9756097793579102,0.9936892986297607,0.9849287271499634,0.9694172143936157,0.603045642375946,0.5961047410964966,0.6386315822601318,0.7584719657897949
run_1789376009_gpu1_env0,202,1,,previous,0.6732703000016045,762,0.9862082699934641,0.9832246700922648,0.9891918698946635,0.994440495967865,0.9805499911308289,0.9746835231781006,0.9948040843009949,0.9906389713287354,0.9821325540542603,0.5625365376472473,0.5692390203475952,0.5973371267318726,0.5560232400894165
run_1789376009_gpu1_env0,203,1,,previous,0.6925673999940045,764,0.98321666320165,0.9808916449546814,0.9855416814486185,0.9947938919067383,0.9778968691825867,0.9699841737747192,0.99422687292099,0.9889570474624634,0.9734411239624023,0.6178637146949768,0.6458899974822998,0.5626845359802246,0.3368816077709198
run_1789376009_gpu1_env0,204,1,,previous,0.6761800000094809,759,0.9849126040935516,0.9824500679969788,0.9873751401901245,0.9945468306541443,0.9804713726043701,0.9723320007324219,0.9935598969459534,0.9893267750740051,0.979238748550415,0.5709349513053894,0.49178269505500793,0.49276480078697205,0.4511079490184784
run_1789376009_gpu1_env0,205,1,,previous,0.6991583999770228,760,0.9838060140609741,0.9840355714162191,0.9835764567057291,0.9942637085914612,0.9831194877624512,0.9747235178947449,0.9932212829589844,0.9852216839790344,0.9722864031791687,0.5797026753425598,0.46813690662384033,0.5814922451972961,0.5602303147315979
run_1789376009_gpu1_env0,206,1,,previous,0.6810816999932285,760,0.9828245143095652,0.9828017155329386,0.9828473130861918,0.9942987561225891,0.9818181991577148,0.972288191318512,0.9898490905761719,0.9871315956115723,0.9715612530708313,0.5212079882621765,0.5158621072769165,0.5832632184028625,1.0168333053588867
run_1789376009_gpu1_env0,207,1,,previous,0.6686870999983512,761,0.9846008320649465,0.9799595673878988,0.9892420967419943,0.9942625164985657,0.9772117733955383,0.9684044122695923,0.9940476417541504,0.9929431080818176,0.9807355403900146,0.5789472460746765,0.6869955658912659,0.5869144797325134,0.7732905149459839
run_1789376009_gpu1_env0,208,1,,previous,0.6652054000005592,762,0.9823602338631948,0.9824645320574442,0.9822559356689453,0.9944767355918884,0.9804976582527161,0.9724192023277283,0.9928688406944275,0.9883817434310913,0.9655172228813171,0.5789139866828918,0.5233933329582214,0.5768526196479797,0.6440697908401489
run_1789376009_gpu1_env0,209,1,,previous,0.6691940999880899,757,0.9819577634334564,0.9831860661506653,0.9807294607162476,0.993768036365509,0.9811066389083862,0.9746835231781006,0.9906409382820129,0.985785961151123,0.9657614827156067,0.601317286491394,0.5330249667167664,0.5889525413513184,0.8021066784858704
run_1789376009_gpu1_env0,210,1,,previous,0.6702064000128303,762,0.9813486039638519,0.9809733033180237,0.9817239046096802,0.9941933155059814,0.9778375029563904,0.9708890914916992,0.9958351850509644,0.9912244081497192,0.9581121206283569,0.5645972490310669,0.6477052569389343,0.476841002702713,0.5233933329582214
run_1789376009_gpu1_env0,211,1,,previous,0.6748917000077199,759,0.9792091051737467,0.9837433894475301,0.9746748208999634,0.994440495967865,0.9805238246917725,0.9762658476829529,0.9904460906982422,0.9866443872451782,0.9469339847564697,0.5939889550209045,0.4764232635498047,0.580752968788147,0.5453635454177856
run_1789376009_gpu1_env0,212,1,,previous,0.6718669000256341,746,0.9825374086697897,0.9835912187894186,0.9814835985501608,0.9943337440490723,0.9825268983840942,0.9739130139350891,0.994978666305542,0.9827658534049988,0.9667062759399414,0.5829793214797974,0.5637122392654419,0.5724422335624695,0.8232948184013367
run_1789376009_gpu1_env0,213,1,,previous,0.6693962000135798,756,0.9834839800993601,0.9798792600631714,0.987088700135549,0.9943341612815857,0.9745989441871643,0.9707046747207642,0.9936472177505493,0.9907094836235046,0.9769093990325928,0.5603076815605164,0.8156536817550659,0.5954412817955017,0.7878302931785583
run_1789376009_gpu1_env0,214,1,,previous,0.675340599991614,753,0.9813378552595774,0.980833113193512,0.9818425973256429,0.9941566586494446,0.9798387289047241,0.9685039520263672,0.9952788949012756,0.9907251000404358,0.9595237970352173,0.5746472477912903,0.5719823241233826,0.541546642780304,0.6071627736091614
run_1789376009_gpu1_env0,215,1,,previous,0.6691631999856327,755,0.983945240577062,0.9826831022898356,0.9852073788642883,0.9940866231918335,0.9831194877624512,0.9708431959152222,0.9943795800209045,0.9941176176071167,0.9671249389648438,0.6069906949996948,0.41021624207496643,0.5778908133506775,0.6495152711868286
run_1789376009_gpu1_env0,216,1,,previous,0.6660872000211384,752,0.983695407708486,0.9837787747383118,0.98361204067866,0.9946867227554321,0.9812332391738892,0.975416362285614,0.9958174228668213,0.9907329678535461,0.9642857313156128,0.5383518934249878,0.6943616271018982,0.6070210337638855,0.6549155712127686
run_1789376009_gpu1_env0,217,1,,previous,0.681592200009618,746,0.9819155037403107,0.983342448870341,0.9804885586102804,0.9946523904800415,0.9799196720123291,0.9754552841186523,0.99491947889328,0.9877894520759583,0.9587567448616028,0.5479209423065186,0.7981938719749451,0.48161616921424866,0.6293179392814636
run_1789376009_gpu1_env0,218,1,,previous,0.6786342000123113,749,0.982869933048884,0.9817960460980734,0.9839438199996948,0.9938357472419739,0.9792641997337341,0.972288191318512,0.9940574765205383,0.9928721189498901,0.964901864528656,0.5813555717468262,0.9022228717803955,0.5276939868927002,0.40056270360946655
run_1789376009_gpu1_env0,219,1,,previous,0.6722716999938712,758,0.9811739226182302,0.981665849685669,0.9806819955507914,0.9943325519561768,0.9792364239692688,0.9714285731315613,0.9944304823875427,0.9916107654571533,0.9560047388076782,0.5441575050354004,0.6778197884559631,0.5752071738243103,0.381548672914505
run_1789376009_gpu1_env0,220,1,,previous,0.6737845000170637,759,0.9845710595448812,0.9846951564153036,0.9844469626744589,0.9938737750053406,0.9838709831237793,0.9763407111167908,0.99443119764328,0.9898989796638489,0.9690107107162476,0.6037580370903015,0.6293179392814636,0.5788951516151428,1.023737907409668
run_1789376009_gpu1_env0,221,1,,previous,0.6874814000038896,757,0.9811651806036631,0.9840225179990133,0.978307843208313,0.9940853714942932,0.9825268983840942,0.9754552841186523,0.9939445853233337,0.9793510437011719,0.9616279006004333,0.5904519557952881,0.5066767930984497,0.5660092830657959,1.314624547958374
run_1789376009_gpu1_env0,222,1,,previous,0.6837095000082627,760,0.9812605381011963,0.9798667430877686,0.982654333114624,0.9933775067329407,0.977150559425354,0.969072163105011,0.9940046668052673,0.9861052632331848,0.9678530693054199,0.6118083000183105,0.5151029229164124,0.6270119547843933,1.3562407493591309
run_1789376009_gpu1_env0,223,1,,previous,0.6813990999944508,751,0.9792563716570536,0.9816753069559733,0.9768374363581339,0.9939424395561218,0.9772117733955383,0.9738717079162598,0.9929727911949158,0.9806234240531921,0.956916093826294,0.5484474301338196,0.7543329000473022,0.6184579133987427,1.297845721244812
run_1789376009_gpu1_env0,224,1,,previous,0.7150619000021834,744,0.9810594518979391,0.979627788066864,0.982491115729014,0.9945113658905029,0.9752508401870728,0.9691211581230164,0.9925318360328674,0.9890387654304504,0.9659027457237244,0.553447961807251,0.7853426337242126,0.63555508852005,1.494624137878418
run_1789376009_gpu1_env0,225,1,,previous,0.6615360000287183,750,0.9811040262381235,0.9799370169639587,0.9822710355122884,0.9935194253921509,0.9731903672218323,0.9731012582778931,0.9948567152023315,0.9894914031028748,0.9624649882316589,0.5746106505393982,0.7610474824905396,0.5855386257171631,0.975182831287384
run_1789376009_gpu1_env0,226,1,,previous,0.6744580000231508,751,0.9822842081387838,0.9831627607345581,0.9814056555430094,0.9943333864212036,0.9804713726043701,0.9746835231781006,0.9930266737937927,0.9903401732444763,0.9608501195907593,0.563279390335083,0.5263757109642029,0.5345122814178467,0.9396197199821472
run_1789376009_gpu1_env0,227,1,,previous,0.6706265999819152,756,0.9845210413138071,0.9835485418637594,0.985493540763855,0.9943341612815857,0.9832102060317993,0.9731012582778931,0.9950998425483704,0.9911727905273438,0.9702079892158508,0.5629277229309082,0.5143426060676575,0.5641066431999207,0.936699628829956
run_1789376009_gpu1_env0,228,1,,previous,0.6684282999776769,754,0.9820984403292338,0.9832212726275126,0.980975608030955,0.9944042563438416,0.9805760383605957,0.9746835231781006,0.9941269755363464,0.9853372573852539,0.9634625911712646,0.5798623561859131,0.5322902798652649,0.5509195923805237,0.5248866677284241
run_1789376009_gpu1_env0,229,1,,previous,0.6636668000137433,750,0.9820112884044647,0.9804772138595581,0.9835453629493713,0.9944728016853333,0.9737727046012878,0.9731861352920532,0.9947348833084106,0.9907718300819397,0.9651293754577637,0.597425103187561,0.6006827354431152,0.5733178853988647,0.543926477432251
run_1789376009_gpu1_env0,230,1,,previous,0.6742517999955453,752,0.9824159542719523,0.9802128275235494,0.9846190810203552,0.9943345785140991,0.9764626622200012,0.9698412418365479,0.9941849708557129,0.99204021692276,0.9676320552825928,0.5588769912719727,0.40734419226646423,0.5972371101379395,0.5188876986503601
run_1789376009_gpu1_env0,231,1,,previous,0.6717015000176616,752,0.9828358689943949,0.9840189019838969,0.981652836004893,0.9941216111183167,0.9824798107147217,0.9754552841186523,0.9938207268714905,0.9920468926429749,0.9590908885002136,0.5978800654411316,0.4121198058128357,0.5484597086906433,0.333378404378891
run_1789376009_gpu1_env0,232,1,,previous,0.6597767000203021,745,0.9798707763353983,0.980108360449473,0.9796331922213236,0.994192898273468,0.9777777791023254,0.9683544039726257,0.994369626045227,0.9899328947067261,0.9545970559120178,0.5224869251251221,0.5120549201965332,0.5521430969238281,0.46055182814598083
run_1789376009_gpu1_env0,233,1,,previous,0.666503400017973,749,0.9813485244909922,0.980606476465861,0.9820905725161234,0.9940866231918335,0.9784656763076782,0.9692671298980713,0.9931532144546509,0.9920201301574707,0.9610983729362488,0.5562025904655457,0.5503637790679932,0.5747098326683044,0.6549155712127686
run_1789376009_gpu1_env0,234,1,,previous,0.6698238000099082,751,0.9826966722806295,0.9834955135981241,0.9818978309631348,0.9938737750053406,0.9811574816703796,0.9754552841186523,0.9937607049942017,0.9916107654571533,0.9603220224380493,0.6300919055938721,0.46562233567237854,0.5342769622802734,0.6841413974761963
run_1789376009_gpu1_env0,235,1,,previous,0.6675484000006691,758,0.9828714927037557,0.9825440247853597,0.9831989606221517,0.9940857887268066,0.9804450273513794,0.9731012582778931,0.9944304823875427,0.991603672504425,0.9635627269744873,0.6109774708747864,0.508988618850708,0.5199222564697266,0.6531204581260681
run_1789376009_gpu1_env0,236,1,,previous,0.6666172999830451,741,0.9829320212205251,0.9826480150222778,0.9832160274187723,0.9942625164985657,0.9798927903175354,0.9737887382507324,0.9949163794517517,0.9890939593315125,0.965637743473053,0.5477717518806458,0.6835691332817078,0.5672414302825928,0.9779880046844482
run_1789376009_gpu1_env0,237,1,,previous,0.6657730999868363,759,0.9847293198108673,0.9836970567703247,0.9857615828514099,0.9938034415245056,0.9817936420440674,0.9754940867424011,0.9941849708557129,0.9928721189498901,0.9702276587486267,0.60833740234375,0.5747126340866089,0.5988428592681885,0.602634072303772
run_1789376009_gpu1_env0,238,1,,previous,0.6659497999935411,752,0.9838298658529917,0.9828470945358276,0.9848126371701559,0.994476318359375,0.9824561476707458,0.9716088175773621,0.9935176372528076,0.9903320670127869,0.970588207244873,0.5279095768928528,0.41306832432746887,0.556229829788208,0.6367365717887878
run_1789376009_gpu1_env0,239,1,,previous,0.6663661999918986,761,0.9824595749378204,0.9838895400365194,0.9810296098391215,0.9943337440490723,0.9811066389083862,0.9762282371520996,0.9943094849586487,0.989535391330719,0.9592439532279968,0.577616810798645,0.4853748083114624,0.5583733320236206,0.5794596076011658
run_1789376009_gpu1_env0,240,1,,previous,0.6684100999846123,758,0.9837914705276489,0.9817039171854655,0.9858790238698324,0.9942274689674377,0.9785522818565369,0.9723320007324219,0.9944284558296204,0.9924623370170593,0.9707462787628174,0.5641884207725525,0.7548515200614929,0.5280237793922424,0.4764232635498047
run_1789376009_gpu1_env0,241,1,,previous,0.665209099999629,749,0.9818437993526459,0.9810653328895569,0.9826222658157349,0.9942632913589478,0.9798115491867065,0.9691211581230164,0.9940661787986755,0.9878304600715637,0.9659701585769653,0.5370156168937683,0.6078070402145386,0.5299432277679443,0.5074486136436462
run_1789376009_gpu1_env0,242,1,,previous,0.6575061999901664,754,0.9839953084786733,0.9829498728116354,0.9850407441457113,0.9943345785140991,0.9806020259857178,0.9739130139350891,0.9938830733299255,0.989535391330719,0.9717037677764893,0.5909773707389832,0.8504183888435364,0.5088909864425659,0.5467968583106995
run_1789376009_gpu1_env0,243,1,,previous,0.7000842999841552,744,0.9825147887070974,0.9796668887138367,0.985362688700358,0.9936255812644958,0.9778375029563904,0.9675375819206238,0.9940647482872009,0.992436945438385,0.9695863723754883,0.5971341729164124,0.5848376154899597,0.5108892321586609,0.68012535572052
run_1789376009_gpu1_env0,244,1,,previous,0.6737805999873672,755,0.9827994207541147,0.9807115991910299,0.9848872423171997,0.9934491515159607,0.9772117733955383,0.9714738726615906,0.994674026966095,0.992443323135376,0.9675443768501282,0.5908243656158447,0.7610474824905396,0.5450700521469116,0.7401925921440125
run_1789376009_gpu1_env0,245,1,,previous,0.6908945000031963,754,0.9855680366357168,0.9842042326927185,0.986931840578715,0.9940149784088135,0.9839141964912415,0.9746835231781006,0.99259352684021,0.9891121983528137,0.9790897965431213,0.5866446495056152,0.6960504055023193,0.5574469566345215,0.8113240003585815
run_1789376009_gpu1_env0,246,1,,previous,0.6910885999968741,745,0.9838726619879404,0.9817582766215006,0.9859870473543803,0.9939799904823303,0.9804976582527161,0.9707971811294556,0.9948573708534241,0.9920268654823303,0.9710769057273865,0.5378646850585938,0.6404136419296265,0.52683424949646,0.5105240941047668
run_1789376009_gpu1_env0,247,1,,previous,0.6861903000099119,756,0.9841649134953817,0.9835637013117472,0.9847661256790161,0.9941924810409546,0.982503354549408,0.9739952683448792,0.9940046668052673,0.9911578893661499,0.9691358208656311,0.6170419454574585,0.5410408973693848,0.4900643825531006,0.80697101354599
run_1789376009_gpu1_env0,248,1,,previous,0.6642417999973986,768,0.9855321248372396,0.9833236138025919,0.9877406358718872,0.9940140843391418,0.9812332391738892,0.9747235178947449,0.9945502281188965,0.9916387796401978,0.9770328998565674,0.6132098436355591,0.620550811290741,0.5885624885559082,0.6135744452476501
run_1789376009_gpu1_env0,249,1,,previous,0.6731455000117421,761,0.9844430883725485,0.9818518161773682,0.9870343605677286,0.9950770735740662,0.9813084006309509,0.9691699743270874,0.9932664036750793,0.989535391330719,0.9783012866973877,0.5784244537353516,0.6702721118927002,0.5530726313591003,0.6032831072807312
run_1789376009_gpu1_env0,250,1,,previous,0.6833656000089832,757,0.9844859937826792,0.9828313589096069,0.9861406286557516,0.9944054484367371,0.9824798107147217,0.9716088175773621,0.9941864013671875,0.9928780794143677,0.9713574051856995,0.566105842590332,0.42057928442955017,0.5100639462471008,0.36584022641181946
run_1789376009_gpu1_env0,251,1,,previous,0.6789667000120971,757,0.9841930468877157,0.9830538829167684,0.985332210858663,0.9940153956413269,0.9812332391738892,0.9739130139350891,0.9944304823875427,0.991603672504425,0.969962477684021,0.5536162257194519,0.6644077301025391,0.546356201171875,0.5352230072021484
run_1789376009_gpu1_env0,252,1,,previous,0.6708083999983501,750,0.9836154182751974,0.9838796257972717,0.9833512107531229,0.9944050312042236,0.982550323009491,0.9746835231781006,0.9918729066848755,0.9895090460777283,0.9686716794967651,0.5749147534370422,0.5921525359153748,0.5625694394111633,0.6731851100921631
run_1789376009_gpu1_env0,253,1,,previous,0.6677184000145644,754,0.9822129607200623,0.9801259438196818,0.9842999776204427,0.9941562414169312,0.9778671860694885,0.9683544039726257,0.9944304823875427,0.9899159669876099,0.9685534834861755,0.5784884095191956,0.5868416428565979,0.5313673615455627,0.4861803948879242
run_1789376009_gpu1_env0,254,1,,previous,0.6718131999950856,751,0.9809138278166453,0.9789970715840658,0.9828305840492249,0.9942629337310791,0.9759036302566528,0.9668246507644653,0.9943703413009644,0.9869911670684814,0.9671302437782288,0.5235418081283569,0.8232948184013367,0.4712667763233185,0.23573395609855652
run_1789376009_gpu1_env0,255,1,,previous,0.670203899993794,753,0.9830013314882914,0.9806349674860636,0.9853676954905192,0.9945098161697388,0.9773635268211365,0.9700315594673157,0.9934576749801636,0.9928721189498901,0.9697732925415039,0.5766897201538086,1.1882799863815308,0.5638827085494995,0.5671727061271667
run_1789376009_gpu1_env0,256,1,,previous,0.6707174000039231,747,0.9828195969263712,0.9794818758964539,0.9861573179562887,0.9941554069519043,0.9759358167648315,0.9683544039726257,0.9958933591842651,0.9903563857078552,0.9722222089767456,0.5412142872810364,0.8686310648918152,0.5636501312255859,0.6489124894142151
run_1789376009_gpu1_env0,257,1,,previous,0.6764554999826942,756,0.9828748305638632,0.9792564113934835,0.9864932497342428,0.9940491318702698,0.9745989441871643,0.9691211581230164,0.9929693937301636,0.992443323135376,0.9740670323371887,0.5305324792861938,0.9125739932060242,0.5600839257240295,0.5623220205307007
run_1789376009_gpu1_env0,258,1,,previous,0.6775282000016887,756,0.9814127286275228,0.9771486520767212,0.9856768051783243,0.9936968088150024,0.9731543660163879,0.9645947813987732,0.9943087697029114,0.9924496412277222,0.9702720046043396,0.5436854362487793,0.9329318404197693,0.5505664944648743,0.5993782877922058
run_1789376009_gpu1_env0,259,1,,previous,0.6706973999971524,764,0.9850919942061106,0.9837472836176554,0.9864367047945658,0.9939445853233337,0.9825737476348877,0.9747235178947449,0.9946733713150024,0.9924496412277222,0.9721871018409729,0.5996925830841064,0.7763210535049438,0.5687132477760315,0.5322902798652649
run_1789376009_gpu1_env0,260,1,,previous,0.6720119999954477,750,0.9834094146887461,0.9818154374758402,0.985003391901652,0.9937640428543091,0.9785810112953186,0.9731012582778931,0.9928321838378906,0.9861982464790344,0.975979745388031,0.5715584754943848,0.7878302931785583,0.5910316705703735,0.6367365717887878
run_1789376009_gpu1_env0,261,1,,previous,0.6551592000178061,756,0.9847800930341085,0.9838711023330688,0.9856890837351481,0.9942278861999512,0.9818913340568542,0.9754940867424011,0.9930933117866516,0.992436945438385,0.9715369939804077,0.5778455138206482,0.6655846834182739,0.5342455506324768,0.49098628759384155
run_1789376009_gpu1_env0,262,1,,previous,0.6790038000035565,750,0.9840100109577179,0.9826045433680216,0.9854154785474142,0.9938737750053406,0.9830966591835022,0.9708431959152222,0.9935184121131897,0.9924560189247131,0.9702720046043396,0.6146550178527832,0.463094025850296,0.5052968859672546,0.46224814653396606
run_1789376009_gpu1_env0,263,1,,previous,0.6755035000096541,766,0.9835316141446432,0.9813557267189026,0.9857075015703837,0.9939436912536621,0.9777477979660034,0.9723756909370422,0.994369626045227,0.992443323135376,0.9703095555305481,0.6178454756736755,0.6336560845375061,0.5254613161087036,0.42057928442955017
run_1789376009_gpu1_env0,264,1,,previous,0.6952318000257947,755,0.983687569697698,0.9818252126375834,0.9855499267578125,0.9944054484367371,0.9779264330863953,0.9731437563896179,0.9932680726051331,0.9886981844902039,0.9746835231781006,0.5794979333877563,0.7517343759536743,0.5940239429473877,0.43700727820396423
run_1789376009_gpu1_env0,265,1,,previous,0.6710733000072651,756,0.983657052119573,0.9799432754516602,0.9873708287874857,0.9938034415245056,0.9744623899459839,0.971563994884491,0.994550883769989,0.9928780794143677,0.9746835231781006,0.5455145835876465,0.6909716129302979,0.5874345898628235,0.6584911942481995
run_1789376009_gpu1_env0,266,1,,previous,0.6835289999726228,758,0.9839526315530142,0.9815430641174316,0.9863621989885966,0.9934496283531189,0.9778671860694885,0.9733123779296875,0.9944913983345032,0.992443323135376,0.9721518754959106,0.6097484827041626,0.6129363179206848,0.548801839351654,0.5941319465637207
run_1789376009_gpu1_env0,267,1,,previous,0.6764453999930993,751,0.9825383424758911,0.9814791878064474,0.9835974971453348,0.9945101737976074,0.9740518927574158,0.9758754968643188,0.9935184121131897,0.9894914031028748,0.9677826762199402,0.5852094888687134,1.2589657306671143,0.572003185749054,0.6864256858825684
run_1789376009_gpu1_env0,268,1,,previous,0.6777408999914769,760,0.9833285013834635,0.9805727203687032,0.9860842823982239,0.9938724637031555,0.9773030877113342,0.9705426096916199,0.9934576749801636,0.9932942390441895,0.9715009331703186,0.5584250092506409,1.1309040784835815,0.5101181864738464,0.4714689254760742
run_1789376009_gpu1_env0,269,1,,previous,0.6725871000089683,759,0.9795846144358317,0.9749853213628134,0.9841839075088501,0.9939074516296387,0.9693333506584167,0.9617151618003845,0.9940053820610046,0.9895002245903015,0.9690461158752441,0.5717292428016663,1.3940930366516113,0.5307767391204834,0.49889323115348816
run_1789376009_gpu1_env0,270,1,,previous,0.6652578000212088,761,0.9809733728567759,0.9776020646095276,0.9843446811040243,0.9942274689674377,0.9719626307487488,0.9666160941123962,0.9923402070999146,0.9853617548942566,0.9753320813179016,0.5683467984199524,1.289981484413147,0.5604599118232727,0.6293179392814636
run_1789376009_gpu1_env0,271,1,,previous,0.6656074999773409,757,0.9809593756993612,0.9746595819791158,0.9872591694196066,0.9945433139801025,0.9654714465141296,0.9639639854431152,0.9938755631446838,0.9908027052879333,0.9770992398262024,0.5190410017967224,1.6835365295410156,0.6012858748435974,0.5760728716850281
run_1789376009_gpu1_env0,272,1,,previous,0.6774585999955889,750,0.9805148343245188,0.9756930073102316,0.9853366613388062,0.9937671422958374,0.9718875288963318,0.9614243507385254,0.994369626045227,0.9920201301574707,0.9696202278137207,0.5464563965797424,0.9030900597572327,0.5658025145530701,0.6173895597457886
run_1789376009_gpu1_env0,273,1,,previous,0.7156257000169717,751,0.9796780943870544,0.9762561321258545,0.9831000566482544,0.9942983388900757,0.9718875288963318,0.962582528591156,0.9945529103279114,0.989535391330719,0.9652118682861328,0.5062536001205444,0.9549061059951782,0.5246054530143738,0.33102232217788696
run_1789376009_gpu1_env0,274,1,,previous,0.7423209000262432,755,0.9825252095858256,0.9778451720873514,0.9872052470842997,0.9940849542617798,0.9785810112953186,0.960869550704956,0.9943060278892517,0.99204021692276,0.9752694964408875,0.5807668566703796,1.2146649360656738,0.5844830870628357,0.6167553663253784
run_1789376009_gpu1_env0,275,1,,previous,0.7125477000081446,754,0.9807776610056559,0.9783239165941874,0.9832314054171244,0.9942637085914612,0.9744966626167297,0.9662113785743713,0.9943703413009644,0.9882352948188782,0.9670885801315308,0.5233730673789978,0.8775957226753235,0.5568229556083679,0.5308178663253784
run_1789376009_gpu1_env0,276,1,,previous,0.7040851000056136,757,0.9833736220995585,0.9807604551315308,0.9859867890675863,0.9938737750053406,0.9784075617790222,0.9700000286102295,0.9932138919830322,0.9920134544372559,0.9727330207824707,0.5889915823936462,0.7625885605812073,0.6042922139167786,0.9177058339118958
run_1789376009_gpu1_env0,277,1,,previous,0.7223024000122678,748,0.9817659060160319,0.9797578454017639,0.9837739666302999,0.9946173429489136,0.9752177000045776,0.9694384932518005,0.9934584498405457,0.9895090460777283,0.9683544039726257,0.5253114700317383,1.0309756994247437,0.5260345935821533,0.5855063796043396
run_1789376009_gpu1_env0,278,1,,previous,0.6992481000197586,755,0.9830385943253835,0.979972779750824,0.986104408899943,0.9939095973968506,0.9784946441650391,0.9675140976905823,0.9943689703941345,0.992443323135376,0.9715009331703186,0.5674645900726318,0.8055148124694824,0.5567727088928223,0.6561095714569092
run_1789376009_gpu1_env0,279,1,,previous,0.6732612999912817,753,0.9823286632696787,0.9794025818506876,0.9852547446886698,0.9935897588729858,0.9770580530166626,0.9675599336624146,0.9937006831169128,0.992443323135376,0.9696202278137207,0.6284210085868835,0.6737661361694336,0.5217775106430054,0.5128186345100403
run_1789376009_gpu1_env0,280,1,,previous,0.6950419000058901,763,0.9829986194769541,0.979764461517334,0.9862327774365743,0.9942987561225891,0.9792364239692688,0.965758204460144,0.9945502281188965,0.9907640814781189,0.9733840227127075,0.593936562538147,0.9341893196105957,0.5525293946266174,0.7687221765518188
run_1789376009_gpu1_env0,281,1,,previous,0.6969686000084039,755,0.9794248143831888,0.975641151269277,0.9832084774971008,0.9945460557937622,0.975184440612793,0.9571929574012756,0.9946746826171875,0.989084780216217,0.965865969657898,0.5564202666282654,0.8060005307197571,0.5030496120452881,0.4316007196903229
run_1789376009_gpu1_env0,282,1,,previous,0.7094400000059977,752,0.9807442526022593,0.9769454995791117,0.9845430056254069,0.9940140843391418,0.9726119041442871,0.9642105102539062,0.9932754635810852,0.9907718300819397,0.9695817232131958,0.5541589260101318,1.2820689678192139,0.5636987090110779,0.5801345705986023
run_1789376009_gpu1_env0,283,1,,previous,0.7043231000134256,754,0.98212069272995,0.9783774216969808,0.9858639637629191,0.9937326312065125,0.9770889282226562,0.9643107056617737,0.9944913983345032,0.9928661584854126,0.9702343344688416,0.6142634153366089,0.8527162671089172,0.5511434674263,0.4981082081794739
run_1789376009_gpu1_env0,284,1,,previous,0.7355382999812718,747,0.9788782298564911,0.9735708236694336,0.9841856360435486,0.9938029646873474,0.9743935465812683,0.9525159597396851,0.9938222765922546,0.9903401732444763,0.9683944582939148,0.5547047853469849,0.4343124032020569,0.5546209216117859,0.5602303147315979
run_1789376009_gpu1_env0,285,1,,previous,0.7364124000014272,752,0.9827688733736674,0.9793831904729208,0.9861545562744141,0.9945433139801025,0.9832102060317993,0.9603960514068604,0.9932746291160583,0.9924560189247131,0.9727330207824707,0.6240456104278564,0.40251192450523376,0.595146119594574,0.6726034283638
run_1789376009_gpu1_env0,286,1,,previous,0.733583199995337,751,0.9813886185487112,0.9767431418100992,0.986034095287323,0.9935364127159119,0.9758388996124268,0.9608541131019592,0.9936991333961487,0.9928661584854126,0.9715369939804077,0.6002988219261169,0.4458724558353424,0.5617123246192932,0.44762441515922546
run_1789376009_gpu1_env0,287,1,,previous,0.7250659000128508,755,0.9828692575295767,0.9812521537144979,0.9844863613446554,0.9932246208190918,0.9819155931472778,0.968616247177124,0.992668628692627,0.9899412989616394,0.9708491563796997,0.6042181253433228,0.6006827354431152,0.560849666595459,0.7553697824478149
run_1789376009_gpu1_env0,288,1,,previous,0.725788299983833,757,0.9839992423852285,0.9817247986793518,0.9862736860911051,0.9929594993591309,0.9826897382736206,0.969525158405304,0.9961370825767517,0.9924496412277222,0.9702343344688416,0.5906871557235718,0.8842595219612122,0.539550244808197,0.5388665795326233
run_1789376009_gpu1_env0,289,1,,previous,0.6883752000285313,757,0.987094521522522,0.9868529438972473,0.9873360991477966,0.9934059381484985,0.9820359349250793,0.9851169586181641,0.9957065582275391,0.9928840398788452,0.9734176993370056,0.5880638957023621,0.6807004809379578,0.5826451182365417,0.6667596697807312
run_1789376009_gpu1_env0,290,1,,previous,0.7074104999774136,764,0.9836954772472382,0.9823398391405741,0.9850511153539022,0.9935888051986694,0.9724047183990479,0.9810259938240051,0.9941262602806091,0.9920201301574707,0.9690069556236267,0.5587735772132874,0.5066767930984497,0.5444057583808899,0.6154849529266357
run_1789376009_gpu1_env0,291,1,,previous,0.6932004999835044,760,0.9839746952056885,0.9841632644335429,0.9837861259778341,0.994262158870697,0.9772283434867859,0.9809992909431458,0.9932762980461121,0.9903401732444763,0.9677419066429138,0.5844285488128662,0.7187328934669495,0.5056408047676086,0.46393829584121704
run_1789376009_gpu1_env0,292,1,,previous,0.6870629999903031,764,0.9831562638282776,0.9811603426933289,0.9851521849632263,0.9935696125030518,0.9750159978866577,0.9748954176902771,0.994612455368042,0.9924496412277222,0.9683944582939148,0.5995197296142578,0.9771873950958252,0.5161036252975464,0.45197466015815735
run_1789376009_gpu1_env0,293,1,,previous,0.7848416999913752,756,0.9825806220372518,0.9823551774024963,0.9828060666720072,0.9929061532020569,0.9750798940658569,0.9790794849395752,0.9937591552734375,0.989535391330719,0.9651236534118652,0.5680683255195618,0.597416341304779,0.48526448011398315,0.2866736650466919
run_1789376009_gpu1_env0,294,1,,previous,0.893584200006444,764,0.9799835582574209,0.9750795960426331,0.9848875204722086,0.9929003715515137,0.9649999737739563,0.9673384428024292,0.9942479729652405,0.9920201301574707,0.9683944582939148,0.5814571380615234,0.9379522204399109,0.5326266288757324,0.463094025850296
run_1789376009_gpu1_env0,295,1,,previous,0.8501537000120152,764,0.9839485088984171,0.9828471938769022,0.985049823919932,0.9927817583084106,0.9759407639503479,0.9798190593719482,0.9947348833084106,0.9920201301574707,0.9683944582939148,0.5860698223114014,0.7763210535049438,0.5359082818031311,0.49574559926986694
run_1789376009_gpu1_env0,296,1,,previous,0.9840331000159495,766,0.9842814604441324,0.9837468067804972,0.9848161141077677,0.9928088784217834,0.9812688827514648,0.9771626591682434,0.9958938360214233,0.9907718300819397,0.9677826762199402,0.5873876810073853,0.9795874357223511,0.5938557386398315,0.5760728716850281
run_1789376009_gpu1_env0,297,1,,previous,0.9650130000081845,759,0.9837566713492075,0.9822058081626892,0.985307534535726,0.9923643469810486,0.9742668867111206,0.9799861907958984,0.9934568405151367,0.9928840398788452,0.9695817232131958,0.5747731328010559,0.6708556413650513,0.5239942669868469,0.5128186345100403
run_1789376009_gpu1_env0,298,1,,previous,1.0329127000004519,760,0.9823179344336191,0.9791793823242188,0.9854564865430196,0.9925054311752319,0.9711316227912903,0.973901093006134,0.9938830733299255,0.9928661584854126,0.9696202278137207,0.6182927489280701,0.6679324507713318,0.5324321389198303,0.5082191824913025
run_1789376009_gpu1_env0,299,1,,previous,0.9523172000190243,762,0.9856451650460561,0.9853164553642273,0.9859738747278849,0.9906849265098572,0.9735631942749023,0.9917012453079224,0.9960765242576599,0.9916107654571533,0.9702343344688416,0.6345043182373047,1.1371161937713623,0.5537208318710327,0.6789735555648804
run_1789376009_gpu1_env0,300,1,,previous,0.9776437999971677,758,0.9842547277609507,0.9839297731717428,0.9845796823501587,0.9907578825950623,0.9760178327560425,0.9850136041641235,0.99443119764328,0.9903401732444763,0.9689676761627197,0.6056501269340515,0.9316723942756653,0.536297619342804,0.5143426060676575
run_1789376009_gpu1_env0,301,1,,previous,0.9337215000123251,760,0.9847860336303711,0.9838711420694987,0.9857009251912435,0.991633415222168,0.9797482490539551,0.980231761932373,0.9943634271621704,0.9912023544311523,0.9715369939804077,0.6026038527488708,0.9871490001678467,0.5917657613754272,0.7044336199760437
run_1789376009_gpu1_env0,302,1,,previous,0.9652147000015248,765,0.9855976104736328,0.9849563837051392,0.9862388372421265,0.9925552606582642,0.9793322682380676,0.9829816222190857,0.9940046668052673,0.9920134544372559,0.9726983904838562,0.6568874716758728,0.9679321646690369,0.571318507194519,0.846266508102417
run_1789376009_gpu1_env0,303,1,,previous,1.011167500022566,753,0.979427695274353,0.9724761644999186,0.9863792260487875,0.9913626313209534,0.9649398326873779,0.9611260294914246,0.9946131110191345,0.992443323135376,0.9720812439918518,0.6402111053466797,0.9859589338302612,0.5881747603416443,0.7279305458068848
run_1789376009_gpu1_env0,304,1,,previous,0.9368781999801286,762,0.9817085564136505,0.9824060996373495,0.9810110131899515,0.991728663444519,0.9804727435112,0.9750168919563293,0.9938222765922546,0.9840871095657349,0.9651236534118652,0.6968461275100708,1.3714499473571777,0.5349896550178528,0.5841680765151978
run_1789376009_gpu1_env0,305,1,,previous,0.9535432000120636,756,0.980199376742045,0.9752790729204813,0.9851196805636088,0.9894355535507202,0.9659318923950195,0.9704697728157043,0.9947342872619629,0.9916177988052368,0.9690069556236267,0.6986290216445923,1.1686862707138062,0.5345056056976318,0.4813265800476074
run_1789376009_gpu1_env0,306,1,,previous,0.9417761000222526,757,0.9798560241858164,0.9772843321164449,0.982427716255188,0.9890759587287903,0.9682462215423584,0.974530816078186,0.9940654635429382,0.9873949289321899,0.9658227562904358,0.736598014831543,1.1110032796859741,0.5769703388214111,0.614848792552948
run_1789376009_gpu1_env0,307,1,,previous,0.9429134999809321,761,0.972722460826238,0.9594020446141561,0.9860428770383199,0.9863284826278687,0.9469112157821655,0.9449664354324341,0.9916243553161621,0.9899665713310242,0.9765377044677734,0.7271068096160889,1.289374589920044,0.6020022034645081,0.6807004809379578
run_1789376009_gpu1_env0,308,1,,previous,0.788903599983314,760,0.9834476510683695,0.9806468288103739,0.9862484733263651,0.989836573600769,0.9769194722175598,0.975184440612793,0.9935744404792786,0.9899328947067261,0.9752380847930908,0.7322565913200378,1.471133828163147,0.6118075847625732,0.7641265392303467
run_1789376009_gpu1_env0,309,1,,previous,0.8291154000035021,764,0.9793858031431834,0.9722699522972107,0.9865016539891561,0.9892639517784119,0.9707927703857422,0.956753134727478,0.9945515990257263,0.9928721189498901,0.9720812439918518,0.7019037008285522,1.276562213897705,0.5641268491744995,0.602634072303772
run_1789376009_gpu1_env0,310,1,,previous,0.8175943000242114,761,0.9797341326872507,0.9726016918818156,0.9868665734926859,0.9852107763290405,0.9640745520591736,0.9685197472572327,0.9945442080497742,0.9895178079605103,0.9765377044677734,0.7524711489677429,1.3382294178009033,0.6296319961547852,0.84580397605896
run_1789376009_gpu1_env0,311,1,,previous,0.7996882000006735,751,0.9832613269488016,0.9823211034138998,0.9842015504837036,0.9902615547180176,0.9786286950111389,0.9780730605125427,0.9930857419967651,0.988669753074646,0.9708491563796997,0.7412245869636536,1.154874563217163,0.5679972767829895,0.5143426060676575
run_1789376009_gpu1_env0,312,1,,previous,0.8242595000192523,764,0.9838997522989908,0.9804771343866984,0.9873223702112833,0.9907042980194092,0.9759930372238159,0.9747340679168701,0.9947336316108704,0.9920268654823303,0.9752066135406494,0.7195103764533997,1.081732153892517,0.54493248462677,0.6812751889228821
run_1789376009_gpu1_env0,313,1,,previous,0.8121826999995392,759,0.9852385322252909,0.9848041733105978,0.9856728911399841,0.9879648089408875,0.9817708134651184,0.9846768975257874,0.9933337569236755,0.991603672504425,0.9720812439918518,0.8112237453460693,1.388184905052185,0.5539873838424683,0.6116580367088318
run_1789376009_gpu1_env0,314,1,,previous,0.8367098000016995,768,0.9859733879566193,0.9870022932688395,0.984944482644399,0.9927431344985962,0.9867578148841858,0.9815059304237366,0.9942479729652405,0.9916177988052368,0.9689676761627197,0.7622838616371155,1.2480380535125732,0.5321900248527527,0.4405747354030609
run_1789376009_gpu1_env0,315,1,,previous,0.8012626999989152,770,0.9863233466943105,0.9887281457583109,0.9839185476303101,0.9906001687049866,0.9881255030632019,0.9874587655067444,0.9949779510498047,0.9878100156784058,0.9689676761627197,0.7263841032981873,1.0719190835952759,0.5841842889785767,0.8030819296836853
run_1789376009_gpu1_env0,316,1,,previous,0.7207101999956649,757,0.9826606810092926,0.9817655881245931,0.9835557738939921,0.9878634214401245,0.982367753982544,0.9750655889511108,0.9938845634460449,0.9903482794761658,0.9664344787597656,0.7156801819801331,0.9895248413085938,0.5607427954673767,0.560928463935852
run_1789376009_gpu1_env0,317,1,,previous,0.6882794999983162,766,0.9802565177281698,0.9748849272727966,0.9856281081835429,0.9823038578033447,0.9726141095161438,0.9697368144989014,0.9944304823875427,0.9928721189498901,0.9695817232131958,0.6967800259590149,0.7962302565574646,0.5570077896118164,0.5787838101387024
run_1789376009_gpu1_env0,318,1,,previous,0.6839547000126913,751,0.9827293952306112,0.9819716413815817,0.9834871490796407,0.9880858063697815,0.9828290939331055,0.9750000238418579,0.9941878318786621,0.989924430847168,0.966349184513092,0.691368818283081,0.9557254314422607,0.5272395014762878,0.49889323115348816
run_1789376009_gpu1_env0,319,1,,previous,0.6664470999967307,748,0.9869269728660583,0.9883511066436768,0.9855028390884399,0.9913211464881897,0.990212082862854,0.9835200905799866,0.9946746826171875,0.9928661584854126,0.9689676761627197,0.6936120390892029,0.8308655619621277,0.5551972389221191,0.487787663936615
run_1789376009_gpu1_env0,320,1,,previous,0.6991888000047766,765,0.9853242039680481,0.9874818921089172,0.983166515827179,0.9873997569084167,0.9861788749694824,0.9888670444488525,0.9933353662490845,0.9890756011009216,0.9670885801315308,0.7325344085693359,0.6000308394432068,0.5632222890853882,0.6943616271018982
run_1789376009_gpu1_env0,321,1,,previous,0.7099764999875333,759,0.9842360516389211,0.9831185936927795,0.9853535095850626,0.98436439037323,0.9867735505104065,0.9782178401947021,0.9931489825248718,0.9907949566841125,0.9721165895462036,0.6961191892623901,0.5961047410964966,0.5533043742179871,0.5256317257881165
run_1789376009_gpu1_env0,322,1,,previous,0.6630693000042811,756,0.9855812986691793,0.9841875632603964,0.9869750340779623,0.9848121404647827,0.9821862578392029,0.9855642914772034,0.9938123822212219,0.9912244081497192,0.9758883118629456,0.7256709337234497,0.6477052569389343,0.5905055403709412,0.5128186345100403
run_1789376009_gpu1_env0,323,1,,previous,0.6667912999982946,742,0.9853760898113251,0.9852252801259359,0.9855268994967142,0.9828364849090576,0.9852820634841919,0.9875572919845581,0.9936991333961487,0.9932998418807983,0.9695817232131958,0.7003726959228516,0.35277023911476135,0.574131190776825,0.5020211338996887
run_1789376009_gpu1_env0,324,1,,previous,0.6545283999876119,753,0.9840636750062307,0.9837012887001038,0.9844260613123575,0.9840319156646729,0.9862899780273438,0.9807819724082947,0.9944304823875427,0.991187572479248,0.967660129070282,0.7010582089424133,1.0557323694229126,0.5405676364898682,0.5706123113632202
run_1789376009_gpu1_env0,325,1,,previous,0.6869550000119489,740,0.9848514199256897,0.9823878804842631,0.9873149593671163,0.9791894555091858,0.9811320900917053,0.9868420958518982,0.9936375617980957,0.9924496412277222,0.975857675075531,0.7219217419624329,0.42057928442955017,0.5677105188369751,0.7209075689315796
run_1789376009_gpu1_env0,326,1,,previous,0.6474367000046186,755,0.9860528906186422,0.984754204750061,0.9873515764872233,0.9872241616249084,0.9827658534049988,0.9842725992202759,0.9949114322662354,0.9912244081497192,0.9759188890457153,0.7568390369415283,1.062752366065979,0.5428891181945801,0.5066767930984497
run_1789376009_gpu1_env0,327,1,,previous,0.671990700007882,742,0.9878137310345968,0.9897369345029196,0.985890527566274,0.9902200698852539,0.9907094836235046,0.98828125,0.9941864013671875,0.9932885766029358,0.9701966047286987,0.7315133810043335,0.6199198961257935,0.5410500764846802,0.5128186345100403
run_1789376009_gpu1_env0,328,1,,previous,0.683880800002953,748,0.985257645448049,0.9856015841166178,0.98491370677948,0.9912170767784119,0.988964319229126,0.9766233563423157,0.9940046668052673,0.9924623370170593,0.9682741165161133,0.7309895753860474,0.7055438160896301,0.532917320728302,0.4647810459136963
run_1789376009_gpu1_env0,329,1,,previous,0.6763572999916505,742,0.9852018157641093,0.984298825263977,0.9861048062642416,0.983523428440094,0.9902335405349731,0.979139506816864,0.9944298267364502,0.9924560189247131,0.9714285731315613,0.7586992383003235,0.6404136419296265,0.5573917627334595,0.62807297706604
