run,frame,optimized,skipped,init,time_s,correspondences,dice_mean,dice_left_mean,dice_right_mean,dice_left_shaft,dice_left_wrist,dice_left_grippers,dice_right_shaft,dice_right_wrist,dice_right_grippers,left_translation_error_mm,left_rotation_error_deg,right_translation_error_mm,right_rotation_error_deg
run_1789376009_gpu1_env0,0,1,,perturb-gt,0.8081309999979567,734,0.9889013866583506,0.9884272217750549,0.9893755515416464,0.9889196753501892,0.9906769394874573,0.9856850504875183,0.992529034614563,0.9878711700439453,0.9877264499664307,0.6936928033828735,0.4933716654777527,0.6604143977165222,1.0828169584274292
run_1789376009_gpu1_env0,1,1,,previous,0.6512700000021141,726,0.9858427345752716,0.9871867100397745,0.9844987591107687,0.9888579249382019,0.9890732765197754,0.9836289286613464,0.9910283088684082,0.9819857478141785,0.9804822206497192,0.6938430070877075,0.30901041626930237,0.6503009796142578,0.881600022315979
run_1789376009_gpu1_env0,2,1,,previous,0.6436585000192281,729,0.9851942757765452,0.9878483812014262,0.9825401703516642,0.988950252532959,0.9930753707885742,0.9815195202827454,0.9906129240989685,0.9845511317253113,0.9724564552307129,0.7114681005477905,0.24389328062534332,0.6521189212799072,0.8956926465034485
run_1789376009_gpu1_env0,3,1,,previous,0.6536212000064552,729,0.9827179213364919,0.9803495407104492,0.9850863019625345,0.9781420826911926,0.985401451587677,0.977505087852478,0.9923896789550781,0.9870129823684692,0.9758562445640564,0.7801566123962402,0.6167553663253784,0.6724397540092468,1.1260486841201782
run_1789376009_gpu1_env0,4,1,,previous,0.6421262999938335,727,0.9830446441968282,0.9785781304041544,0.987511157989502,0.9714285731315613,0.9862236380577087,0.9780821800231934,0.9907189607620239,0.9895528554916382,0.9822616577148438,0.6591565608978271,0.7758167386054993,0.6788648366928101,0.9181321859359741
run_1789376009_gpu1_env0,5,1,,previous,0.6446106999937911,725,0.9818145831425985,0.9796657562255859,0.983963410059611,0.9738652110099792,0.9862348437309265,0.978897213935852,0.9919734001159668,0.9845253229141235,0.9753915071487427,0.701631486415863,0.46646201610565186,0.651212215423584,0.8820438385009766
run_1789376009_gpu1_env0,6,1,,previous,0.6393363999959547,729,0.9863322873910269,0.9881188074747721,0.9845457673072815,0.9875862002372742,0.9890820980072021,0.9876881241798401,0.9922544956207275,0.9870238304138184,0.9743589758872986,0.748335599899292,0.7192771434783936,0.5982109308242798,0.830394446849823
run_1789376009_gpu1_env0,7,1,,previous,0.6566310000198428,732,0.9810842672983805,0.9749981760978699,0.9871703584988912,0.9641434550285339,0.9821862578392029,0.9786648154258728,0.99500972032547,0.9870455265045166,0.979455828666687,0.7510999441146851,1.032492995262146,0.6008370518684387,0.7702479362487793
run_1789376009_gpu1_env0,8,1,,previous,0.7164251999929547,734,0.9844768047332764,0.9818803866704305,0.9870732227961222,0.9838274717330933,0.9858356714248657,0.9759780168533325,0.9900580048561096,0.986186683177948,0.9849749803543091,0.7878332138061523,0.6268256306648254,0.6549938321113586,0.9446045160293579
run_1789376009_gpu1_env0,9,1,,previous,0.657782700000098,737,0.9836656252543131,0.980726977189382,0.9866042733192444,0.9765012860298157,0.9863123893737793,0.9793672561645508,0.9919756650924683,0.9857142567634583,0.9821228981018066,0.7342698574066162,0.5263757109642029,0.7141757011413574,1.2966389656066895
run_1789376009_gpu1_env0,10,1,,previous,0.652110700000776,734,0.9818235337734222,0.9745956261952718,0.9890514413515726,0.9655172228813171,0.9755706787109375,0.9826989769935608,0.9937612414360046,0.9907795190811157,0.9826135635375977,0.7277035713195801,1.1730316877365112,0.6847895979881287,1.0564734935760498
run_1789376009_gpu1_env0,11,1,,previous,0.672167000011541,739,0.9858137766520182,0.9830742478370667,0.9885533054669698,0.9762202501296997,0.9896000027656555,0.9834024906158447,0.9933554530143738,0.9891394972801208,0.9831649661064148,0.731916069984436,0.8793776631355286,0.6820232272148132,0.9078444242477417
run_1789376009_gpu1_env0,12,1,,previous,0.666497199999867,738,0.9820389250914255,0.9758339126904806,0.9882439374923706,0.9732360243797302,0.9785544276237488,0.9757112860679626,0.9925270080566406,0.9874160885810852,0.984788715839386,0.7521172165870667,0.6293179392814636,0.6818182468414307,1.2750285863876343
run_1789376009_gpu1_env0,13,1,,previous,0.6555142999859527,736,0.9856498638788859,0.9829396406809489,0.9883600870768229,0.9846153855323792,0.9841897487640381,0.9800137877464294,0.9926562309265137,0.9882254004478455,0.9841986298561096,0.7855777144432068,0.7252374887466431,0.664787232875824,1.3235257863998413
run_1789376009_gpu1_env0,14,1,,previous,0.6699189000064507,741,0.9845041334629059,0.9789217909177145,0.9900864760080973,0.9861751198768616,0.9874213933944702,0.9631688594818115,0.9934858083724976,0.9903482794761658,0.9864253401756287,0.7732448577880859,1.3288377523422241,0.6770583391189575,0.9811842441558838
run_1789376009_gpu1_env0,15,1,,previous,0.6628781000035815,736,0.983040581146876,0.9799325068791708,0.9861486554145813,0.9821826219558716,0.9840404987335205,0.9735743999481201,0.9900525212287903,0.9865546226501465,0.9818388223648071,0.7183054685592651,1.228441596031189,0.7159978151321411,1.3994170427322388
run_1789376009_gpu1_env0,16,1,,previous,0.7049025000014808,738,0.981213261683782,0.9768469134966532,0.9855796098709106,0.9810126423835754,0.983391284942627,0.9661368131637573,0.9922523498535156,0.9815126061439514,0.9829738736152649,0.7800590395927429,0.8833738565444946,0.6761124134063721,1.2835944890975952
run_1789376009_gpu1_env0,17,1,,previous,0.6566156999906525,734,0.9859331051508585,0.9839867949485779,0.9878794153531393,0.9856557250022888,0.987022876739502,0.9792817831039429,0.9939041137695312,0.9844733476638794,0.9852607846260071,0.6913976669311523,1.0950366258621216,0.6772863864898682,0.97437983751297
run_1789376009_gpu1_env0,18,1,,previous,0.6539180999970995,735,0.9834192395210266,0.9811243017514547,0.9857141772905985,0.9825918674468994,0.9855403304100037,0.9752407073974609,0.9903421401977539,0.9832496047019958,0.9835507869720459,0.6863861083984375,0.8270888924598694,0.6294025182723999,0.6391903758049011
run_1789376009_gpu1_env0,19,1,,previous,0.650722999998834,729,0.9793813625971476,0.9740855495134989,0.9846771756807963,0.9752973318099976,0.979485273361206,0.9674740433692932,0.9903395175933838,0.982367753982544,0.9813242554664612,0.767646312713623,1.142609715461731,0.6215283274650574,0.7600182890892029
run_1789376009_gpu1_env0,20,1,,previous,0.6643225000007078,729,0.9821480711301168,0.9755058685938517,0.9887902736663818,0.980223536491394,0.9821561574935913,0.9641379117965698,0.9896451830863953,0.9886506795883179,0.9880749583244324,0.7557516694068909,0.524140477180481,0.6641938090324402,1.1277852058410645
run_1789376009_gpu1_env0,21,1,,previous,0.6663339999795426,731,0.9812120695908865,0.9747642477353414,0.9876598914464315,0.9812551140785217,0.9817651510238647,0.9612724781036377,0.9930786490440369,0.985774040222168,0.9841269850730896,0.7362722754478455,0.9771873950958252,0.647151529788971,0.8842595219612122
run_1789376009_gpu1_env0,22,1,,previous,0.6842479000042658,747,0.9828637838363647,0.9794264237085978,0.9863011439641317,0.9783616662025452,0.9841726422309875,0.9757449626922607,0.9921194314956665,0.9849246144294739,0.9818593859672546,0.732886016368866,1.3217504024505615,0.6406102180480957,0.7506924271583557
run_1789376009_gpu1_env0,23,1,,previous,0.6595984000014141,753,0.9846149881680807,0.979610025882721,0.9896199504534403,0.9766423106193542,0.9822569489479065,0.9799308180809021,0.9934948086738586,0.9878508448600769,0.9875141978263855,0.7240806221961975,0.9966186285018921,0.6228875517845154,0.8708809018135071
run_1789376009_gpu1_env0,24,1,,previous,0.6652927999966778,744,0.9786675771077474,0.9724429845809937,0.9848921696345011,0.9645293354988098,0.9796776175498962,0.9731220006942749,0.9901947379112244,0.9798488616943359,0.9846329092979431,0.6628063321113586,0.37115025520324707,0.6551541090011597,0.7496490478515625
run_1789376009_gpu1_env0,25,1,,previous,0.6573534999915864,742,0.9817606111367544,0.9773178895314535,0.9862033327420553,0.9697749018669128,0.9826147556304932,0.9795640110969543,0.9907522201538086,0.9832074046134949,0.9846503734588623,0.6761132478713989,0.27124202251434326,0.6619070172309875,0.9759852886199951
run_1789376009_gpu1_env0,26,1,,previous,0.6461037999833934,746,0.980994979540507,0.9748968482017517,0.9870931108792623,0.97122722864151,0.9776847958564758,0.9757785201072693,0.9912971258163452,0.9836340546607971,0.9863481521606445,0.6756427884101868,0.6324195861816406,0.6264005899429321,0.8559229373931885
run_1789376009_gpu1_env0,27,1,,previous,0.6780182999791577,751,0.9861381749312083,0.9823752840360006,0.989901065826416,0.9825136661529541,0.9854166507720947,0.9791955351829529,0.9926683902740479,0.9878610372543335,0.9891737699508667,0.6701140403747559,0.5567265748977661,0.6254945397377014,0.8991813063621521
run_1789376009_gpu1_env0,28,1,,previous,0.712624700012384,748,0.982468714316686,0.9787919123967489,0.9861455162366232,0.9865202307701111,0.9871483445167542,0.9627071619033813,0.991561770439148,0.9856781959533691,0.9811965823173523,0.7437466979026794,0.5692390203475952,0.6853117346763611,1.3455209732055664
run_1789376009_gpu1_env0,29,1,,previous,0.7260146000189707,765,0.9836187859376272,0.9810274243354797,0.9862101475397745,0.9908424615859985,0.9867225885391235,0.9655172228813171,0.9908865094184875,0.9819403886795044,0.9858035445213318,0.6779629588127136,0.489389568567276,0.6432042121887207,0.8627541065216064
run_1789376009_gpu1_env0,30,1,,previous,0.7015134000102989,756,0.9871466557184855,0.9836105306943258,0.9906827807426453,0.9862557053565979,0.983859658241272,0.9807162284851074,0.9939024448394775,0.989535391330719,0.9886105060577393,0.626400887966156,0.32983800768852234,0.6065205931663513,0.7803435325622559
run_1789376009_gpu1_env0,31,1,,previous,0.7235484999837354,766,0.987001637617747,0.9849839210510254,0.9890193541844686,0.9903809428215027,0.9859648942947388,0.9786059260368347,0.9901838898658752,0.9899497628211975,0.986924409866333,0.6900027394294739,0.7656615376472473,0.6693122982978821,0.7605330944061279
run_1789376009_gpu1_env0,32,1,,previous,0.7143863999808673,766,0.986643652121226,0.986470103263855,0.986817200978597,0.9890652298927307,0.9855175018310547,0.9848275780677795,0.9919822812080383,0.9849372506141663,0.9835320711135864,0.7249453067779541,0.4493695795536041,0.6267693042755127,0.765150249004364
run_1789376009_gpu1_env0,33,1,,previous,0.6973853999807034,757,0.9816750387350718,0.9793128768603007,0.9840372006098429,0.9873170852661133,0.9782840609550476,0.9723374843597412,0.9896509051322937,0.9807047247886658,0.9817559719085693,0.7169436812400818,1.1490991115570068,0.6611888408660889,1.027553677558899
run_1789376009_gpu1_env0,34,1,,previous,0.6861629000050016,760,0.9878221253554026,0.984438975652059,0.9912052750587463,0.9894800186157227,0.9846702218055725,0.9791666865348816,0.9929431080818176,0.9903482794761658,0.9903244376182556,0.6868982911109924,0.4343124032020569,0.6831985712051392,1.1467125415802002
run_1789376009_gpu1_env0,35,1,,previous,0.6898061000101734,763,0.9846072594324747,0.9814264973004659,0.9877880215644836,0.987250566482544,0.9806728959083557,0.976356029510498,0.9930805563926697,0.9845123291015625,0.9857711791992188,0.6605328917503357,0.7077590227127075,0.6412526965141296,0.8600281476974487
run_1789376009_gpu1_env0,36,1,,previous,0.6998115000023972,766,0.9855267802874247,0.9819880326588949,0.9890655279159546,0.9883871078491211,0.977729856967926,0.9798471331596375,0.9915710687637329,0.9870020747184753,0.9886234402656555,0.6937436461448669,0.8434872627258301,0.6055412888526917,0.789814829826355
run_1789376009_gpu1_env0,37,1,,previous,0.6959902999806218,761,0.98405322432518,0.9815520246823629,0.9865544239679972,0.9866220951080322,0.9796066880226135,0.9784272909164429,0.9899296164512634,0.9828092455863953,0.986924409866333,0.6897826790809631,0.5602303147315979,0.6563647985458374,0.960219144821167
run_1789376009_gpu1_env0,38,1,,previous,0.6902089999930467,753,0.98618217309316,0.9836759567260742,0.9886883894602457,0.9857270121574402,0.9820840954780579,0.9832167625427246,0.9919667840003967,0.9849246144294739,0.9891737699508667,0.6972911357879639,0.7444102764129639,0.6483927369117737,0.9458466172218323
run_1789376009_gpu1_env0,39,1,,previous,0.6799824999761768,754,0.9833926260471344,0.982941726843516,0.9838435252507528,0.9893238544464111,0.9889543652534485,0.9705469608306885,0.9896622896194458,0.9789915680885315,0.982876718044281,0.716587245464325,0.5868416428565979,0.6285654902458191,1.0079421997070312
run_1789376009_gpu1_env0,40,1,,previous,0.6918484999914654,756,0.9836199283599854,0.9784512917200724,0.9887885649998983,0.9848661422729492,0.9750836491584778,0.9754040837287903,0.9918451905250549,0.9870347380638123,0.9874857664108276,0.7051212191581726,0.4334104061126709,0.6429879665374756,0.7532945871353149
run_1789376009_gpu1_env0,41,1,,previous,0.6861736999999266,757,0.9848024050394694,0.9843677481015524,0.9852370619773865,0.9882783889770508,0.9822221994400024,0.9826026558876038,0.9895172119140625,0.9815436005592346,0.9846503734588623,0.7056564092636108,0.6255756616592407,0.637637197971344,0.6921035051345825
run_1789376009_gpu1_env0,42,1,,previous,0.69861699998728,761,0.984760046005249,0.9802958965301514,0.9892241954803467,0.9885215163230896,0.9803773760795593,0.9719887971878052,0.9910283088684082,0.9874581694602966,0.9891861081123352,0.7326392531394958,0.6887024641036987,0.62141352891922,0.6489124894142151
run_1789376009_gpu1_env0,43,1,,previous,0.692861699993955,759,0.9871237377325693,0.9853139718373617,0.9889335036277771,0.9909764528274536,0.9855182766914368,0.9794471859931946,0.9904735684394836,0.9848739504814148,0.9914529919624329,0.6769046187400818,0.7306137084960938,0.6548352241516113,1.0241200923919678
run_1789376009_gpu1_env0,44,1,,previous,0.6802026999939699,763,0.9844820201396942,0.9806370536486307,0.9883269866307577,0.9890875816345215,0.9754224419593811,0.9774011373519897,0.9918451905250549,0.9845123291015625,0.9886234402656555,0.7014000415802002,0.5211454033851624,0.6544615626335144,0.77833491563797
run_1789376009_gpu1_env0,45,1,,previous,0.6942290000151843,766,0.9847086668014526,0.983022669951121,0.9863946636517843,0.9905254244804382,0.9790372848510742,0.9795053005218506,0.9881248474121094,0.9852879643440247,0.9857711791992188,0.6959085464477539,0.7480813264846802,0.7258375287055969,1.1955037117004395
run_1789376009_gpu1_env0,46,1,,previous,0.685223100008443,761,0.9820896883805593,0.980691115061442,0.9834882616996765,0.9914576411247253,0.9812206625938416,0.9693950414657593,0.9892503023147583,0.9794377088546753,0.981776773929596,0.7031214237213135,0.7072058916091919,0.6277551054954529,0.8740208745002747
run_1789376009_gpu1_env0,47,1,,previous,0.6884990000107791,761,0.9837381740411123,0.9784560799598694,0.9890202681223551,0.9922739863395691,0.9802371263504028,0.9628571271896362,0.9904709458351135,0.9874160885810852,0.9891737699508667,0.7512477040290833,0.7412492632865906,0.6150239706039429,0.8695316314697266
run_1789376009_gpu1_env0,48,1,,previous,0.698931699997047,762,0.9864480892817179,0.9875362714131674,0.9853599071502686,0.9938604831695557,0.9880478382110596,0.9807004928588867,0.9904788136482239,0.981528103351593,0.9840728044509888,0.7101368308067322,0.4845678210258484,0.5621165633201599,0.6898379325866699
run_1789376009_gpu1_env0,49,1,,previous,0.7012838000082411,760,0.9848323861757914,0.9805548787117004,0.9891098936398824,0.9912413954734802,0.9747089743614197,0.9757142663002014,0.9925311207771301,0.9861751198768616,0.9886234402656555,0.6596444249153137,0.5395923256874084,0.6519011855125427,1.005998969078064
run_1789376009_gpu1_env0,50,1,,previous,0.6956501000095159,754,0.9863064189751943,0.9841324885686239,0.9884803493817648,0.9927881956100464,0.9797242283821106,0.9798850417137146,0.9921172857284546,0.9869911670684814,0.9863325953483582,0.6851966977119446,0.3774237036705017,0.6615708470344543,1.069360375404358
run_1789376009_gpu1_env0,51,1,,previous,0.6834008000150789,769,0.986255923906962,0.9818648894627889,0.9906469583511353,0.9913774728775024,0.9751861095428467,0.9790310859680176,0.9937664270401001,0.9878610372543335,0.9903134107589722,0.6907090544700623,0.7311491370201111,0.6651493906974792,0.9650977253913879
run_1789376009_gpu1_env0,52,1,,previous,0.6714073000184726,756,0.9844350516796112,0.9840828776359558,0.9847872257232666,0.9936536550521851,0.9824561476707458,0.9761388301849365,0.9880181550979614,0.9811162352561951,0.9852272868156433,0.6977693438529968,0.6065179109573364,0.6190804243087769,0.7268545031547546
run_1789376009_gpu1_env0,53,1,,previous,0.6998556000180542,754,0.987524668375651,0.9891821344693502,0.9858672022819519,0.9952560663223267,0.9861286282539368,0.9861617088317871,0.9910283088684082,0.9819403886795044,0.9846329092979431,0.6290770173072815,0.3560827076435089,0.6254096031188965,0.7763210535049438
run_1789376009_gpu1_env0,54,1,,previous,0.6766296999994665,750,0.9849237402280172,0.982354998588562,0.9874924818674723,0.9923098087310791,0.9765258431434631,0.9782293438911438,0.9899296164512634,0.9844864010810852,0.9880614280700684,0.6376519203186035,0.2755363881587982,0.6184062361717224,0.8996164798736572
run_1789376009_gpu1_env0,55,1,,previous,0.7171510999905877,764,0.9837226271629333,0.984218974908193,0.9832262794176737,0.9923691153526306,0.9814094305038452,0.978878378868103,0.9885659217834473,0.9799163341522217,0.9811965823173523,0.6498951315879822,0.6584911942481995,0.5802844166755676,0.595447838306427
run_1789376009_gpu1_env0,56,1,,previous,0.6996496999927331,764,0.9861839811007181,0.983094851175944,0.9892731110254923,0.9931069612503052,0.9782040119171143,0.9779735803604126,0.990884006023407,0.9866108894348145,0.9903244376182556,0.6942831873893738,1.2162748575210571,0.6869491338729858,0.986752450466156
run_1789376009_gpu1_env0,57,1,,previous,0.7484886000165716,756,0.9865118861198425,0.9848108688990275,0.9882129033406576,0.992882251739502,0.9792494773864746,0.982300877571106,0.9912923574447632,0.9836203455924988,0.9897260069847107,0.6533259749412537,0.6766641139984131,0.634103536605835,1.1501203775405884
run_1789376009_gpu1_env0,58,1,,previous,0.7159427000151481,764,0.9864680071671804,0.9829063614209493,0.9900296529134115,0.994742214679718,0.9835189580917358,0.970457911491394,0.9937664270401001,0.9882746934890747,0.9880478382110596,0.6298215389251709,1.2561649084091187,0.5921393632888794,0.7952466607093811
run_1789376009_gpu1_env0,59,1,,previous,0.7883576000167523,755,0.9881522059440613,0.9893208344777426,0.98698357741038,0.9950858354568481,0.9854413270950317,0.9874353408813477,0.9904866814613342,0.9841004014015198,0.9863636493682861,0.626484215259552,0.4511079490184784,0.6526918411254883,0.720364511013031
run_1789376009_gpu1_env0,60,1,,previous,0.8942314000159968,759,0.9885342617829641,0.9870779514312744,0.9899905721346537,0.9922525882720947,0.9852534532546997,0.9837278127670288,0.9930766820907593,0.9882845282554626,0.9886105060577393,0.6234710812568665,0.4423476755619049,0.5679609179496765,0.6525209546089172
run_1789376009_gpu1_env0,61,1,,previous,0.9144309999828693,764,0.9845465024312338,0.9817255735397339,0.9873674313227335,0.9917518496513367,0.9757462739944458,0.9776785969734192,0.9922544956207275,0.9840604066848755,0.9857873916625977,0.6020910739898682,0.508988618850708,0.6563888192176819,0.993865966796875
run_1789376009_gpu1_env0,62,1,,previous,0.9656131999799982,759,0.9843127032121023,0.9806246360143026,0.988000770409902,0.9931502342224121,0.9749408960342407,0.9737827777862549,0.9903421401977539,0.9844864010810852,0.9891737699508667,0.679573118686676,0.9333510994911194,0.6089697480201721,0.9930780529975891
run_1789376009_gpu1_env0,63,1,,previous,0.9770159000181593,752,0.9860382378101349,0.9855026404062907,0.9865738352139791,0.9895525574684143,0.9812949895858765,0.9856603741645813,0.9908865094184875,0.9819403886795044,0.9868946075439453,0.6211750507354736,0.8789324760437012,0.6819884777069092,1.044926643371582
run_1789376009_gpu1_env0,64,1,,previous,0.9417582000023685,760,0.986212283372879,0.9818195104598999,0.9906050562858582,0.9961272478103638,0.9733914136886597,0.9759398698806763,0.9939024448394775,0.9870347380638123,0.9908779859542847,0.617680013179779,0.7952466607093811,0.6681586503982544,0.9425308108329773
run_1789376009_gpu1_env0,65,1,,previous,0.8438924999791197,763,0.9847680926322937,0.9810079534848531,0.9885282317797343,0.9940053224563599,0.9784525036811829,0.9705660343170166,0.9914364814758301,0.9849498271942139,0.9891983866691589,0.6663984656333923,1.214342713356018,0.6234382390975952,0.8156536817550659
run_1789376009_gpu1_env0,66,1,,previous,0.8123202999995556,763,0.9868531823158264,0.9850883086522421,0.9886180559794108,0.9940963983535767,0.9846001267433167,0.9765684008598328,0.9899296164512634,0.9861751198768616,0.9897494316101074,0.6328026056289673,0.8943809270858765,0.6345517635345459,0.8886743187904358
run_1789376009_gpu1_env0,67,1,,previous,0.7256728000065777,754,0.9812421798706055,0.9802408417065939,0.9822435180346171,0.9954046010971069,0.9720559120178223,0.9732620120048523,0.9892532229423523,0.9768615961074829,0.9806157350540161,0.6517007946968079,1.8367493152618408,0.6335586309432983,1.073378562927246
run_1789376009_gpu1_env0,68,1,,previous,0.7243844000040554,751,0.9860367973645529,0.9854164918263754,0.9866571029027303,0.9946105480194092,0.9791560769081116,0.9824828505516052,0.9893866181373596,0.9836751818656921,0.9869095087051392,0.627915620803833,1.0964654684066772,0.6269146203994751,0.8978747129440308
run_1789376009_gpu1_env0,69,1,,previous,0.7062586999963969,750,0.9829610387484232,0.9807001948356628,0.9852218826611837,0.9943119883537292,0.976141095161438,0.9716475009918213,0.9895201325416565,0.9815126061439514,0.9846329092979431,0.6163667440414429,1.0156781673431396,0.6247551441192627,1.040798544883728
run_1789376009_gpu1_env0,70,1,,previous,0.7187382999982219,762,0.985804925362269,0.9828160802523295,0.9887937704722086,0.9933030009269714,0.9726890921592712,0.9824561476707458,0.9908814430236816,0.9857621192932129,0.9897377490997314,0.573067843914032,0.9707583785057068,0.6194801926612854,1.0305960178375244
run_1789376009_gpu1_env0,71,1,,previous,0.7130065000092145,756,0.9845379789670309,0.9810779293378195,0.9879980285962423,0.9938585758209229,0.9756097793579102,0.9737654328346252,0.9915710687637329,0.9849372506141663,0.9874857664108276,0.5677319169044495,0.7338206171989441,0.626899003982544,0.8494975566864014
run_1789376009_gpu1_env0,72,1,,previous,0.7203741999983322,757,0.9831442832946777,0.9822925527890524,0.9839960138003031,0.9934072494506836,0.9789530634880066,0.9745173454284668,0.990481436252594,0.9803100228309631,0.9811965823173523,0.6168851852416992,0.9287273287773132,0.5734433531761169,0.714911162853241
run_1789376009_gpu1_env0,73,1,,previous,0.6765636999916751,762,0.9855481882890066,0.9850054383277893,0.9860909382502238,0.9926140308380127,0.9793253540992737,0.9830769300460815,0.9897959232330322,0.9832496047019958,0.9852272868156433,0.6481039524078369,1.175697684288025,0.603249192237854,0.6702721118927002
run_1789376009_gpu1_env0,74,1,,previous,0.6839384000049904,751,0.9842781523863474,0.9797196189562479,0.9888366858164469,0.9917186498641968,0.977509617805481,0.9699305891990662,0.990884006023407,0.9853126406669617,0.9903134107589722,0.6542060971260071,1.4440135955810547,0.6507182717323303,0.9117158651351929
run_1789376009_gpu1_env0,75,1,,previous,0.6792849999910686,763,0.9821130633354187,0.9777384400367737,0.9864876866340637,0.9919977188110352,0.9699666500091553,0.9712509512901306,0.9906129240989685,0.9819555282592773,0.9868946075439453,0.625863790512085,1.1267436742782593,0.6171041131019592,0.9851648211479187
run_1789376009_gpu1_env0,76,1,,previous,0.6775767999934033,752,0.9841700295607249,0.9824022650718689,0.9859377940495809,0.9932515025138855,0.9766647815704346,0.9772905111312866,0.988689661026001,0.9844733476638794,0.9846503734588623,0.5614774227142334,1.069360375404358,0.6669377088546753,0.9589958190917969
run_1789376009_gpu1_env0,77,1,,previous,0.6944722000043839,751,0.9867454965909322,0.9838267763455709,0.9896642168362936,0.9922180771827698,0.9787478446960449,0.980514407157898,0.9921172857284546,0.9882648587226868,0.9886105060577393,0.5750462412834167,0.6531204581260681,0.6762037873268127,1.0616470575332642
run_1789376009_gpu1_env0,78,1,,previous,0.7660306000034325,756,0.9840592841307322,0.9820517301559448,0.9860668381055196,0.9922983646392822,0.9748684763908386,0.9789883494377136,0.9921281337738037,0.9837160706520081,0.9823563098907471,0.6401227712631226,0.8749158978462219,0.5575464367866516,0.5453635454177856
run_1789376009_gpu1_env0,79,1,,previous,0.682697400014149,765,0.9869699478149414,0.985847552617391,0.9880923430124918,0.994770884513855,0.9814925193786621,0.9812792539596558,0.9904761910438538,0.9874371886253357,0.9863636493682861,0.6022105813026428,0.35827404260635376,0.6588572263717651,0.7833468317985535
run_1789376009_gpu1_env0,80,1,,previous,0.7135274000174832,754,0.9844676951567332,0.9813658197720846,0.9875695705413818,0.9946058988571167,0.9791790843009949,0.9703124761581421,0.9912947416305542,0.986186683177948,0.9852272868156433,0.5805251598358154,0.5961047410964966,0.628210723400116,0.6977351307868958
run_1789376009_gpu1_env0,81,1,,previous,0.6942719999933615,755,0.9897146125634512,0.9883056481679281,0.9911235769589742,0.9957588911056519,0.9878787994384766,0.9812792539596558,0.9922480583190918,0.9907872676849365,0.9903354048728943,0.5502045750617981,0.35827404260635376,0.6057774424552917,0.703321635723114
run_1789376009_gpu1_env0,82,1,,previous,0.7230940999870654,763,0.9867303570111593,0.985947847366333,0.9875128666559855,0.9943054914474487,0.9816625714302063,0.981875479221344,0.9904761910438538,0.9857142567634583,0.9863481521606445,0.5657650232315063,0.5135811567306519,0.669726550579071,1.1619694232940674
run_1789376009_gpu1_env0,83,1,,previous,0.6751509000023361,764,0.988264004389445,0.987409253915151,0.989118754863739,0.9940951466560364,0.9845774173736572,0.9835551977157593,0.991431713104248,0.9861751198768616,0.9897494316101074,0.60299152135849,0.4441135823726654,0.613217294216156,0.7981938719749451
run_1789376009_gpu1_env0,84,1,,previous,0.6868801999953575,755,0.9816775520642599,0.9759573936462402,0.9873977104822794,0.992870032787323,0.9601989984512329,0.9748031497001648,0.991977870464325,0.9844602942466736,0.9857549667358398,0.5244510173797607,0.7763210535049438,0.6661346554756165,1.1169757843017578
run_1789376009_gpu1_env0,85,1,,previous,0.6716127000108827,746,0.9868335525194804,0.9842604398727417,0.9894066651662191,0.9938119053840637,0.9755178689956665,0.9834515452384949,0.9911577701568604,0.9861634969711304,0.9908987283706665,0.5941788554191589,0.7010923624038696,0.6240770220756531,0.8641138672828674
run_1789376009_gpu1_env0,86,1,,previous,0.6842471999989357,748,0.9849553008874258,0.9834578037261963,0.9864527980486552,0.994296669960022,0.9773869514465332,0.9786897897720337,0.9900662302970886,0.982367753982544,0.986924409866333,0.6219519972801208,0.5453635454177856,0.6029639840126038,0.6519209742546082
run_1789376009_gpu1_env0,87,1,,previous,0.700822100014193,761,0.9866773982842764,0.9858163396517435,0.9875384569168091,0.9944359064102173,0.9771863222122192,0.9858267903327942,0.9900689721107483,0.9861982464790344,0.9863481521606445,0.580573320388794,1.0102691650390625,0.6061024069786072,0.8758100867271423
run_1789376009_gpu1_env0,88,1,,previous,0.6922805999929551,757,0.9853809972604116,0.9817783037821451,0.988983690738678,0.9942223429679871,0.9740012884140015,0.977111279964447,0.9926663637161255,0.9862097501754761,0.9880749583244324,0.5902549624443054,1.0564734935760498,0.588201105594635,0.5256317257881165
run_1789376009_gpu1_env0,89,1,,previous,0.7147796000062954,755,0.9835800329844157,0.9796329538027445,0.9875271121660868,0.9938233494758606,0.9688096642494202,0.9762658476829529,0.9921172857284546,0.9841004014015198,0.9863636493682861,0.5514845252037048,1.2477242946624756,0.6558644771575928,0.8554655313491821
run_1789376009_gpu1_env0,90,1,,previous,0.6709821000113152,762,0.9862389067808787,0.9849849343299866,0.9874928792317709,0.9936573505401611,0.9755154848098755,0.9857819676399231,0.9888322353363037,0.9844602942466736,0.9891861081123352,0.5758048892021179,0.6167553663253784,0.623028576374054,0.8789324760437012
run_1789376009_gpu1_env0,91,1,,previous,0.7009035000228323,760,0.9837060769399008,0.9781076709429423,0.9893044829368591,0.9941263198852539,0.9654731750488281,0.9747235178947449,0.9923938512802124,0.9874581694602966,0.9880614280700684,0.6038191914558411,1.1060606241226196,0.6471461057662964,0.6679324507713318
run_1789376009_gpu1_env0,92,1,,previous,0.7063918999920134,761,0.9854830900828043,0.9826474189758301,0.9883187611897787,0.9937220215797424,0.974822461605072,0.9793977737426758,0.9910208582878113,0.9853249192237854,0.9886105060577393,0.5959019660949707,0.828507125377655,0.6677619218826294,1.0071654319763184
run_1789376009_gpu1_env0,93,1,,previous,0.6871828000003006,761,0.984744648138682,0.9804537494977316,0.9890355467796326,0.9939551949501038,0.9727626442909241,0.9746434092521667,0.9923917651176453,0.9878202676773071,0.9868946075439453,0.5950708389282227,1.2140203714370728,0.6371567845344543,1.167681097984314
run_1789376009_gpu1_env0,94,1,,previous,0.6786229000135791,761,0.9853444695472717,0.9843751390775045,0.9863138000170389,0.9942547678947449,0.9771391153335571,0.9817315340042114,0.9895143508911133,0.9819555282592773,0.9874715209007263,0.5738469362258911,0.9446045160293579,0.6773701310157776,1.0362764596939087
run_1789376009_gpu1_env0,95,1,,previous,0.7137254000117537,757,0.9854383865992228,0.9849633971850077,0.9859133760134379,0.9939656853675842,0.9809085130691528,0.9800159931182861,0.9900607466697693,0.9836065769195557,0.9840728044509888,0.538144052028656,0.419647753238678,0.598468005657196,1.0133634805679321
run_1789376009_gpu1_env0,96,1,,previous,0.6903265000146348,757,0.9855091373125712,0.9845605889956156,0.9864576856295267,0.9943233728408813,0.9816513657569885,0.977707028388977,0.9902001619338989,0.9828092455863953,0.9863636493682861,0.5887547135353088,0.993472158908844,0.6660065650939941,0.97437983751297
run_1789376009_gpu1_env0,97,1,,previous,0.6955790999927558,755,0.9834706783294678,0.9799731969833374,0.9869681596755981,0.9936965107917786,0.9715796709060669,0.9746434092521667,0.9897846579551697,0.9836340546607971,0.9874857664108276,0.5465236306190491,1.0975356101989746,0.7122124433517456,1.177693247795105
run_1789376009_gpu1_env0,98,1,,previous,0.6711616000102367,758,0.982922375202179,0.9792252977689108,0.9866194526354471,0.9939402937889099,0.9715796709060669,0.9721559286117554,0.9930766820907593,0.9832496047019958,0.9835320711135864,0.5671221017837524,1.1592717170715332,0.6062749624252319,0.7646385431289673
run_1789376009_gpu1_env0,99,1,,previous,0.6980836000002455,755,0.9833677311738332,0.9807254274686178,0.9860100348790487,0.9930994510650635,0.9720744490623474,0.9770023822784424,0.9915781021118164,0.9823973178863525,0.984054684638977,0.5436197519302368,1.0013197660446167,0.6061140298843384,0.5881738662719727
run_1789376009_gpu1_env0,100,1,,previous,0.6916488999850117,755,0.982780784368515,0.97814412911733,0.9874174396197001,0.9933388829231262,0.9759036302566528,0.9651898741722107,0.9915733933448792,0.9832074046134949,0.9874715209007263,0.5575035810470581,0.7230757474899292,0.6186321973800659,0.807455837726593
run_1789376009_gpu1_env0,101,1,,previous,0.6652819999726489,757,0.980633407831192,0.9749222795168558,0.9863445361455282,0.9934288263320923,0.9648308157920837,0.9665071964263916,0.9910283088684082,0.9827948212623596,0.9852104783058167,0.5765285491943359,1.3002560138702393,0.5999913215637207,0.7230757474899292
run_1789376009_gpu1_env0,102,1,,previous,0.6978517000097781,748,0.9812035262584686,0.9752612709999084,0.9871457815170288,0.9940488934516907,0.9667110443115234,0.9650238752365112,0.9915733933448792,0.9840604066848755,0.9858035445213318,0.5152573585510254,1.312240719795227,0.6149710416793823,0.5330249667167664
run_1789376009_gpu1_env0,103,1,,previous,0.6635450999892782,750,0.9843757152557373,0.9796721140543619,0.9890793164571127,0.9931695461273193,0.9706666469573975,0.9751801490783691,0.9895114302635193,0.9891030788421631,0.9886234402656555,0.5242107510566711,1.4636657238006592,0.6501041054725647,0.8045425415039062
run_1789376009_gpu1_env0,104,1,,previous,0.6925874000007752,749,0.9827824632326762,0.9784830411275228,0.9870818853378296,0.993393063545227,0.97062748670578,0.9714285731315613,0.9897959232330322,0.9845253229141235,0.986924409866333,0.5412333607673645,1.1977931261062622,0.6183130145072937,0.9159982800483704
run_1789376009_gpu1_env0,105,1,,previous,0.6866465000202879,754,0.9818631013234457,0.9779428044954935,0.9857833981513977,0.9947853684425354,0.9700199961662292,0.9690230488777161,0.9908915162086487,0.982367753982544,0.9840909242630005,0.5111280679702759,1.1288256645202637,0.6503052115440369,0.6835691332817078
run_1789376009_gpu1_env0,106,1,,previous,0.6809747999941465,754,0.9854598641395569,0.9839337666829427,0.986985961596171,0.9946478009223938,0.982550323009491,0.9746031761169434,0.9902082681655884,0.9832496047019958,0.987500011920929,0.5400700569152832,0.5278605818748474,0.6637216210365295,0.7412492632865906
run_1789376009_gpu1_env0,107,1,,previous,0.6786829000047874,758,0.9850989580154419,0.9829989671707153,0.9871989488601685,0.9943668246269226,0.9799465537071228,0.9746835231781006,0.9912971258163452,0.9845123291015625,0.9857873916625977,0.5516148209571838,0.7972127199172974,0.6293822526931763,0.9287273287773132
run_1789376009_gpu1_env0,108,1,,previous,0.7118826000078116,757,0.9853093226750692,0.9835306207338969,0.9870880246162415,0.9939790964126587,0.9811574816703796,0.9754552841186523,0.9880115985870361,0.9857382774353027,0.9875141978263855,0.6067163348197937,0.42704305052757263,0.6472470164299011,0.9679321646690369
run_1789376009_gpu1_env0,109,1,,previous,0.7019226999836974,750,0.9844788908958435,0.9834131995836893,0.9855445822079977,0.993802547454834,0.9817936420440674,0.9746434092521667,0.9897987246513367,0.9827803373336792,0.984054684638977,0.535369336605072,0.5035777688026428,0.6144669055938721,0.7671933770179749
run_1789376009_gpu1_env0,110,1,,previous,0.6794313999998849,751,0.9833698074022929,0.9800641139348348,0.986675500869751,0.9941195249557495,0.9745989441871643,0.9714738726615906,0.9900580048561096,0.9836203455924988,0.9863481521606445,0.5291329026222229,0.9416998624801636,0.6672998666763306,1.0122041702270508
run_1789376009_gpu1_env0,111,1,,previous,0.696177700010594,752,0.9865729411443075,0.9825960993766785,0.9905497829119364,0.9940508008003235,0.9798657894134521,0.9738717079162598,0.9936270713806152,0.9882845282554626,0.9897377490997314,0.5687611103057861,0.8471909761428833,0.6400279402732849,1.0056098699569702
run_1789376009_gpu1_env0,112,1,,previous,0.687730300007388,762,0.9845454692840576,0.9818463524182638,0.9872445861498514,0.9945113658905029,0.9779264330863953,0.9731012582778931,0.9917104244232178,0.9836751818656921,0.9863481521606445,0.5779145359992981,0.7022078633308411,0.6129367351531982,0.9450187087059021
run_1789376009_gpu1_env0,113,1,,previous,0.714709199994104,756,0.98445396622022,0.9831497073173523,0.9857582251230875,0.9940862059593201,0.9799465537071228,0.975416362285614,0.9892562031745911,0.9844864010810852,0.9835320711135864,0.5559929609298706,0.7496490478515625,0.6458987593650818,0.8948184251785278
run_1789376009_gpu1_env0,114,1,,previous,0.6823879999865312,752,0.985117514928182,0.9820373853047689,0.9881976445515951,0.9941574931144714,0.9811574816703796,0.9707971811294556,0.9896566271781921,0.9857501983642578,0.9891861081123352,0.5367056131362915,0.5135811567306519,0.6991360187530518,1.0133634805679321
run_1789376009_gpu1_env0,115,1,,previous,0.705773900001077,753,0.9866860310236613,0.9837413430213928,0.9896307190259298,0.9939082860946655,0.9817444086074829,0.97557133436203,0.9919911623001099,0.9865546226501465,0.990346372127533,0.6190791130065918,0.489389568567276,0.6738136410713196,0.9577706456184387
run_1789376009_gpu1_env0,116,1,,previous,0.6682051000243519,759,0.985027402639389,0.9823723634084066,0.9876824418703715,0.9938733577728271,0.9831649661064148,0.9700787663459778,0.9917058348655701,0.9849624037742615,0.986379086971283,0.598253071308136,0.5760728716850281,0.6080604195594788,0.6655846834182739
run_1789376009_gpu1_env0,117,1,,previous,0.7216316999983974,753,0.9831818441549937,0.9826399286588033,0.9837237596511841,0.9938379526138306,0.9817936420440674,0.972288191318512,0.9884520173072815,0.9803429245948792,0.9823763370513916,0.5912558436393738,0.538139820098877,0.6085518598556519,0.6783969402313232
run_1789376009_gpu1_env0,118,1,,previous,0.6855588000034913,741,0.983070949713389,0.9825982054074606,0.9835436940193176,0.9938746690750122,0.9792364239692688,0.9746835231781006,0.9920154213905334,0.9865996837615967,0.9720159769058228,0.5756285190582275,0.6434618234634399,0.6512538194656372,0.6937977075576782
run_1789376009_gpu1_env0,119,1,,previous,0.6750064000079874,744,0.9843215743700663,0.9824585914611816,0.986184557278951,0.9949730634689331,0.9832327365875244,0.9691699743270874,0.9923140406608582,0.9845253229141235,0.9817143082618713,0.5400434136390686,0.5664823651313782,0.6409040689468384,0.6714387536048889
run_1789376009_gpu1_env0,120,1,,previous,0.6946717999817338,754,0.9850496649742126,0.983883281548818,0.9862160483996073,0.9942641258239746,0.9811574816703796,0.9762282371520996,0.9924688339233398,0.9832636117935181,0.9829156994819641,0.5637831091880798,0.5921525359153748,0.6219947338104248,0.609093427658081
run_1789376009_gpu1_env0,121,1,,previous,0.6586434000055306,754,0.9859405159950256,0.9820637504259745,0.9898172815640768,0.9940149784088135,0.9797570705413818,0.9724192023277283,0.992758572101593,0.9874581694602966,0.9892351031303406,0.6305440664291382,0.68756502866745,0.599953293800354,0.508988618850708
run_1789376009_gpu1_env0,122,1,,previous,0.6921049999946263,762,0.9875989854335785,0.983791450659434,0.991406520207723,0.9940866231918335,0.9817936420440674,0.9754940867424011,0.9942591786384583,0.9895703196525574,0.9903900623321533,0.570414125919342,0.4764232635498047,0.6808083653450012,0.7338206171989441
run_1789376009_gpu1_env0,123,1,,previous,0.6668361999909393,757,0.9817266762256622,0.9769348502159119,0.9865185022354126,0.9938392639160156,0.976335346698761,0.960629940032959,0.9891687035560608,0.9845511317253113,0.9858356714248657,0.5901924967765808,0.5834977030754089,0.6375709176063538,0.5993782877922058
run_1789376009_gpu1_env0,124,1,,previous,0.6772501000086777,750,0.9853308697541555,0.9829725821812948,0.9876891573270162,0.9935911297798157,0.9837177991867065,0.9716088175773621,0.9901284575462341,0.9883236289024353,0.9846153855323792,0.614106297492981,0.5828266739845276,0.5955531001091003,0.3753441870212555
run_1789376009_gpu1_env0,125,1,,previous,0.6735218999965582,758,0.9843426545461019,0.9829644759496053,0.9857208331425985,0.9938737750053406,0.9811066389083862,0.9739130139350891,0.9917778968811035,0.9846153855323792,0.9807692170143127,0.5962897539138794,0.4647810459136963,0.575343668460846,0.5934728980064392
run_1789376009_gpu1_env0,126,1,,previous,0.6840540999837685,751,0.9847564200560252,0.9820566376050314,0.987456202507019,0.9944759011268616,0.9784656763076782,0.9732283353805542,0.9927826523780823,0.988304078578949,0.9812818765640259,0.5598329305648804,0.7370134592056274,0.6184412837028503,0.36153605580329895
run_1789376009_gpu1_env0,127,1,,previous,0.6833727000048384,748,0.9860401650269827,0.9830062389373779,0.9890740911165873,0.9947953820228577,0.9818913340568542,0.9723320007324219,0.9904229640960693,0.9888198971748352,0.9879794120788574,0.5774620175361633,0.5203939080238342,0.6697699427604675,0.7610474824905396
run_1789376009_gpu1_env0,128,1,,previous,0.6777189000276849,751,0.9857499003410339,0.9824503660202026,0.9890494346618652,0.9939808249473572,0.9778375029563904,0.9755327701568604,0.9908910989761353,0.9875311851501465,0.988726019859314,0.5790994763374329,0.7947543859481812,0.6065748929977417,0.5322902798652649
run_1789376009_gpu1_env0,129,1,,previous,0.6912853999820072,746,0.9842930535475413,0.9808720350265503,0.9877140720685323,0.9938020706176758,0.9765258431434631,0.972288191318512,0.9927944540977478,0.985086977481842,0.9852607846260071,0.5669076442718506,0.8978747129440308,0.6505084037780762,0.8536337018013
run_1789376009_gpu1_env0,130,1,,previous,0.6642099999880884,751,0.9834282795588175,0.982073167959849,0.984783391157786,0.9944393038749695,0.9778671860694885,0.9739130139350891,0.9920748472213745,0.9820159077644348,0.9802594184875488,0.5402599573135376,0.7359507083892822,0.6097158193588257,0.381548672914505
run_1789376009_gpu1_env0,131,1,,previous,0.6857606999983545,757,0.9852349360783895,0.9822540084520975,0.9882158637046814,0.9936963319778442,0.9791526794433594,0.9739130139350891,0.9932920336723328,0.9884009957313538,0.9829545617103577,0.5669389367103577,0.7230757474899292,0.6294935345649719,1.0298362970352173
run_1789376009_gpu1_env0,132,1,,previous,0.6953514000051655,752,0.9818101624647776,0.9797617197036743,0.983858605225881,0.9940832853317261,0.9752177000045776,0.9699841737747192,0.9926038980484009,0.9805383086204529,0.9784336090087891,0.6041738390922546,0.854092001914978,0.6117545962333679,0.7284679412841797
run_1789376009_gpu1_env0,133,1,,previous,0.7395045000012033,755,0.9852185448010763,0.9817361434300741,0.9887009461720785,0.9937675595283508,0.9791526794433594,0.972288191318512,0.9939317107200623,0.9908257126808167,0.9813454151153564,0.5595563650131226,0.6584911942481995,0.6016890406608582,0.7823470234870911
run_1789376009_gpu1_env0,134,1,,previous,0.7285261999932118,756,0.9832742909590403,0.9806079069773356,0.985940674940745,0.9946523904800415,0.9778076410293579,0.9693636894226074,0.9918637871742249,0.9851239919662476,0.9808342456817627,0.5752325057983398,0.5581307411193848,0.6570959091186523,1.1197752952575684
run_1789376009_gpu1_env0,135,1,,previous,0.7280475000152364,743,0.98578413327535,0.9824223319689432,0.9891459345817566,0.9935557246208191,0.9797570705413818,0.9739542007446289,0.9920772314071655,0.9917355179786682,0.983625054359436,0.6162518262863159,0.6649965047836304,0.6111985445022583,0.7986840009689331
run_1789376009_gpu1_env0,136,1,,previous,0.700134499988053,758,0.9826503396034241,0.9828111131985983,0.9824895660082499,0.9941574931144714,0.9811320900917053,0.9731437563896179,0.9924131035804749,0.9876033067703247,0.9674522876739502,0.582697331905365,0.45628342032432556,0.6388562321662903,0.8270888924598694
run_1789376009_gpu1_env0,137,1,,previous,0.7765385000093374,760,0.9834548731644949,0.9814010063807169,0.9855087399482727,0.9939445853233337,0.9779264330863953,0.9723320007324219,0.9898599982261658,0.9835391044616699,0.9831271171569824,0.6022414565086365,0.7927823066711426,0.5349850654602051,0.6818494200706482
run_1789376009_gpu1_env0,138,1,,previous,0.8680634000047576,754,0.9855031569798788,0.982701301574707,0.9883050123850504,0.9945476055145264,0.9804976582527161,0.9730586409568787,0.9935545325279236,0.9881390333175659,0.9832214713096619,0.5329117774963379,0.5841680765151978,0.5740417242050171,0.37115025520324707
run_1789376009_gpu1_env0,139,1,,previous,0.8676410999905784,766,0.9839447637399038,0.9825055201848348,0.9853840072949728,0.994369626045227,0.9832102060317993,0.969936728477478,0.9918584227561951,0.9811475276947021,0.983146071434021,0.5645688772201538,0.524140477180481,0.5592328906059265,0.573349118232727
run_1789376009_gpu1_env0,140,1,,previous,1.006938699982129,756,0.985406239827474,0.9822175900141398,0.9885948896408081,0.9937671422958374,0.979784369468689,0.9731012582778931,0.9915066957473755,0.9860426783561707,0.9882352948188782,0.6496172547340393,0.6110178828239441,0.5788429975509644,0.5352230072021484
run_1789376009_gpu1_env0,141,1,,previous,0.8612306999857537,759,0.9855198264122009,0.979987621307373,0.9910520315170288,0.9943699836730957,0.9770889282226562,0.9685039520263672,0.9940243363380432,0.9880903363227844,0.9910414218902588,0.5334078073501587,0.5794596076011658,0.6230531334877014,0.5337586998939514
run_1789376009_gpu1_env0,142,1,,previous,0.9551071999885608,753,0.9857814113299052,0.9820614655812582,0.9895013570785522,0.9939808249473572,0.979784369468689,0.9724192023277283,0.9930846691131592,0.9889025688171387,0.9865168333053589,0.5885014533996582,0.6841413974761963,0.6060004234313965,0.8864696621894836
run_1789376009_gpu1_env0,143,1,,previous,0.9924229999887757,750,0.984968344370524,0.982029139995575,0.9879075487454733,0.9945468306541443,0.9792085886001587,0.9723320007324219,0.9918463230133057,0.9848049283027649,0.9870713949203491,0.5328276753425598,0.7044336199760437,0.5784228444099426,0.49416425824165344
run_1789376009_gpu1_env0,144,1,,previous,0.9790304000198375,752,0.9857312440872192,0.982086698214213,0.9893757899602255,0.9938392639160156,0.9776574373245239,0.9747633934020996,0.9951370358467102,0.9892916083335876,0.9836987257003784,0.5616064071655273,0.7110690474510193,0.5744420886039734,0.730077862739563
run_1789376009_gpu1_env0,145,1,,previous,0.942398500017589,757,0.9826980729897817,0.9819244941075643,0.9834716518719991,0.9941224455833435,0.9824324250221252,0.9692186117172241,0.990994930267334,0.9837000966072083,0.9757199287414551,0.591891348361969,0.3936643898487091,0.6553401350975037,0.7753121852874756
run_1789376009_gpu1_env0,146,1,,previous,1.0529451000038534,753,0.9835268358389536,0.9829310774803162,0.9841225941975912,0.9938737750053406,0.9818181991577148,0.9731012582778931,0.9926163554191589,0.9841140508651733,0.9756373763084412,0.5846612453460693,0.5181329250335693,0.5904759764671326,0.666172444820404
run_1789376009_gpu1_env0,147,1,,previous,0.9119184000010137,754,0.9848176141579946,0.9812764128049215,0.9883588155110677,0.9941558241844177,0.979784369468689,0.9698890447616577,0.9941829442977905,0.9889930486679077,0.9819004535675049,0.6159567832946777,0.6731851100921631,0.6098119616508484,0.5814822316169739
run_1789376009_gpu1_env0,148,1,,previous,0.7683459999971092,750,0.9837403694788615,0.9835747083028158,0.9839060306549072,0.9942625164985657,0.9818181991577148,0.9746434092521667,0.9932185411453247,0.9837662577629089,0.974733293056488,0.594484806060791,0.47969770431518555,0.6792393922805786,0.8536337018013
run_1789376009_gpu1_env0,149,1,,previous,0.7117158999899402,756,0.9814785222212473,0.9821733037630717,0.980783740679423,0.9938042759895325,0.9804713726043701,0.9722442626953125,0.9925227761268616,0.9784640669822693,0.9713643789291382,0.591157853603363,0.5308178663253784,0.6236082911491394,0.9561347961425781
run_1789376009_gpu1_env0,150,1,,previous,0.7511082999990322,756,0.9847089648246765,0.982931395371755,0.986486534277598,0.9941920638084412,0.9798387289047241,0.9747633934020996,0.9949423670768738,0.9869387745857239,0.9775784611701965,0.593138575553894,0.5841680765151978,0.6068660616874695,0.6714387536048889
run_1789376009_gpu1_env0,151,1,,previous,0.6932694999850355,758,0.9831712941328684,0.9822185238202413,0.9841240644454956,0.994583010673523,0.979784369468689,0.972288191318512,0.9948238134384155,0.9801217317581177,0.9774266481399536,0.549572229385376,0.4714689254760742,0.5665817260742188,0.3403487503528595
run_1789376009_gpu1_env0,152,1,,previous,0.7369144999829587,758,0.9865296383698782,0.9826263387997946,0.9904329379399618,0.9939095973968506,0.9784366488456726,0.9755327701568604,0.9922404289245605,0.9903069734573364,0.9887514114379883,0.6223639249801636,0.6602716445922852,0.6686063408851624,0.7620752453804016
run_1789376009_gpu1_env0,153,1,,previous,0.6932727999810595,749,0.9824981292088827,0.9821195801099142,0.9828766783078512,0.9937331080436707,0.9811066389083862,0.9715189933776855,0.9936219453811646,0.9807928204536438,0.9742152690887451,0.5748973488807678,0.7543329000473022,0.6214525103569031,1.0392934083938599
run_1789376009_gpu1_env0,154,1,,previous,0.6785175999975763,750,0.984488308429718,0.982409397761027,0.986567219098409,0.9941916465759277,0.9798927903175354,0.9731437563896179,0.9907733201980591,0.9858012199401855,0.9831271171569824,0.6065159440040588,0.6749268174171448,0.6378288865089417,0.46813690662384033
run_1789376009_gpu1_env0,155,1,,previous,0.7384881000034511,756,0.9847909311453501,0.9806102911631266,0.9889715711275736,0.9939450025558472,0.9771811962127686,0.9707046747207642,0.9942609667778015,0.9895076751708984,0.983146071434021,0.5502369403839111,0.7475579977035522,0.6491260528564453,0.5581307411193848
run_1789376009_gpu1_env0,156,1,,previous,0.7415941999934148,769,0.9813943902651469,0.9807007908821106,0.9820879896481832,0.9933077096939087,0.9764626622200012,0.9723320007324219,0.9926007986068726,0.9813311696052551,0.9723320007324219,0.5894762277603149,0.6013339161872864,0.6133697628974915,0.6949250102043152
run_1789376009_gpu1_env0,157,1,,previous,0.7720461999997497,753,0.9858373602231344,0.9835914969444275,0.9880832235018412,0.994440495967865,0.9832327365875244,0.9731012582778931,0.994330644607544,0.9874035120010376,0.9825155138969421,0.5942188501358032,0.5489398241043091,0.5660933256149292,0.5300800204277039
run_1789376009_gpu1_env0,158,1,,previous,0.7271379999874625,753,0.9863983492056528,0.9813789129257202,0.9914177854855856,0.9947938919067383,0.9786381721496582,0.9707046747207642,0.9938572645187378,0.9911003112792969,0.9892957806587219,0.5355924963951111,0.7181881666183472,0.6119925379753113,0.4316007196903229
run_1789376009_gpu1_env0,159,1,,previous,0.7270949000085238,746,0.9855910142262777,0.9821997880935669,0.9889822403589884,0.9942616820335388,0.9792364239692688,0.9731012582778931,0.9927916526794434,0.9915220141410828,0.9826330542564392,0.5332880020141602,0.8425588011741638,0.5738474130630493,0.3189810812473297
run_1789376009_gpu1_env0,160,1,,previous,0.7104319999925792,759,0.9869518578052521,0.9837614695231119,0.9901422460873922,0.9938733577728271,0.9811828136444092,0.9762282371520996,0.9934135675430298,0.9894565939903259,0.9875565767288208,0.5745491981506348,0.6410244703292847,0.5957642793655396,0.6367365717887878
run_1789376009_gpu1_env0,161,1,,previous,0.6858078999794088,751,0.9848501880963644,0.9835185209910074,0.9861818552017212,0.9940853714942932,0.9818670153617859,0.9746031761169434,0.9927957653999329,0.9811168909072876,0.9846329092979431,0.5884888768196106,0.560928463935852,0.6292291283607483,0.45628342032432556
run_1789376009_gpu1_env0,162,1,,previous,0.7180659000005107,753,0.9837948977947235,0.9816031455993652,0.9859866499900818,0.9936968088150024,0.9810810685157776,0.9700315594673157,0.9934035539627075,0.9830645322799683,0.9814918637275696,0.5909716486930847,0.4714689254760742,0.6136336326599121,0.6655846834182739
run_1789376009_gpu1_env0,163,1,,previous,0.7466117999865673,760,0.9857223828633627,0.9823651909828186,0.9890795747439066,0.9942983388900757,0.9812332391738892,0.971563994884491,0.9944919943809509,0.9903303980827332,0.9824163317680359,0.5962490439414978,0.42795848846435547,0.6147512197494507,0.63796466588974
run_1789376009_gpu1_env0,164,1,,previous,0.7141613000130747,753,0.9827689329783121,0.9827664891878763,0.9827713767687479,0.9940153956413269,0.9811828136444092,0.9731012582778931,0.9918808341026306,0.9898989796638489,0.9665343165397644,0.5622921586036682,0.5233933329582214,0.6224814057350159,0.7527747750282288
run_1789376009_gpu1_env0,165,1,,previous,0.8160406999813858,754,0.9823413987954458,0.9807192087173462,0.9839635888735453,0.9946169257164001,0.9792364239692688,0.9683042764663696,0.9914742112159729,0.9850866794586182,0.9753298759460449,0.5457254648208618,0.6852844953536987,0.5695965886116028,0.45542484521865845
run_1789376009_gpu1_env0,166,1,,previous,0.8040623000124469,760,0.982188473145167,0.979709804058075,0.9846671422322592,0.993838369846344,0.9746328592300415,0.9706581830978394,0.9933579564094543,0.9891172647476196,0.9715262055397034,0.5676397085189819,1.064224362373352,0.5625318288803101,0.36584022641181946
run_1789376009_gpu1_env0,167,1,,previous,0.754212900006678,759,0.9810239573319753,0.9780620336532593,0.9839858810106913,0.9927417635917664,0.9731903672218323,0.9682539701461792,0.9920493364334106,0.9825840592384338,0.9773242473602295,0.5886764526367188,0.8256680965423584,0.572852611541748,0.6887024641036987
run_1789376009_gpu1_env0,168,1,,previous,0.726982299995143,757,0.9858263929684957,0.9834896723429362,0.9881631135940552,0.9946889877319336,0.9818670153617859,0.9739130139350891,0.994051456451416,0.9891347885131836,0.9813030958175659,0.5483070611953735,0.46980592608451843,0.5875530242919922,0.305187463760376
run_1789376009_gpu1_env0,169,1,,previous,0.7536388000007719,756,0.9843463102976481,0.9819375077883402,0.9867551128069559,0.9944393038749695,0.9805760383605957,0.9707971811294556,0.9927507638931274,0.987922728061676,0.9795918464660645,0.5426751375198364,0.6013339161872864,0.5384608507156372,0.3013159930706024
run_1789376009_gpu1_env0,170,1,,previous,0.7273634000157472,744,0.9838413496812185,0.981194277604421,0.986488421758016,0.9942971467971802,0.9785810112953186,0.9707046747207642,0.99359530210495,0.9858813881874084,0.9799885749816895,0.5427032709121704,0.8591175675392151,0.5624635815620422,0.1453699767589569
run_1789376009_gpu1_env0,171,1,,previous,0.7247706000052858,758,0.9837978978951772,0.9832096894582113,0.9843861063321432,0.9939445853233337,0.9824561476707458,0.9732283353805542,0.9937333464622498,0.9890377521514893,0.9703872203826904,0.5983104705810547,0.5895031094551086,0.5476748943328857,0.5066767930984497
run_1789376009_gpu1_env0,172,1,,previous,0.7149147000163794,769,0.9865685999393463,0.9836138288180033,0.9895233710606893,0.9942266345024109,0.9818913340568542,0.9747235178947449,0.9942241907119751,0.9902912378311157,0.984054684638977,0.6034109592437744,0.4215087890625,0.5478700399398804,0.29208308458328247
run_1789376009_gpu1_env0,173,1,,previous,0.753189899987774,760,0.9855773250261942,0.9818797707557678,0.9892748792966207,0.9940145611763,0.9785234928131104,0.9731012582778931,0.994268000125885,0.9895749688148499,0.9839816689491272,0.5446003675460815,0.7306137084960938,0.5987960696220398,0.6869955658912659
run_1789376009_gpu1_env0,174,1,,previous,0.7140057999931742,754,0.9866193234920502,0.9827674825986227,0.9904711643854777,0.9940841197967529,0.9818426370620728,0.9723756909370422,0.9946162104606628,0.9911075234413147,0.9856897592544556,0.604865550994873,0.5337586998939514,0.604632556438446,0.7558876872062683
run_1789376009_gpu1_env0,175,1,,previous,0.7167867999814916,763,0.9813307325045267,0.9789229234059652,0.9837385416030884,0.9945468306541443,0.974530816078186,0.9676911234855652,0.9929642081260681,0.9850625991821289,0.9731888175010681,0.5726034641265869,0.7306137084960938,0.5566595196723938,0.6255756616592407
run_1789376009_gpu1_env0,176,1,,previous,0.6945980000018608,755,0.9839535852273306,0.9791574875513712,0.9887496829032898,0.9944034218788147,0.9739478826522827,0.9691211581230164,0.9937547445297241,0.9838579297065735,0.9886363744735718,0.5784122943878174,0.75795578956604,0.6687244176864624,0.8261419534683228
run_1789376009_gpu1_env0,177,1,,previous,0.7375178000074811,763,0.984819253285726,0.9805251757303873,0.9891133308410645,0.9942991733551025,0.977150559425354,0.9701257944107056,0.9912898540496826,0.9863123893737793,0.9897377490997314,0.5684695839881897,0.7883269190788269,0.6131674647331238,0.595447838306427
run_1789376009_gpu1_env0,178,1,,previous,0.7448473999975249,750,0.9846342206001282,0.9834436972935995,0.9858247439066569,0.9944042563438416,0.98128342628479,0.9746434092521667,0.9911904335021973,0.9845904111862183,0.9816933870315552,0.561560332775116,0.6286957859992981,0.5415152311325073,0.8508785367012024
run_1789376009_gpu1_env0,179,1,,previous,0.7291136999847367,757,0.9830256104469299,0.9787110288937887,0.9873401920000712,0.9936578273773193,0.9725385308265686,0.969936728477478,0.9930847883224487,0.9867416620254517,0.9821941256523132,0.535283625125885,1.04604971408844,0.5814825892448425,0.7428314089775085
run_1789376009_gpu1_env0,180,1,,previous,0.7413059999817051,757,0.9828875859578451,0.9799220760663351,0.9858530958493551,0.9941195249557495,0.9772422909736633,0.9684044122695923,0.9940748810768127,0.9898908138275146,0.9735935926437378,0.5774059295654297,0.9557254314422607,0.6575496792793274,0.8485756516456604
run_1789376009_gpu1_env0,181,1,,previous,0.7246910999820102,754,0.982540359099706,0.9810097813606262,0.9840709368387858,0.9941216111183167,0.975806474685669,0.9731012582778931,0.992397129535675,0.9866881966590881,0.9731274843215942,0.5422048568725586,0.7016503214836121,0.576867938041687,0.6696878671646118
run_1789376009_gpu1_env0,182,1,,previous,0.7373530000040773,758,0.985078901052475,0.9845896561940511,0.9855681459108988,0.9942632913589478,0.9831649661064148,0.9763407111167908,0.9938787817955017,0.985098659992218,0.9777269959449768,0.5607725381851196,0.6471007466316223,0.5398321747779846,0.6236960887908936
run_1789376009_gpu1_env0,183,1,,previous,0.7188953000004403,752,0.9823478658994039,0.9809562762578329,0.983739455540975,0.9934826493263245,0.9778671860694885,0.9715189933776855,0.9928592443466187,0.9903225898742676,0.9680365324020386,0.594523549079895,0.8485756516456604,0.6265292763710022,0.6416347026824951
run_1789376009_gpu1_env0,184,1,,previous,0.7390091999841388,762,0.9848891397317251,0.9828900297482809,0.9868882497151693,0.9943684339523315,0.9804713726043701,0.9738302826881409,0.9949487447738647,0.9875050187110901,0.978210985660553,0.5948034524917603,0.551784098148346,0.5562007427215576,0.6404136419296265
run_1789376009_gpu1_env0,185,1,,previous,0.7036472999898251,760,0.9859249691168467,0.981653114159902,0.9901968240737915,0.9946157932281494,0.9772422909736633,0.9731012582778931,0.9920687675476074,0.9911075234413147,0.9874141812324524,0.5504994988441467,0.8242449164390564,0.5764037370681763,0.6999750733375549
run_1789376009_gpu1_env0,186,1,,previous,0.7565099999774247,764,0.9856617252031962,0.982443610827128,0.9888798395792643,0.9947591423988342,0.9818670153617859,0.9707046747207642,0.9936220645904541,0.9890909194946289,0.98392653465271,0.5525820255279541,0.43968555331230164,0.558824360370636,0.7833468317985535
run_1789376009_gpu1_env0,187,1,,previous,0.6939563000050839,763,0.986082116762797,0.9824805855751038,0.9896836479504904,0.9935897588729858,0.9792085886001587,0.9746434092521667,0.9936230182647705,0.9915013909339905,0.98392653465271,0.5615668892860413,0.6543177962303162,0.5533252358436584,0.5424855947494507
run_1789376009_gpu1_env0,188,1,,previous,0.7384327000181656,754,0.9810541868209839,0.9760737816492716,0.9860345919926962,0.9952160120010376,0.9719251394271851,0.9610801935195923,0.9917711019515991,0.9886822700500488,0.9776504039764404,0.45197540521621704,0.6154849529266357,0.6228190064430237,0.6525209546089172
run_1789376009_gpu1_env0,189,1,,previous,0.7039974999788683,750,0.9872984886169434,0.9834582209587097,0.991138756275177,0.9936609864234924,0.9812583923339844,0.9754552841186523,0.9936994910240173,0.9923170208930969,0.9873997569084167,0.5943731069564819,0.8425588011741638,0.5501041412353516,0.2486603558063507
run_1789376009_gpu1_env0,190,1,,previous,0.7358701000048313,760,0.9865170319875082,0.9835130969683329,0.9895209670066833,0.9946878552436829,0.9812080264091492,0.9746434092521667,0.9920546412467957,0.9891085028648376,0.9873997569084167,0.5645331144332886,0.5581307411193848,0.5914644598960876,0.30646705627441406
run_1789376009_gpu1_env0,191,1,,previous,0.7005072999745607,754,0.9845290184020996,0.981895387172699,0.9871626496315002,0.9938029646873474,0.9771198034286499,0.9747633934020996,0.9901532530784607,0.9890997409820557,0.9822349548339844,0.5523035526275635,0.6971740126609802,0.5635560154914856,0.27411243319511414
run_1789376009_gpu1_env0,192,1,,previous,0.7227847999893129,754,0.9807085891564687,0.9766663312911987,0.9847508470217387,0.9927771091461182,0.9711602926254272,0.9660615921020508,0.9931075572967529,0.9886363744735718,0.9725086092948914,0.5927267074584961,0.9507988691329956,0.5965214371681213,1.05906343460083
run_1789376009_gpu1_env0,193,1,,previous,0.7155243000015616,760,0.9827777942021688,0.980868419011434,0.9846871693929037,0.994369626045227,0.9759036302566528,0.9723320007324219,0.9947411417961121,0.9862236380577087,0.9730967283248901,0.53529292345047,0.7692310810089111,0.5580949783325195,0.4673002064228058
run_1789376009_gpu1_env0,194,1,,previous,0.7288544999901205,763,0.9864289462566376,0.982905904452006,0.9899519880612692,0.9942983388900757,0.9812332391738892,0.9731861352920532,0.9934030175209045,0.9890820980072021,0.9873708486557007,0.5897758603096008,0.6477052569389343,0.591813325881958,0.5181329250335693
run_1789376009_gpu1_env0,195,1,,previous,0.7062880999874324,759,0.9839764734109243,0.9815510511398315,0.986401895682017,0.9944385290145874,0.9779264330863953,0.972288191318512,0.9904888272285461,0.9870654940605164,0.9816513657569885,0.5405663847923279,0.8886743187904358,0.5258210897445679,0.5035777688026428
run_1789376009_gpu1_env0,196,1,,previous,0.7369682000135072,763,0.9860523839791616,0.9817084670066833,0.9903963009516398,0.9936251044273376,0.9791246056556702,0.9723756909370422,0.9943269491195679,0.9923170208930969,0.9845449328422546,0.6219934821128845,0.6180230379104614,0.5638370513916016,0.3214254379272461
run_1789376009_gpu1_env0,197,1,,previous,0.7078951000003144,760,0.9855767786502838,0.984344998995463,0.9868085583051046,0.9942283034324646,0.982503354549408,0.9763033390045166,0.9928414821624756,0.9898826479911804,0.9777015447616577,0.6204437613487244,0.4387946128845215,0.5492402911186218,0.38461336493492126
run_1789376009_gpu1_env0,198,1,,previous,0.7488546000095084,756,0.9841670393943787,0.9820899566014608,0.9862441221872965,0.9942270517349243,0.9805238246917725,0.9715189933776855,0.994979977607727,0.9866881966590881,0.9770641922950745,0.6090726256370544,0.5664823651313782,0.6161543726921082,0.3784591555595398
run_1789376009_gpu1_env0,199,1,,previous,0.7105193999886978,758,0.9844090839227041,0.9837209582328796,0.9850972096125284,0.9940870404243469,0.9824324250221252,0.9746434092521667,0.9929938316345215,0.985766589641571,0.9765312075614929,0.6042701005935669,0.39067068696022034,0.6154907941818237,1.0467976331710815
run_1789376009_gpu1_env0,200,1,,previous,0.7355329999991227,761,0.9844148357709249,0.9836630622545878,0.985166609287262,0.9942632913589478,0.9804976582527161,0.9762282371520996,0.9949763417243958,0.9897834062576294,0.9707400798797607,0.5551971197128296,0.5233933329582214,0.5889627933502197,0.7793399095535278
run_1789376009_gpu1_env0,201,1,,previous,0.7166921999887563,756,0.9837372203667959,0.9822712540626526,0.9852031866709391,0.9938737750053406,0.9798387289047241,0.9731012582778931,0.9952465295791626,0.989791750907898,0.9705712795257568,0.5731192231178284,0.6452838182449341,0.5983383655548096,0.7574392557144165
run_1789376009_gpu1_env0,202,1,,previous,0.7262005999800749,761,0.9860305885473887,0.9836650490760803,0.9883961280186971,0.9936972260475159,0.9818426370620728,0.9754552841186523,0.9916508793830872,0.9873623847961426,0.9861751198768616,0.5794920325279236,0.68012535572052,0.5550281405448914,0.6632286310195923
run_1789376009_gpu1_env0,203,1,,previous,0.7071395000093617,753,0.9825359284877777,0.9831837217013041,0.9818881352742513,0.9945468306541443,0.9818181991577148,0.9731861352920532,0.9907189607620239,0.9815043210983276,0.9734411239624023,0.5935205221176147,0.35827404260635376,0.5801239609718323,0.6000308394432068
run_1789376009_gpu1_env0,204,1,,previous,0.6982395999948494,759,0.9840087294578552,0.9796672463417053,0.9883502125740051,0.9946886301040649,0.9790682196617126,0.9652448892593384,0.9953354597091675,0.9893004298210144,0.9804147481918335,0.5427356958389282,0.4901885986328125,0.5243018865585327,0.3286494016647339
run_1789376009_gpu1_env0,205,1,,previous,0.7288568000076339,748,0.9849232335885366,0.980656107266744,0.9891903599103292,0.9942262172698975,0.9785234928131104,0.9692186117172241,0.9937703013420105,0.9905154705047607,0.9832853078842163,0.5572400689125061,0.7748072743415833,0.5688350796699524,0.7631016373634338
run_1789376009_gpu1_env0,206,1,,previous,0.7091570000047795,755,0.984296460946401,0.9821796218554179,0.986413300037384,0.993626058101654,0.9798115491867065,0.9731012582778931,0.9931708574295044,0.9863353967666626,0.9797336459159851,0.6067473888397217,0.6596787571907043,0.565978467464447,0.5028000473976135
run_1789376009_gpu1_env0,207,1,,previous,0.7197464999917429,755,0.9848401645819346,0.9841463764508566,0.9855339527130127,0.9940149784088135,0.9844699501991272,0.9739542007446289,0.9937830567359924,0.9896566271781921,0.9731621742248535,0.6263725757598877,0.43611082434654236,0.5814046859741211,0.370094358921051
run_1789376009_gpu1_env0,208,1,,previous,0.7188806000049226,751,0.9837291042009989,0.9837080438931783,0.9837501645088196,0.9945113658905029,0.9811574816703796,0.9754552841186523,0.9930601119995117,0.9892026782035828,0.9689877033233643,0.5624824166297913,0.6446771025657654,0.5620399117469788,0.6655846834182739
run_1789376009_gpu1_env0,209,1,,previous,0.7188754999951925,756,0.982490728298823,0.983948826789856,0.9810326298077902,0.9940866231918335,0.9838056564331055,0.9739542007446289,0.9944372773170471,0.9845640659332275,0.9640965461730957,0.5768282413482666,0.4343124032020569,0.5882087349891663,0.42336153984069824
run_1789376009_gpu1_env0,210,1,,previous,0.703312099998584,749,0.9792920847733816,0.9805928866068522,0.9779912829399109,0.9946165680885315,0.9812080264091492,0.965954065322876,0.9936069846153259,0.9853372573852539,0.9550296068191528,0.5448179244995117,0.5747126340866089,0.5301697254180908,0.9155709743499756
run_1789376009_gpu1_env0,211,1,,previous,0.7157577000034507,755,0.9799069166183472,0.9802586038907369,0.9795552293459574,0.9939782619476318,0.9792085886001587,0.9675889611244202,0.9939233064651489,0.9907872676849365,0.9539551138877869,0.5616344809532166,0.6440697908401489,0.5283184051513672,0.43968555331230164
run_1789376009_gpu1_env0,212,1,,previous,0.7024455000064336,753,0.9804301957289377,0.9826305309931437,0.9782298604647318,0.9940857887268066,0.9798927903175354,0.9739130139350891,0.9930359721183777,0.9819857478141785,0.9596678614616394,0.6042410135269165,0.7010923624038696,0.5050338506698608,0.29208308458328247
run_1789376009_gpu1_env0,213,1,,previous,0.7219091999868397,750,0.9839441080888113,0.983663539091746,0.9842246770858765,0.9944400787353516,0.9818670153617859,0.9746835231781006,0.992963433265686,0.9856539964675903,0.974056601524353,0.5689921975135803,0.5740312337875366,0.6005352735519409,0.47063812613487244
run_1789376009_gpu1_env0,214,1,,previous,0.6921255000052042,763,0.983392208814621,0.9844957391421,0.982288678487142,0.9943337440490723,0.9844699501991272,0.9746835231781006,0.9933618903160095,0.9915540814399719,0.9619500637054443,0.5429974794387817,0.35277023911476135,0.561281681060791,0.9125739932060242
run_1789376009_gpu1_env0,215,1,,previous,0.7132296999916434,763,0.9848673840363821,0.9842174053192139,0.9855173627535502,0.9939441680908203,0.9824798107147217,0.9762282371520996,0.9938907623291016,0.9949579834938049,0.9677033424377441,0.562170684337616,0.4829499423503876,0.508520245552063,0.5188876986503601
run_1789376009_gpu1_env0,216,1,,previous,0.7131363000080455,752,0.9806314806143442,0.9803234140078226,0.9809395472208658,0.9943297505378723,0.9759358167648315,0.9707046747207642,0.9948409199714661,0.9919729828834534,0.9560047388076782,0.5358577370643616,0.9052541851997375,0.5164254903793335,0.487787663936615
run_1789376009_gpu1_env0,217,1,,previous,0.7073459000093862,757,0.9826313555240631,0.9805169304211935,0.9847457806269327,0.9939786791801453,0.9752839207649231,0.972288191318512,0.9955294132232666,0.9928601384162903,0.9658477902412415,0.5481531620025635,0.9270402193069458,0.4965226650238037,0.5035777688026428
run_1789376009_gpu1_env0,218,1,,previous,0.7350168999982998,756,0.9816305538018545,0.9801504611968994,0.9831106464068095,0.9939424395561218,0.9766198992729187,0.9698890447616577,0.9936367869377136,0.9877997636795044,0.9678953886032104,0.5603436827659607,1.000146508216858,0.5534684062004089,0.6898379325866699
run_1789376009_gpu1_env0,219,1,,previous,0.7063327000068966,749,0.981863260269165,0.9822654128074646,0.9814611077308655,0.9943309426307678,0.9785522818565369,0.9739130139350891,0.9938222765922546,0.9928480982780457,0.9577129483222961,0.5332958102226257,0.8045425415039062,0.5976333022117615,0.5908293128013611
run_1789376009_gpu1_env0,220,1,,previous,0.6990074000204913,755,0.98225004474322,0.9808563590049744,0.9836437304814657,0.9945464134216309,0.9778968691825867,0.9701257944107056,0.9956508278846741,0.9915682673454285,0.9637120962142944,0.5601587295532227,0.8695316314697266,0.5300597548484802,0.37949180603027344
run_1789376009_gpu1_env0,221,1,,previous,0.7176118000061251,755,0.976466715335846,0.9767377376556396,0.9761956930160522,0.9936959147453308,0.97050940990448,0.9660078883171082,0.9944298267364502,0.9881955981254578,0.9459616541862488,0.5594761371612549,0.9130027890205383,0.6224429607391357,1.1267436742782593
run_1789376009_gpu1_env0,222,1,,previous,0.7106320000020787,764,0.9812419613202413,0.9798262715339661,0.9826576511065165,0.9935194253921509,0.974530816078186,0.9714285731315613,0.9948567152023315,0.9852631688117981,0.9678530693054199,0.5532490611076355,0.8040559887886047,0.6155739426612854,1.6022998094558716
run_1789376009_gpu1_env0,223,1,,previous,0.7309711999841966,752,0.9779227674007416,0.9780745903650919,0.9777709444363912,0.9936618804931641,0.9743935465812683,0.9661683440208435,0.9930924773216248,0.9810366630554199,0.9591836929321289,0.5691282749176025,0.7110690474510193,0.6099277138710022,1.6558761596679688
run_1789376009_gpu1_env0,224,1,,previous,0.6934928999980912,748,0.980975459019343,0.9818907777468363,0.9800601402918497,0.9941199421882629,0.9792641997337341,0.972288191318512,0.9941262602806091,0.9873949289321899,0.9586592316627502,0.5410970449447632,0.817570686340332,0.6192654967308044,1.0612783432006836
run_1789376009_gpu1_env0,225,1,,previous,0.7221373000065796,759,0.98173854748408,0.9827711979548136,0.9807058970133463,0.9937658309936523,0.979784369468689,0.9747633934020996,0.9933831691741943,0.9878406524658203,0.9608938694000244,0.6150906682014465,0.6311807632446289,0.6006004214286804,0.9553158283233643
run_1789376009_gpu1_env0,226,1,,previous,0.7192519000091124,752,0.9772151013215383,0.9799754420916239,0.9744547605514526,0.9934836030006409,0.9772727489471436,0.9691699743270874,0.992059588432312,0.9794031381607056,0.9519015550613403,0.5771763920783997,0.7843454480171204,0.5518868565559387,0.9125739932060242
run_1789376009_gpu1_env0,227,1,,previous,0.7002717000141274,741,0.9792965054512024,0.9784204562505087,0.9801725546518961,0.9944373369216919,0.9740518927574158,0.9667721390724182,0.9938176870346069,0.988669753074646,0.9580302238464355,0.5226503014564514,1.025647521018982,0.5491372346878052,0.7268545031547546
run_1789376009_gpu1_env0,228,1,,previous,0.7177506999869365,749,0.9806076685587565,0.9806418816248575,0.9805734554926554,0.9939786791801453,0.9772422909736633,0.9707046747207642,0.994248628616333,0.9878304600715637,0.9596412777900696,0.5628734230995178,0.9228089451789856,0.5681328177452087,0.4714689254760742
run_1789376009_gpu1_env0,229,1,,previous,0.7117381000134628,756,0.9806176324685415,0.9795693357785543,0.9816659291585287,0.9935190081596375,0.974530816078186,0.9706581830978394,0.9943094849586487,0.9895178079605103,0.961170494556427,0.5461754202842712,0.8864696621894836,0.5388726592063904,0.4111691117286682
run_1789376009_gpu1_env0,230,1,,previous,0.7008132999762893,755,0.9809775849183401,0.9804753661155701,0.98147980372111,0.9944038391113281,0.9747340679168701,0.972288191318512,0.9939445853233337,0.9911727905273438,0.9593220353126526,0.5703983306884766,1.238594651222229,0.5598989725112915,0.5020211338996887
run_1789376009_gpu1_env0,231,1,,previous,0.7228071999852546,743,0.9817762076854706,0.9807454347610474,0.9828069806098938,0.9937662482261658,0.9785810112953186,0.9698890447616577,0.9948567152023315,0.9916107654571533,0.9619534611701965,0.5746363401412964,0.8021066784858704,0.5603943467140198,0.6385777592658997
run_1789376009_gpu1_env0,232,1,,previous,0.7051543999987189,757,0.9805621206760406,0.9821308453877767,0.9789933959643046,0.9942975044250488,0.9805760383605957,0.9715189933776855,0.9932072758674622,0.9887359142303467,0.955036997795105,0.5639671087265015,0.6909716129302979,0.5213912129402161,0.3286494016647339
run_1789376009_gpu1_env0,233,1,,previous,0.7169108999951277,739,0.9802414774894714,0.9805108110109965,0.9799721439679464,0.9943684339523315,0.9778968691825867,0.9692671298980713,0.9932047724723816,0.9879015684127808,0.9588100910186768,0.5970653295516968,0.7538138628005981,0.5425671339035034,0.49732187390327454
run_1789376009_gpu1_env0,234,1,,previous,0.6772036000038497,743,0.9798767268657684,0.9783459703127543,0.9814074834187826,0.9946523904800415,0.9752508401870728,0.9651346802711487,0.993269681930542,0.9891030788421631,0.9618496894836426,0.5169832110404968,0.7230757474899292,0.582515299320221,0.8481143116950989
run_1789376009_gpu1_env0,235,1,,previous,0.7079646000056528,748,0.9833034972349802,0.984253724416097,0.9823532700538635,0.9939450025558472,0.982550323009491,0.9762658476829529,0.9938154220581055,0.9907949566841125,0.9624494314193726,0.5901966094970703,0.7306137084960938,0.6131137013435364,0.5650989413261414
run_1789376009_gpu1_env0,236,1,,previous,0.7060579000099096,735,0.9829850296179453,0.9820383787155151,0.9839316805203756,0.994369626045227,0.9825268983840942,0.9692186117172241,0.9932721853256226,0.9911949634552002,0.967327892780304,0.5797987580299377,0.5908293128013611,0.5299989581108093,0.7306137084960938
run_1789376009_gpu1_env0,237,1,,previous,0.7014548000006471,746,0.9819060762723287,0.9809557398160299,0.9828564127286276,0.9941220283508301,0.9771811962127686,0.971563994884491,0.9934568405151367,0.9907640814781189,0.964348316192627,0.549286425113678,0.6829963326454163,0.5726603865623474,0.690405011177063
run_1789376009_gpu1_env0,238,1,,previous,0.7539485000015702,762,0.9836062093575796,0.9831706484158834,0.9840417702992758,0.9941562414169312,0.979784369468689,0.97557133436203,0.9929693937301636,0.9891030788421631,0.9700528383255005,0.5414279103279114,0.6525209546089172,0.5687063932418823,0.77833491563797
run_1789376009_gpu1_env0,239,1,,previous,0.7070985000173096,751,0.9832730690638224,0.9818801879882812,0.9846659501393636,0.9940158128738403,0.9785234928131104,0.9731012582778931,0.995648205280304,0.9903401732444763,0.9680094718933105,0.5844345688819885,0.6852844953536987,0.543925940990448,0.614848792552948
run_1789376009_gpu1_env0,240,1,,previous,0.7066013000148814,750,0.9855196177959442,0.9829056859016418,0.9881335496902466,0.9942629337310791,0.9844699501991272,0.9699841737747192,0.9944291114807129,0.9932829737663269,0.9766885638237,0.5967176556587219,0.5524929165840149,0.580073893070221,0.8869110345840454
run_1789376009_gpu1_env0,241,1,,previous,0.7192688999930397,760,0.985122799873352,0.9831869800885519,0.9870586196581522,0.9945440888404846,0.9819155931472778,0.9731012582778931,0.9955228567123413,0.9908027052879333,0.9748502969741821,0.5311850309371948,0.6841413974761963,0.5705559253692627,0.5980709791183472
run_1789376009_gpu1_env0,242,1,,previous,0.7043276999902446,749,0.9818116823832194,0.9789290030797323,0.9846943616867065,0.9946165680885315,0.9746328592300415,0.9675375819206238,0.9943647980690002,0.9882550239562988,0.9714632630348206,0.5485202670097351,0.821391224861145,0.6330013275146484,0.937117338180542
run_1789376009_gpu1_env0,243,1,,previous,0.6928883000218775,756,0.984295924504598,0.9813968539237976,0.9871949950853983,0.9937326312065125,0.9764626622200012,0.9739952683448792,0.9947284460067749,0.9912170767784119,0.9756394624710083,0.5786510705947876,0.8336869478225708,0.5376741290092468,0.49416425824165344
run_1789376009_gpu1_env0,244,1,,previous,0.7213542000099551,748,0.9849136769771576,0.9824164112408956,0.9874109427134196,0.9942283034324646,0.9799196720123291,0.9731012582778931,0.9934504628181458,0.9907872676849365,0.9779950976371765,0.5544474720954895,0.7343536615371704,0.5597125291824341,0.6841413974761963
run_1789376009_gpu1_env0,245,1,,previous,0.7063789999810979,752,0.9849136670430502,0.9833528399467468,0.9864744941393534,0.9942616820335388,0.9818426370620728,0.9739542007446289,0.9935783743858337,0.9928721189498901,0.9729729890823364,0.5644402503967285,0.597416341304779,0.5322286486625671,0.5539076924324036
run_1789376009_gpu1_env0,246,1,,previous,0.7048211999936029,759,0.983240157365799,0.9812292655309042,0.9852510492006937,0.9946181178092957,0.979180634021759,0.9698890447616577,0.9949170351028442,0.9903563857078552,0.9704797267913818,0.5260179042816162,0.4316007196903229,0.5826348662376404,0.75795578956604
run_1789376009_gpu1_env0,247,1,,previous,0.6940428999951109,761,0.985414445400238,0.9837850133577982,0.9870438774426779,0.9941211938858032,0.982550323009491,0.9746835231781006,0.9944298267364502,0.9932942390441895,0.9734075665473938,0.6029283404350281,0.560928463935852,0.5350247025489807,0.6305604577064514
run_1789376009_gpu1_env0,248,1,,previous,0.71670799999265,761,0.9835658570130666,0.9823724428812662,0.9847592711448669,0.9941916465759277,0.9805499911308289,0.9723756909370422,0.994369626045227,0.9865996837615967,0.9733085036277771,0.6032298803329468,0.5921525359153748,0.4940301179885864,0.560928463935852
run_1789376009_gpu1_env0,249,1,,previous,0.6953064999834169,755,0.9840371211369833,0.9833535552024841,0.9847206870714823,0.9939450025558472,0.9838274717330933,0.972288191318512,0.9943094849586487,0.9878202676773071,0.9720323085784912,0.6292825937271118,0.4588492214679718,0.5116859078407288,0.5602303147315979
run_1789376009_gpu1_env0,250,1,,previous,0.7139505999803077,755,0.9819185038407644,0.9817703564961752,0.9820666511853536,0.9941220283508301,0.9811574816703796,0.9700315594673157,0.9943703413009644,0.986140251159668,0.9656893610954285,0.544346272945404,0.5248866677284241,0.4950683116912842,0.34717920422554016
run_1789376009_gpu1_env0,251,1,,previous,0.6947207000048365,746,0.9849757452805837,0.9830787976582845,0.9868726929028829,0.9941566586494446,0.9812080264091492,0.9738717079162598,0.994000256061554,0.9916177988052368,0.9750000238418579,0.5642668604850769,0.6909716129302979,0.5653910636901855,0.5767518281936646
run_1789376009_gpu1_env0,252,1,,previous,0.6998714999936055,759,0.9846681356430054,0.9831412633260092,0.9861950079600016,0.993768036365509,0.9818670153617859,0.9737887382507324,0.994612455368042,0.9916107654571533,0.9723618030548096,0.617995023727417,0.4423476755619049,0.590935230255127,0.6943616271018982
run_1789376009_gpu1_env0,253,1,,previous,0.7483543999842368,750,0.9830212394396464,0.9835241635640463,0.9825183153152466,0.9939091801643372,0.9812080264091492,0.9754552841186523,0.9932754635810852,0.9882845282554626,0.9659949541091919,0.5960796475410461,0.5901665687561035,0.515862762928009,0.4493695795536041
run_1789376009_gpu1_env0,254,1,,previous,0.7467015000001993,749,0.9818117618560791,0.9804794987042745,0.9831440250078837,0.9936941266059875,0.9778076410293579,0.969936728477478,0.9950401186943054,0.9878304600715637,0.966561496257782,0.5795391201972961,0.5322902798652649,0.49740538001060486,0.3784591555595398
run_1789376009_gpu1_env0,255,1,,previous,0.7399175000027753,752,0.9852571785449982,0.9838620026906332,0.9866523543993632,0.9942637085914612,0.9818670153617859,0.9754552841186523,0.9946117997169495,0.9911801815032959,0.9741650819778442,0.5939207077026367,0.6495152711868286,0.6055601835250854,0.7922884821891785
run_1789376009_gpu1_env0,256,1,,previous,0.7405721000104677,752,0.9822952648003896,0.9802459875742594,0.9843445420265198,0.9941558241844177,0.9773635268211365,0.9692186117172241,0.9933953285217285,0.9899412989616394,0.9696969985961914,0.5841877460479736,0.9458466172218323,0.5063723921775818,0.3753441870212555
run_1789376009_gpu1_env0,257,1,,previous,0.7188847000070382,759,0.9827605485916138,0.9795563220977783,0.9859647750854492,0.9940862059593201,0.9738780856132507,0.9707046747207642,0.9944913983345032,0.992443323135376,0.9709596037864685,0.5684214234352112,0.7671933770179749,0.5385734438896179,0.5503637790679932
run_1789376009_gpu1_env0,258,1,,previous,0.7492371999833267,757,0.985776424407959,0.9846101999282837,0.9869426488876343,0.994369626045227,0.9832327365875244,0.9762282371520996,0.9930890798568726,0.9899328947067261,0.9778059720993042,0.5784210562705994,0.5781072974205017,0.5727674961090088,0.46813690662384033
run_1789376009_gpu1_env0,259,1,,previous,0.7347530999977607,759,0.9853526055812836,0.9843929012616476,0.9863123099009196,0.9942983388900757,0.9817690849304199,0.977111279964447,0.9933353662490845,0.9903320670127869,0.9752694964408875,0.5921462178230286,0.36476898193359375,0.5988897681236267,0.9168524742126465
run_1789376009_gpu1_env0,260,1,,previous,0.6917786999838427,756,0.9845029711723328,0.983191172281901,0.9858147700627645,0.9942620992660522,0.9806278944015503,0.9746835231781006,0.9944913983345032,0.9932942390441895,0.9696586728096008,0.5481007695198059,0.8055148124694824,0.5417001843452454,0.5510743856430054
run_1789376009_gpu1_env0,261,1,,previous,0.7368665999965742,761,0.9838295578956604,0.9819926818211874,0.9856664339701334,0.993766725063324,0.9791526794433594,0.9730586409568787,0.9949182868003845,0.9911949634552002,0.9708860516548157,0.6044951677322388,0.63796466588974,0.5253191590309143,0.4432314932346344
run_1789376009_gpu1_env0,262,1,,previous,0.7037000000127591,762,0.9855605562527975,0.9837454358736674,0.9873756766319275,0.993838369846344,0.9811320900917053,0.9762658476829529,0.9940009713172913,0.9903482794761658,0.9777777791023254,0.5718280673027039,0.4788811504840851,0.5909993052482605,0.8568369150161743
run_1789376009_gpu1_env0,263,1,,previous,0.7638454999832902,756,0.9827087223529816,0.9792977372805277,0.9861197074254354,0.9935543537139893,0.9752177000045776,0.9691211581230164,0.9941871166229248,0.9920201301574707,0.9721518754959106,0.5363374352455139,0.8767033219337463,0.5377734303474426,0.49574559926986694
run_1789376009_gpu1_env0,264,1,,previous,0.7494869999936782,751,0.9829599062601725,0.9807530045509338,0.9851668079694113,0.9942278861999512,0.9765572547912598,0.9714738726615906,0.9929667711257935,0.9916107654571533,0.9709228873252869,0.5565534234046936,0.8247196078300476,0.5380818247795105,0.4528396725654602
run_1789376009_gpu1_env0,265,1,,previous,0.7497528000094462,762,0.9848084052403768,0.9835181633631388,0.9860986471176147,0.9946512579917908,0.9818670153617859,0.9740362167358398,0.9937607049942017,0.9899159669876099,0.9746192693710327,0.5627403259277344,0.5855063796043396,0.5900373458862305,0.8444147706031799
run_1789376009_gpu1_env0,266,1,,previous,0.7297683000215329,754,0.9842485586802164,0.9818496108055115,0.9866475065549215,0.9943329691886902,0.9785810112953186,0.9726348519325256,0.9943087697029114,0.9928661584854126,0.9727675914764404,0.6041885018348694,0.8420942425727844,0.5047020316123962,0.4432314932346344
run_1789376009_gpu1_env0,267,1,,previous,0.7331985000055283,760,0.9863231480121613,0.9846015771230062,0.9880447189013163,0.9942991733551025,0.9805499911308289,0.9789555668830872,0.9957671165466309,0.9912096858024597,0.9771573543548584,0.5614224076271057,0.7077590227127075,0.48808419704437256,0.543926477432251
run_1789376009_gpu1_env0,268,1,,previous,0.7529158999968786,754,0.9827659825483958,0.9793219367663065,0.986210028330485,0.9942991733551025,0.974530816078186,0.9691358208656311,0.9935768246650696,0.9928661584854126,0.9721871018409729,0.5805043578147888,0.7027649879455566,0.5161393284797668,0.4949555993080139
run_1789376009_gpu1_env0,269,1,,previous,0.7823114999919198,762,0.9831371903419495,0.9809292554855347,0.9853451251983643,0.9934496283531189,0.9777777791023254,0.9715603590011597,0.9911883473396301,0.9870129823684692,0.9778340458869934,0.5939818620681763,0.5248866677284241,0.6149049401283264,0.8572934865951538
run_1789376009_gpu1_env0,270,1,,previous,0.7366011000121944,759,0.9844081004460653,0.984135111172994,0.9846810897191366,0.9948301315307617,0.9818913340568542,0.975683867931366,0.9949170351028442,0.9907718300819397,0.9683544039726257,0.5584976077079773,0.6305604577064514,0.48507723212242126,0.5308178663253784
run_1789376009_gpu1_env0,271,1,,previous,0.7441127999918535,757,0.9831249813238779,0.9809211095174154,0.9853288531303406,0.9940499663352966,0.9780146479606628,0.9706987142562866,0.9960755705833435,0.9915966391563416,0.9683143496513367,0.5955208539962769,1.306861162185669,0.5256124138832092,0.4805127680301666
run_1789376009_gpu1_env0,272,1,,previous,0.7603596999833826,758,0.9808016419410706,0.9763080279032389,0.9852952559789022,0.9939436912536621,0.9719626307487488,0.9630177617073059,0.993208110332489,0.992443323135376,0.9702343344688416,0.5780768394470215,1.266095519065857,0.5493212938308716,0.5203939080238342
run_1789376009_gpu1_env0,273,1,,previous,0.7497976000013296,752,0.982482393582662,0.9794665376345316,0.9854982495307922,0.9942983388900757,0.9792919158935547,0.9648093581199646,0.99443119764328,0.992443323135376,0.9696202278137207,0.571111798286438,1.1790218353271484,0.5257584452629089,0.4405747354030609
run_1789376009_gpu1_env0,274,1,,previous,0.7473805000190623,757,0.9817055265108744,0.9772779941558838,0.9861330588658651,0.9946157932281494,0.9726484417915344,0.9645697474479675,0.9929572939872742,0.9882845282554626,0.9771573543548584,0.5490591526031494,1.2771754264831543,0.5438904166221619,0.5828266739845276
run_1789376009_gpu1_env0,275,1,,previous,0.7414742999826558,755,0.9820913275082906,0.9780880014101664,0.9860946536064148,0.9946161508560181,0.9739826321601868,0.9656652212142944,0.994549572467804,0.9916177988052368,0.9721165895462036,0.5526030659675598,1.4276587963104248,0.5591355562210083,0.4224361479282379
run_1789376009_gpu1_env0,276,1,,previous,0.722445899999002,755,0.982048918803533,0.9792023102442423,0.9848955273628235,0.9944054484367371,0.975184440612793,0.968017041683197,0.9944920539855957,0.991187572479248,0.9690069556236267,0.5031490325927734,1.0653270483016968,0.5270724892616272,0.3774237036705017
run_1789376009_gpu1_env0,277,1,,previous,0.786503300012555,750,0.9816325207551321,0.9785312612851461,0.984733780225118,0.9937675595283508,0.9744966626167297,0.9673295617103577,0.9933856129646301,0.9899665713310242,0.9708491563796997,0.5306273102760315,1.0549907684326172,0.5535592436790466,0.42336153984069824
run_1789376009_gpu1_env0,278,1,,previous,0.7343035000085365,757,0.9805610875288645,0.9778156280517578,0.9833065470059713,0.9940866231918335,0.9738430380821228,0.9655172228813171,0.9929112792015076,0.9874266386032104,0.9695817232131958,0.5713302493095398,1.0802839994430542,0.5581332445144653,0.8098755478858948
run_1789376009_gpu1_env0,279,1,,previous,0.7697180999966804,750,0.9827148914337158,0.9796609679857889,0.9857688148816427,0.9936972260475159,0.9798657894134521,0.9654198884963989,0.9944304823875427,0.9932942390441895,0.9695817232131958,0.5521760582923889,0.9507988691329956,0.5246387720108032,0.5510743856430054
run_1789376009_gpu1_env0,280,1,,previous,0.7552511999965645,758,0.9826265474160513,0.9782028992970785,0.987050195535024,0.9943329691886902,0.9765886068344116,0.9636871218681335,0.9947323203086853,0.9911801815032959,0.9752380847930908,0.5672150254249573,1.0294561386108398,0.5682116150856018,0.9000514149665833
run_1789376009_gpu1_env0,281,1,,previous,0.7433351000072435,750,0.9818782210350037,0.9784409006436666,0.9853155414263407,0.9941220283508301,0.9804713726043701,0.9607293009757996,0.9938830733299255,0.992443323135376,0.9696202278137207,0.5837958455085754,0.5895031094551086,0.541201114654541,0.5395923256874084
run_1789376009_gpu1_env0,282,1,,previous,0.7462629999790806,745,0.9803496698538462,0.9742552042007446,0.9864441355069479,0.9943325519561768,0.9766510725021362,0.9517819881439209,0.9930241107940674,0.9916247725486755,0.9746835231781006,0.5675037503242493,1.0279344320297241,0.5571091771125793,0.5794596076011658
run_1789376009_gpu1_env0,283,1,,previous,0.7065925000060815,743,0.9819148679574331,0.9778712391853333,0.9859584967295328,0.9943675994873047,0.9778968691825867,0.9613492488861084,0.9937607049942017,0.9920335412025452,0.9720812439918518,0.5547460317611694,0.9052541851997375,0.5455561280250549,0.5868416428565979
run_1789376009_gpu1_env0,284,1,,previous,0.7301737000234425,755,0.9796665807565054,0.9736759662628174,0.9856571952501932,0.9944397211074829,0.9718498587608337,0.9547383189201355,0.9938215017318726,0.9928780794143677,0.9702720046043396,0.543206512928009,0.7737963795661926,0.5181549787521362,0.4780632555484772
run_1789376009_gpu1_env0,285,1,,previous,0.7195241999870632,755,0.9806738893191019,0.974988579750061,0.9863591988881429,0.993798553943634,0.9765572547912598,0.9546099305152893,0.9929572939872742,0.9895528554916382,0.9765674471855164,0.6074978709220886,0.8904340863227844,0.5575592517852783,0.7049888968467712
run_1789376009_gpu1_env0,286,1,,previous,0.7601209999993443,752,0.9842175543308258,0.9837431708971659,0.9846919377644857,0.993818998336792,0.9845533967018127,0.9728571176528931,0.9937614798545837,0.99204021692276,0.9682741165161133,0.5876567363739014,0.5808088183403015,0.5250053405761719,0.41401463747024536
run_1789376009_gpu1_env0,287,1,,previous,0.7035806000058074,757,0.9822180767854055,0.9819847941398621,0.9824513594309489,0.9934354424476624,0.9832552075386047,0.9692637324333191,0.9932762980461121,0.9882550239562988,0.9658227562904358,0.5965588688850403,0.6032831072807312,0.5273958444595337,0.3013159930706024
run_1789376009_gpu1_env0,288,1,,previous,0.728687800001353,755,0.984326978524526,0.9829490383466085,0.9857049187024435,0.9932154417037964,0.9826202988624573,0.9730113744735718,0.9938222765922546,0.992443323135376,0.9708491563796997,0.5941110253334045,0.4493695795536041,0.5524851679801941,0.6230683326721191
run_1789376009_gpu1_env0,289,1,,previous,0.7440234000096098,746,0.9844940106074015,0.9851877291997274,0.9838002920150757,0.9933688044548035,0.9834107756614685,0.9787836074829102,0.9943709969520569,0.9899412989616394,0.9670885801315308,0.573350191116333,0.8767033219337463,0.5321370959281921,0.5004596710205078
run_1789376009_gpu1_env0,290,1,,previous,0.7637665999936871,755,0.9827565550804138,0.9822924335797628,0.9832206765810648,0.9935146570205688,0.974459707736969,0.9789029359817505,0.9947361946105957,0.9891030788421631,0.9658227562904358,0.5881442427635193,1.0609095096588135,0.48273757100105286,0.30646705627441406
run_1789376009_gpu1_env0,291,1,,previous,0.7554342999937944,765,0.9809173146883646,0.9773810704549154,0.984453558921814,0.9938521385192871,0.9628180265426636,0.9754730463027954,0.99443119764328,0.991187572479248,0.9677419066429138,0.565823495388031,0.6537193059921265,0.5169475078582764,0.5128186345100403
run_1789376009_gpu1_env0,292,1,,previous,0.7176146999991033,758,0.9832194447517395,0.9832068880399069,0.9832320014635721,0.9928475618362427,0.9756410121917725,0.9811320900917053,0.9933977127075195,0.9886792302131653,0.9676190614700317,0.5636879801750183,1.0164483785629272,0.5120818614959717,0.46055182814598083
run_1789376009_gpu1_env0,293,1,,previous,0.7972875999985263,757,0.9859288036823273,0.9862717588742574,0.9855858484903971,0.9928672313690186,0.983418345451355,0.9825296998023987,0.9928479790687561,0.9899412989616394,0.9739682674407959,0.6160049438476562,0.7348863482475281,0.5900915265083313,0.9520329833030701
run_1789376009_gpu1_env0,294,1,,previous,1.0151335000118706,760,0.9836943248907725,0.9819047252337137,0.9854839245478312,0.9932236075401306,0.9754871129989624,0.9770034551620483,0.994613766670227,0.991603672504425,0.9702343344688416,0.5787630677223206,0.5173771381378174,0.5377199053764343,0.5188876986503601
run_1789376009_gpu1_env0,295,1,,previous,1.0358377999800723,763,0.9804877837498983,0.9761415918668112,0.9848339756329855,0.9931138157844543,0.9673444032669067,0.9679665565490723,0.9919833540916443,0.9865996837615967,0.9759188890457153,0.5425005555152893,0.5787838101387024,0.5464709997177124,0.6999750733375549
run_1789376009_gpu1_env0,296,1,,previous,0.934588200005237,754,0.9870258867740631,0.9889912207921346,0.9850605527559916,0.9926368594169617,0.9860690236091614,0.9882677793502808,0.9941871166229248,0.9920268654823303,0.9689676761627197,0.5657618641853333,0.7912999391555786,0.544779896736145,0.5352230072021484
run_1789376009_gpu1_env0,297,1,,previous,0.8768858000112232,768,0.9847650428613027,0.9857015013694763,0.983828584353129,0.9920520186424255,0.9802039861679077,0.9848484992980957,0.9936399459838867,0.9894914031028748,0.9683544039726257,0.6190601587295532,0.7912999391555786,0.4910018742084503,0.6549155712127686
run_1789376009_gpu1_env0,298,1,,previous,0.9085283000022173,758,0.9854874710241953,0.9866885344187418,0.9842864076296488,0.9910012483596802,0.9807804226875305,0.9882839322090149,0.9937006831169128,0.9907640814781189,0.9683944582939148,0.6346694231033325,0.9287273287773132,0.525558590888977,0.6000308394432068
run_1789376009_gpu1_env0,299,1,,previous,0.8936357000202406,764,0.9795525074005127,0.9729312658309937,0.9861737489700317,0.9898467063903809,0.9565714001655579,0.9723756909370422,0.9946131110191345,0.992443323135376,0.9714648127555847,0.6375694870948792,1.0305960178375244,0.6141953468322754,0.8332173824310303
run_1789376009_gpu1_env0,300,1,,previous,0.9893477000005078,754,0.9777178565661112,0.9742971460024515,0.9811385671297709,0.9913907051086426,0.9683859944343567,0.9631147384643555,0.9937614798545837,0.9844864010810852,0.9651678204536438,0.5964219570159912,0.9663134813308716,0.5146751999855042,0.558831512928009
run_1789376009_gpu1_env0,301,1,,previous,0.9561057999962941,759,0.9793936808904012,0.9733731150627136,0.9854142467180887,0.989634096622467,0.9571428298950195,0.9733424186706543,0.994369626045227,0.9928661584854126,0.9690069556236267,0.6328673362731934,0.8913126587867737,0.5522549152374268,0.560928463935852
run_1789376009_gpu1_env0,302,1,,previous,1.0243781000026502,758,0.9850808382034302,0.9850753744443258,0.9850863019625345,0.9923169016838074,0.9862288236618042,0.9766803979873657,0.9914906620979309,0.9866108894348145,0.9771573543548584,0.6878847479820251,1.1562293767929077,0.5689566135406494,0.7375442385673523
run_1789376009_gpu1_env0,303,1,,previous,1.009227100003045,763,0.9809879759947459,0.9760333895683289,0.985942562421163,0.9896787405014038,0.9719334840774536,0.9664879441261292,0.9943073987960815,0.9907872676849365,0.9727330207824707,0.6220616102218628,0.6685181260108948,0.58979332447052,0.7833468317985535
run_1789376009_gpu1_env0,304,1,,previous,1.0180743999953847,755,0.9792098601659139,0.9724815885225931,0.9859381318092346,0.9896592497825623,0.9621289372444153,0.965656578540802,0.9951620101928711,0.991187572479248,0.9714648127555847,0.6657975316047668,0.9723695516586304,0.6164250373840332,0.6626383066177368
run_1789376009_gpu1_env0,305,1,,previous,0.972443500009831,763,0.9821109175682068,0.97950279712677,0.9847190380096436,0.990037739276886,0.9739739894866943,0.9744966626167297,0.994612455368042,0.989924430847168,0.9696202278137207,0.6896868348121643,1.259898066520691,0.578809916973114,0.6608641743659973
run_1789376009_gpu1_env0,306,1,,previous,0.9794090000214055,755,0.9830580850442251,0.9804904460906982,0.9856257239977518,0.9893993139266968,0.9702293872833252,0.9818426370620728,0.9935783743858337,0.9924496412277222,0.9708491563796997,0.7428963780403137,1.6442534923553467,0.5598288178443909,0.573349118232727
run_1789376009_gpu1_env0,307,1,,previous,0.994661000004271,747,0.9824757675329844,0.9794025222460429,0.9855490128199259,0.9905140399932861,0.9710424542427063,0.9766510725021362,0.9941871166229248,0.9916107654571533,0.9708491563796997,0.6908109188079834,1.1253533363342285,0.5530394911766052,0.7486042976379395
run_1789376009_gpu1_env0,308,1,,previous,1.002946199994767,766,0.982500692208608,0.979458769162496,0.9855426152547201,0.9918147325515747,0.9719626307487488,0.9745989441871643,0.9945515990257263,0.9924560189247131,0.9696202278137207,0.7253816723823547,0.8636608719825745,0.5567959547042847,0.49574559926986694
run_1789376009_gpu1_env0,309,1,,previous,0.9791785999841522,761,0.9800597230593363,0.9752663175264994,0.9848531285921732,0.9906893968582153,0.9755873084068298,0.9595222473144531,0.9936983585357666,0.9912023544311523,0.9696586728096008,0.7294802665710449,1.1000288724899292,0.5578093528747559,0.5664823651313782
run_1789376009_gpu1_env0,310,1,,previous,0.9402395999932196,761,0.9825284679730734,0.9782762924830118,0.9867806434631348,0.9895936846733093,0.9745685458183289,0.9706666469573975,0.9941255450248718,0.9928661584854126,0.9733502268791199,0.6890802383422852,0.9966186285018921,0.5166308879852295,0.5188876986503601
run_1789376009_gpu1_env0,311,1,,previous,0.8801970000204165,761,0.9835361242294312,0.9820325175921122,0.9850397308667501,0.9908128976821899,0.9785714149475098,0.976713240146637,0.9947348833084106,0.9907640814781189,0.9696202278137207,0.7901075482368469,1.3513259887695312,0.5295500755310059,0.5637122392654419
run_1789376009_gpu1_env0,312,1,,previous,0.8646360000129789,759,0.9840346376101176,0.9828920364379883,0.985177238782247,0.9902331233024597,0.9803407788276672,0.9781022071838379,0.9925962090492249,0.9895178079605103,0.9734176993370056,0.7645610570907593,1.0141355991363525,0.6181710958480835,0.8364987373352051
run_1789376009_gpu1_env0,313,1,,previous,0.8848371999920346,761,0.9847395718097687,0.9827640851338705,0.9867150584856669,0.9892047643661499,0.9809852838516235,0.9781022071838379,0.9938762784004211,0.990380585193634,0.9758883118629456,0.7698519825935364,1.1810117959976196,0.5424917340278625,0.489389568567276
run_1789376009_gpu1_env0,314,1,,previous,0.881292999983998,764,0.9833302001158396,0.9816836714744568,0.9849767287572225,0.9917115569114685,0.9829642176628113,0.9703752398490906,0.9935191869735718,0.992443323135376,0.9689676761627197,0.7922032475471497,1.573709487915039,0.5332654118537903,0.5293412804603577
run_1789376009_gpu1_env0,315,1,,previous,0.9109743000008166,759,0.9856455127398173,0.9855125546455383,0.9857784708340963,0.9886937737464905,0.9843021035194397,0.9835417866706848,0.9942458271980286,0.9916247725486755,0.9714648127555847,0.7329628467559814,0.8820438385009766,0.5694059133529663,0.6084505915641785
run_1789376009_gpu1_env0,316,1,,previous,0.882052200002363,760,0.9838538070519766,0.9819285670916239,0.9857790470123291,0.9867643117904663,0.9827368259429932,0.9762845635414124,0.9944913983345032,0.9920335412025452,0.970812201499939,0.7351447343826294,0.9638804793357849,0.5296392440795898,0.39067068696022034
run_1789376009_gpu1_env0,317,1,,previous,0.8540412999864202,759,0.9856271247069041,0.9848921696345011,0.986362079779307,0.9875797033309937,0.9808492660522461,0.9862475395202637,0.9944304823875427,0.9920268654823303,0.9726288914680481,0.803024411201477,1.2207714319229126,0.5707184672355652,0.7316842079162598
run_1789376009_gpu1_env0,318,1,,previous,0.845166999992216,752,0.9860856831073761,0.9868862430254618,0.9852851231892904,0.9904305934906006,0.9885527491569519,0.981675386428833,0.9931464791297913,0.9899412989616394,0.9727675914764404,0.7009992599487305,0.8926289677619934,0.5983299016952515,0.849958062171936
run_1789376009_gpu1_env0,319,1,,previous,0.8391660999914166,753,0.9870563844839731,0.9883970419565836,0.9857157270113627,0.9913211464881897,0.9910203814506531,0.9828495979309082,0.9943081140518188,0.9920268654823303,0.970812201499939,0.7247557044029236,0.6852844953536987,0.5656566619873047,0.609093427658081
run_1789376009_gpu1_env0,320,1,,previous,0.856599599996116,758,0.9864119489987692,0.9871206283569336,0.9857032696406046,0.9834758043289185,0.9877350926399231,0.9901509881019592,0.9933944940567017,0.9928661584854126,0.9708491563796997,0.7078919410705566,0.7732905149459839,0.5430120229721069,0.5112900733947754
run_1789376009_gpu1_env0,321,1,,previous,0.8374415000143927,753,0.9838533798853556,0.9830288290977478,0.9846779306729635,0.9849726557731628,0.9892129302024841,0.9749009013175964,0.9938830733299255,0.9924496412277222,0.9677010774612427,0.6843108534812927,1.069360375404358,0.5440223813056946,0.5941319465637207
run_1789376009_gpu1_env0,322,1,,previous,0.7619296000048053,750,0.9839903513590494,0.9830722610155741,0.9849084417025248,0.9856459498405457,0.9826121926307678,0.9809586405754089,0.993942379951477,0.9924685955047607,0.9683143496513367,0.6906623840332031,0.3013159930706024,0.531208872795105,0.4813265800476074
run_1789376009_gpu1_env0,323,1,,previous,0.7727437999856193,751,0.9839373230934143,0.9828776717185974,0.9849969744682312,0.9819494485855103,0.9823698401451111,0.9843137264251709,0.9941864013671875,0.9937159419059753,0.9670885801315308,0.7042078375816345,0.6428533792495728,0.5086841583251953,0.3426406979560852
run_1789376009_gpu1_env0,324,1,,previous,0.8174365000159014,742,0.9848046004772186,0.9846707185109457,0.9849384824434916,0.9869869947433472,0.9855192303657532,0.9815059304237366,0.9943087697029114,0.9916177988052368,0.9688888788223267,0.7200143933296204,0.7692310810089111,0.5515353679656982,0.5532007217407227
run_1789376009_gpu1_env0,325,1,,previous,0.7983571999939159,742,0.9852172633012136,0.9835224747657776,0.9869120518366495,0.9814207553863525,0.9836203455924988,0.9855263233184814,0.9941255450248718,0.9932942390441895,0.9733163714408875,0.7212377190589905,0.5271186828613281,0.5812453031539917,0.7252374887466431
run_1789376009_gpu1_env0,326,1,,previous,0.8103430999908596,746,0.9868780573209127,0.9889250993728638,0.9848310152689616,0.9918509721755981,0.9932489395141602,0.981675386428833,0.9944906830787659,0.9928721189498901,0.9671302437782288,0.7235344052314758,0.7176430225372314,0.5633967518806458,0.42795848846435547
run_1789376009_gpu1_env0,327,1,,previous,0.7290912999887951,739,0.9825528164704641,0.9787456393241882,0.9863599936167399,0.9794933795928955,0.983523428440094,0.9732201099395752,0.994055986404419,0.9903725385665894,0.9746514558792114,0.6798200011253357,0.3380412757396698,0.539773166179657,0.5881738662719727
run_1789376009_gpu1_env0,328,1,,previous,0.705596300016623,743,0.9852942526340485,0.9865702589352926,0.9840182463328043,0.9888198971748352,0.9910600185394287,0.9798308610916138,0.9940053820610046,0.9903482794761658,0.9677010774612427,0.7550734877586365,0.8668270111083984,0.5008930563926697,0.43521255254745483
run_1789376009_gpu1_env0,329,1,,previous,0.6831930999760516,738,0.9869017501672109,0.9884133140246073,0.9853901863098145,0.9924242496490479,0.9923469424247742,0.98046875,0.993942379951477,0.9932998418807983,0.968928337097168,0.7607628703117371,0.5895031094551086,0.5343106985092163,0.4837595820426941
