run,frame,optimized,skipped,init,time_s,correspondences,dice_mean,dice_left_mean,dice_right_mean,dice_left_shaft,dice_left_wrist,dice_left_grippers,dice_right_shaft,dice_right_wrist,dice_right_grippers,left_translation_error_mm,left_rotation_error_deg,right_translation_error_mm,right_rotation_error_deg
run_1789376009_gpu1_env0,0,1,,perturb-gt,0.7299410999985412,492,0.7418834467728933,0.5161797801653544,0.9675871133804321,0.5769644975662231,0.6786248087882996,0.2929500341415405,0.9896594285964966,0.9778149724006653,0.9352869391441345,1.5296849012374878,10.842516899108887,0.6248335838317871,1.1120595932006836
run_1789376009_gpu1_env0,1,1,,previous,0.6450407000083942,702,0.9613480468591055,0.9573202927907308,0.9653758009274801,0.9616438150405884,0.9751999974250793,0.9351170659065247,0.9845004081726074,0.9723939299583435,0.9392330646514893,0.7490092515945435,2.0873165130615234,0.6228963732719421,1.4513132572174072
run_1789376009_gpu1_env0,2,1,,previous,0.6510215999733191,716,0.9598063031832377,0.9562979141871134,0.9633146921793619,0.9656121134757996,0.9695023894309998,0.933779239654541,0.9936287999153137,0.9676616787910461,0.9286535978317261,0.7537633776664734,1.7431597709655762,0.5995345711708069,1.2013819217681885
run_1789376009_gpu1_env0,3,1,,previous,0.6770679000183009,726,0.9657935400803884,0.9641239643096924,0.9674631158510844,0.96712327003479,0.974979817867279,0.9502688050270081,0.9900138974189758,0.970600426197052,0.9417750239372253,0.7364273071289062,1.1405527591705322,0.6681459546089172,1.6732759475708008
run_1789376009_gpu1_env0,4,1,,previous,0.6538328999886289,718,0.9677447477976481,0.9662533601125082,0.9692361354827881,0.9661971926689148,0.9795427322387695,0.9530201554298401,0.9910109043121338,0.9735537171363831,0.9431437849998474,0.7257285118103027,1.474588394165039,0.6115078926086426,1.4833213090896606
run_1789376009_gpu1_env0,5,1,,previous,0.6469803999934811,726,0.9743746717770895,0.975053866704305,0.9736954768498739,0.9790209531784058,0.9830781817436218,0.9630624651908875,0.9909960031509399,0.9751655459403992,0.9549248814582825,0.734376847743988,0.793275773525238,0.6156976222991943,1.354797124862671
run_1789376009_gpu1_env0,6,1,,previous,0.6500574999954551,737,0.974676102399826,0.974352498849233,0.9749997059504191,0.9795918464660645,0.9838969111442566,0.9595687389373779,0.9890687465667725,0.9755288362503052,0.9604015350341797,0.7365788817405701,0.6404136419296265,0.7034327387809753,1.142609715461731
run_1789376009_gpu1_env0,7,1,,previous,0.6486694999912288,737,0.9809134403864542,0.975743035475413,0.9860838452974955,0.9798657894134521,0.9847021102905273,0.9626612067222595,0.991685152053833,0.9850124716758728,0.9815539121627808,0.7187679409980774,0.4441135823726654,0.6917662024497986,0.750170886516571
run_1789376009_gpu1_env0,8,1,,previous,0.710492099984549,734,0.982724924882253,0.9777800043423971,0.987669845422109,0.9826435446739197,0.9859268069267273,0.9647696614265442,0.9933591485023499,0.9841269850730896,0.9855234026908875,0.6860624551773071,0.5719823241233826,0.6175365447998047,0.5188876986503601
run_1789376009_gpu1_env0,9,1,,previous,0.6545368999941275,739,0.9816317955652872,0.9777055978775024,0.9855579932530721,0.9738903641700745,0.9838839769363403,0.9753424525260925,0.9915781021118164,0.9807208776473999,0.984375,0.7219112515449524,0.6336560845375061,0.6344324946403503,0.5248866677284241
run_1789376009_gpu1_env0,10,1,,previous,0.6680591000185814,733,0.9837205111980438,0.9816821614901224,0.9857588609059652,0.9768041372299194,0.9867735505104065,0.9814687967300415,0.9911553263664246,0.982367753982544,0.983753502368927,0.732722818851471,0.4054182171821594,0.6545798778533936,0.881600022315979
run_1789376009_gpu1_env0,11,1,,previous,0.67110499998671,741,0.9810345967610677,0.9771425724029541,0.9849266211191813,0.968866765499115,0.9852413535118103,0.977319598197937,0.9881182909011841,0.9840871095657349,0.982574462890625,0.7255281209945679,0.42336153984069824,0.6295070052146912,0.7044336199760437
run_1789376009_gpu1_env0,12,1,,previous,0.6471994000021368,734,0.9812010924021403,0.9757439096768697,0.9866582751274109,0.970802903175354,0.9833068251609802,0.9731220006942749,0.9919800758361816,0.984886646270752,0.9831081032752991,0.7349045276641846,0.7808449268341064,0.6021223068237305,0.756405234336853
run_1789376009_gpu1_env0,13,1,,previous,0.6458049000066239,734,0.9827965497970581,0.9786557952562968,0.9869373043378195,0.978672981262207,0.9798816442489624,0.977412760257721,0.9911651015281677,0.9832214713096619,0.9864253401756287,0.752217173576355,1.0605405569076538,0.6313869953155518,0.8336869478225708
run_1789376009_gpu1_env0,14,1,,previous,0.6451024999842048,737,0.9858174721399943,0.9835566282272339,0.9880783160527548,0.9849711060523987,0.98782879114151,0.977869987487793,0.990607738494873,0.9895002245903015,0.9841269850730896,0.7533757090568542,0.4821389615535736,0.6562994122505188,1.2354307174682617
run_1789376009_gpu1_env0,15,1,,previous,0.6421725999971386,740,0.9846976498762766,0.9806829293568929,0.9887123703956604,0.9810901284217834,0.9836702942848206,0.9772883653640747,0.9917058348655701,0.9874476790428162,0.986983597278595,0.728512704372406,0.3946572542190552,0.6647573709487915,0.9859589338302612
run_1789376009_gpu1_env0,16,1,,previous,0.674830000003567,732,0.9790476560592651,0.976012388865153,0.9820829232533773,0.9707112908363342,0.9786904454231262,0.9786354303359985,0.9899296164512634,0.9773299694061279,0.9789891839027405,0.8040044903755188,0.7641265392303467,0.5831766128540039,0.8369664549827576
run_1789376009_gpu1_env0,17,1,,previous,0.6587457999994513,735,0.9836802283922831,0.9852749903996786,0.9820854663848877,0.9887410402297974,0.9870426654815674,0.9800412654876709,0.9886990189552307,0.9785443544387817,0.9790130257606506,0.6799595952033997,0.49416425824165344,0.6521792411804199,1.1446629762649536
run_1789376009_gpu1_env0,18,1,,previous,0.6511852999974508,739,0.9867399334907532,0.9861639936765035,0.9873158733050028,0.991253674030304,0.9877862334251404,0.9794520735740662,0.9919800758361816,0.9870129823684692,0.9829545617103577,0.6970188021659851,0.7778319120407104,0.5968982577323914,1.0770186185836792
run_1789376009_gpu1_env0,19,1,,previous,0.6882998999790289,732,0.9836934904257456,0.9794252713521322,0.9879617094993591,0.9888476133346558,0.9865671396255493,0.9628610610961914,0.9910233616828918,0.9853617548942566,0.987500011920929,0.7429115176200867,0.3426406979560852,0.6557450294494629,1.1371161937713623
run_1789376009_gpu1_env0,20,1,,previous,0.6691806000017095,738,0.9808202187220255,0.9725218613942465,0.9891185760498047,0.9733448028564453,0.9774158000946045,0.9668049812316895,0.9929392337799072,0.9874476790428162,0.9869688153266907,0.7120944857597351,0.6065179109573364,0.6281375288963318,0.7986840009689331
run_1789376009_gpu1_env0,21,1,,previous,0.6954198000021279,751,0.9793283840020498,0.9691880544026693,0.9894687136014303,0.9682151675224304,0.9766933917999268,0.9626556038856506,0.9932123422622681,0.9899497628211975,0.9852440357208252,0.7691441774368286,1.0248841047286987,0.6489036083221436,0.9022228717803955
run_1789376009_gpu1_env0,22,1,,previous,0.6814015999843832,754,0.9861839711666107,0.982253630956014,0.9901143113772074,0.9845201373100281,0.9884476661682129,0.973793089389801,0.9933518171310425,0.991187572479248,0.9858035445213318,0.7367105484008789,0.7066522836685181,0.6677867770195007,0.9589958190917969
run_1789376009_gpu1_env0,23,1,,previous,0.6681183000036981,747,0.9853356877962748,0.9835730592409769,0.9870983163515726,0.9847272634506226,0.9847029447555542,0.9812889695167542,0.9912971258163452,0.9853126406669617,0.9846851825714111,0.7469758987426758,0.9779880046844482,0.5877788066864014,0.8744685053825378
run_1789376009_gpu1_env0,24,1,,previous,0.6976082999899518,741,0.9822750985622406,0.9811489780743917,0.9834012190500895,0.9816949367523193,0.983146071434021,0.9786059260368347,0.9911602139472961,0.979009211063385,0.9800342321395874,0.7229095697402954,0.41401463747024536,0.6343126893043518,1.0302162170410156
run_1789376009_gpu1_env0,25,1,,previous,0.6719695999927353,742,0.9874989092350006,0.9843926032384237,0.9906052152315775,0.9858793616294861,0.9871750473976135,0.9801234006881714,0.9919734001159668,0.9895178079605103,0.9903244376182556,0.7398801445960999,0.6632286310195923,0.6705329418182373,1.1670106649398804
run_1789376009_gpu1_env0,26,1,,previous,0.6641731999989133,745,0.9782488544782003,0.9712016781171163,0.9852960308392843,0.9672514796257019,0.9800769090652466,0.9662766456604004,0.9904683232307434,0.9819251894950867,0.9834945797920227,0.6990083456039429,1.047918677330017,0.6728770136833191,1.2639299631118774
run_1789376009_gpu1_env0,27,1,,previous,0.6845693000068422,759,0.9812357425689697,0.9755287766456604,0.986942708492279,0.9777294993400574,0.9779024720191956,0.9709543585777283,0.9912657737731934,0.9849119782447815,0.9846503734588623,0.6946629285812378,1.8286340236663818,0.6385034918785095,0.8388347029685974
run_1789376009_gpu1_env0,28,1,,previous,0.7074243999959435,749,0.9820799231529236,0.9760693113009135,0.9880905350049337,0.9792899489402771,0.9801462888717651,0.9687716960906982,0.9904735684394836,0.9857501983642578,0.9880478382110596,0.7109177708625793,0.8613921999931335,0.6135016083717346,0.8030819296836853
run_1789376009_gpu1_env0,29,1,,previous,0.8597953999997117,762,0.9844866991043091,0.9827717940012614,0.9862016042073568,0.9850068092346191,0.9810924530029297,0.9822161197662354,0.9914388060569763,0.9819555282592773,0.9852104783058167,0.675514817237854,0.8122881054878235,0.6023361086845398,0.7883269190788269
run_1789376009_gpu1_env0,30,1,,previous,0.8414998000080232,754,0.9872559408346812,0.9863989551862081,0.9881129264831543,0.9887264966964722,0.9870221018791199,0.9834482669830322,0.9922523498535156,0.9857382774353027,0.9863481521606445,0.663128137588501,0.7908052206039429,0.6450673341751099,0.9491510391235352
run_1789376009_gpu1_env0,31,1,,previous,1.0228672999946866,746,0.9828715225060781,0.9788288076718649,0.9869142373402914,0.9823755025863647,0.9802817106246948,0.9738292098045349,0.990334153175354,0.9840604066848755,0.9863481521606445,0.7060777544975281,0.7833468317985535,0.6781514883041382,0.9683364033699036
run_1789376009_gpu1_env0,32,1,,previous,0.9706300999969244,750,0.9850387871265411,0.9836454590161642,0.9864321152369181,0.9852320551872253,0.9809187054634094,0.9847856163978577,0.9910233616828918,0.9819403886795044,0.9863325953483582,0.7229211926460266,0.858661949634552,0.6517843008041382,1.0835394859313965
run_1789376009_gpu1_env0,33,1,,previous,0.9402499999850988,749,0.9865953425566355,0.9832769632339478,0.9899137218793234,0.9864253401756287,0.9842969179153442,0.9791086316108704,0.9919800758361816,0.9874476790428162,0.9903134107589722,0.6700515151023865,0.8494975566864014,0.6011378765106201,0.9155709743499756
run_1789376009_gpu1_env0,34,1,,previous,0.8615798000246286,747,0.9873115122318268,0.9853153427441915,0.989307681719462,0.9924539923667908,0.9857142567634583,0.9777777791023254,0.990884006023407,0.9878406524658203,0.9891983866691589,0.7495424747467041,0.8247196078300476,0.6598301529884338,0.9253500699996948
run_1789376009_gpu1_env0,35,1,,previous,0.729045899992343,752,0.9826448857784271,0.9800303181012472,0.9852594534556071,0.9858765006065369,0.9759079217910767,0.9783065319061279,0.9911675453186035,0.9811162352561951,0.9834945797920227,0.769308865070343,1.3199725151062012,0.6469435691833496,0.8251940011978149
run_1789376009_gpu1_env0,36,1,,previous,0.7007394999964163,755,0.9847739934921265,0.982418974240621,0.987129012743632,0.9889203906059265,0.9826589822769165,0.9756775498390198,0.9914340972900391,0.9836203455924988,0.9863325953483582,0.7267221808433533,0.8247196078300476,0.6839336156845093,1.0520187616348267
run_1789376009_gpu1_env0,37,1,,previous,0.704155899991747,754,0.9812402923901876,0.9764241576194763,0.9860564271608988,0.9866476058959961,0.9809523820877075,0.9616724848747253,0.9907522201538086,0.9810844659805298,0.9863325953483582,0.6854230165481567,0.8873521685600281,0.631750226020813,1.0441772937774658
run_1789376009_gpu1_env0,38,1,,previous,0.6677063000097405,753,0.9850046734015147,0.9811267852783203,0.9888825615247091,0.9861915111541748,0.9794420003890991,0.977746844291687,0.9922502040863037,0.985774040222168,0.9886234402656555,0.6338601112365723,0.3774237036705017,0.6776113510131836,1.1473948955535889
run_1789376009_gpu1_env0,39,1,,previous,0.6791388000128791,764,0.98472461104393,0.9830840229988098,0.9863651990890503,0.9881175756454468,0.9855929017066956,0.9755415916442871,0.9900662302970886,0.9815436005592346,0.9874857664108276,0.701349675655365,0.567862331867218,0.6419969797134399,0.8504183888435364
run_1789376009_gpu1_env0,40,1,,previous,0.704766800015932,753,0.9839793940385183,0.9799835681915283,0.9879752198855082,0.9848661422729492,0.9769001603126526,0.9781844019889832,0.9910159111022949,0.9865771532058716,0.9863325953483582,0.6645873188972473,0.6458899974822998,0.6422129273414612,1.1021615266799927
run_1789376009_gpu1_env0,41,1,,previous,0.6958516999729909,766,0.9823320110638937,0.980453888575236,0.9842101335525513,0.9862712621688843,0.9739583134651184,0.9811320900917053,0.9885596036911011,0.9811162352561951,0.9829545617103577,0.6814249157905579,0.6807004809379578,0.6632876992225647,1.0467976331710815
run_1789376009_gpu1_env0,42,1,,previous,0.7352289000118617,760,0.9861717025438944,0.987882932027181,0.9844604730606079,0.9900446534156799,0.9875706434249878,0.9860334992408752,0.9897902607917786,0.9806560277938843,0.9829351305961609,0.7168511152267456,0.43700727820396423,0.6716434359550476,1.2214125394821167
run_1789376009_gpu1_env0,43,1,,previous,0.7388712000101805,753,0.9856082797050476,0.9817988077799479,0.9894177516301473,0.9898567199707031,0.9832189083099365,0.9723207950592041,0.9932142496109009,0.9869911670684814,0.9880478382110596,0.692996084690094,0.8127697706222534,0.6225994229316711,0.8504183888435364
run_1789376009_gpu1_env0,44,1,,previous,0.7169251999875996,761,0.9855766296386719,0.98224010070165,0.9889131585756937,0.9886346459388733,0.9757785201072693,0.9823071360588074,0.9921150803565979,0.984886646270752,0.9897377490997314,0.6660434007644653,0.6783969402313232,0.6533756256103516,1.1071215867996216
run_1789376009_gpu1_env0,45,1,,previous,0.7047664000128862,756,0.9804193576176962,0.978843092918396,0.9819956223169962,0.9926839470863342,0.9807247519493103,0.9631205797195435,0.988689661026001,0.9761006236076355,0.9811965823173523,0.707948625087738,0.5895031094551086,0.5942186713218689,0.5712977051734924
run_1789376009_gpu1_env0,46,1,,previous,0.6961483999912161,758,0.9842562178770701,0.9817351897557577,0.9867772459983826,0.9937601685523987,0.9750000238418579,0.9764453768730164,0.9895172119140625,0.9827803373336792,0.988034188747406,0.6553193926811218,0.5344913601875305,0.6357508301734924,1.0820938348770142
run_1789376009_gpu1_env0,47,1,,previous,0.688714699994307,765,0.9832383493582407,0.9791888991991679,0.9872877995173136,0.9929150938987732,0.9803149700164795,0.964336633682251,0.990607738494873,0.9832214713096619,0.988034188747406,0.7506968975067139,0.8364987373352051,0.650320291519165,0.9475002884864807
run_1789376009_gpu1_env0,48,1,,previous,0.6991636000166181,761,0.9857466220855713,0.9849696556727091,0.9865235884984335,0.9920294284820557,0.9785714149475098,0.984308123588562,0.9923959374427795,0.9836614727973938,0.983513355255127,0.6637879014015198,0.3214254379272461,0.6208314299583435,0.5881738662719727
run_1789376009_gpu1_env0,49,1,,previous,0.7032858000020497,754,0.9845748345057169,0.982985238234202,0.9861644307772318,0.9897602796554565,0.9799839854240417,0.9792114496231079,0.9903368353843689,0.9823529124259949,0.9858035445213318,0.7082025408744812,0.6452838182449341,0.6076350212097168,0.8439511656761169
run_1789376009_gpu1_env0,50,1,,previous,0.706631400011247,749,0.9857630431652069,0.982084055741628,0.9894420305887858,0.9923409819602966,0.9841269850730896,0.9697842001914978,0.9930805563926697,0.9866220951080322,0.9886234402656555,0.6836391091346741,0.5510743856430054,0.6293565034866333,0.7143635749816895
run_1789376009_gpu1_env0,51,1,,previous,0.7511087999737356,758,0.9837565620740255,0.9798493186632792,0.9876638054847717,0.9883022308349609,0.9735318422317505,0.9777138829231262,0.992112934589386,0.9844993948936462,0.986379086971283,0.650127649307251,0.7338206171989441,0.577423095703125,0.8280346989631653
run_1789376009_gpu1_env0,52,1,,previous,0.7247513999755029,761,0.9857696294784546,0.9851821462313334,0.9863571127255758,0.9927419424057007,0.9808811545372009,0.9819233417510986,0.9896594285964966,0.9819403886795044,0.9874715209007263,0.6543349027633667,0.7569224238395691,0.6675207018852234,1.0332508087158203
run_1789376009_gpu1_env0,53,1,,previous,0.7101904999872204,762,0.9841224551200867,0.9830288489659628,0.9852160612742106,0.9953497648239136,0.982722282409668,0.9710144996643066,0.9899324178695679,0.9811003804206848,0.9846153855323792,0.6953952312469482,0.6464956402778625,0.5841370224952698,0.7823470234870911
run_1789376009_gpu1_env0,54,1,,previous,0.7022388000041246,750,0.9846338927745819,0.9812643925348917,0.9880033930142721,0.9912077784538269,0.974293053150177,0.9782923460006714,0.9911626577377319,0.9853617548942566,0.9874857664108276,0.6416348218917847,0.3966355323791504,0.6426535844802856,0.820914626121521
run_1789376009_gpu1_env0,55,1,,previous,0.7168467000010423,752,0.9844038883845011,0.9821449915568033,0.9866627852121989,0.9915847182273865,0.9788153767585754,0.9760348796844482,0.9891049265861511,0.9861982464790344,0.9846851825714111,0.6655347347259521,0.3250574469566345,0.6003760695457458,0.4458724558353424
run_1789376009_gpu1_env0,56,1,,previous,0.6948000999982469,754,0.9861969351768494,0.9844008088111877,0.987993061542511,0.9951435923576355,0.9808027744293213,0.9772560596466064,0.9900442361831665,0.9887076616287231,0.9852272868156433,0.690483033657074,1.0091063976287842,0.6420053243637085,0.7219924926757812
run_1789376009_gpu1_env0,57,1,,previous,0.7300583000178449,754,0.9884099264939626,0.9861276745796204,0.9906921784083048,0.9951722621917725,0.9801849126815796,0.983025848865509,0.9932123422622681,0.9891030788421631,0.9897611141204834,0.6504065990447998,0.9446045160293579,0.6315774917602539,0.6385777592658997
run_1789376009_gpu1_env0,58,1,,previous,0.7434645000030287,755,0.9867825309435526,0.9846717913945516,0.9888932704925537,0.9959170818328857,0.9839285612106323,0.9741697311401367,0.9918451905250549,0.9861982464790344,0.9886363744735718,0.6646811366081238,0.7401925921440125,0.6101118922233582,0.7214502096176147
run_1789376009_gpu1_env0,59,1,,previous,0.7385265000048093,763,0.9882415036360422,0.9872028032938639,0.9892802039782206,0.9950828552246094,0.9841986298561096,0.9823269248008728,0.9928037524223328,0.9886887073516846,0.9863481521606445,0.6473094820976257,0.8869110345840454,0.6525845527648926,0.8731248378753662
run_1789376009_gpu1_env0,60,1,,previous,0.722441499994602,761,0.9847939709822336,0.9840576847394308,0.9855302572250366,0.9891089797019958,0.9830197095870972,0.9800443649291992,0.9886990189552307,0.981528103351593,0.9863636493682861,0.6105265617370605,0.7154583930969238,0.6359232664108276,0.7538138628005981
run_1789376009_gpu1_env0,61,1,,previous,0.7125822999805678,760,0.9853896796703339,0.9853101770083109,0.9854691823323568,0.9930188059806824,0.9859943985939026,0.9769173264503479,0.9895201325416565,0.9811162352561951,0.9857711791992188,0.6207222938537598,0.7181881666183472,0.6421681642532349,0.8668270111083984
run_1789376009_gpu1_env0,62,1,,previous,0.7175962000037543,750,0.9839851458867391,0.9823522369066874,0.9856180548667908,0.9956445097923279,0.9806694984436035,0.9707427024841309,0.9886990189552307,0.982367753982544,0.9857873916625977,0.7018266320228577,1.3116440773010254,0.6526612043380737,0.9189842343330383
run_1789376009_gpu1_env0,63,1,,previous,0.7324506999866571,754,0.9835312267144521,0.9815489848454794,0.9855134685834249,0.9941188097000122,0.9760536551475525,0.9744744896888733,0.9893895387649536,0.9819403886795044,0.9852104783058167,0.6763907670974731,0.6829963326454163,0.6514344215393066,0.8256680965423584
run_1789376009_gpu1_env0,64,1,,previous,0.7039401000074577,748,0.9876406192779541,0.9876539508501688,0.9876272877057394,0.9968799948692322,0.9878699779510498,0.9782118797302246,0.9908865094184875,0.9828092455863953,0.9891861081123352,0.6467170119285583,0.6937977075576782,0.660407543182373,0.8388347029685974
run_1789376009_gpu1_env0,65,1,,previous,0.7099661999964155,753,0.9849202036857605,0.9842241605122884,0.9856162468592325,0.9947501420974731,0.9866666793823242,0.9712556600570679,0.9886927604675293,0.984046995639801,0.9841089844703674,0.5926690101623535,0.5821548700332642,0.6301232576370239,0.8943809270858765
run_1789376009_gpu1_env0,66,1,,previous,0.6981912000046577,756,0.9862994154294332,0.9821253816286722,0.9904734492301941,0.993318498134613,0.9786600470542908,0.974397599697113,0.9918451905250549,0.9903644919395447,0.9892106652259827,0.6376543045043945,1.2258901596069336,0.6443691849708557,0.7548515200614929
run_1789376009_gpu1_env0,67,1,,previous,0.6971168000018224,759,0.9845214982827505,0.9810674985249838,0.9879754980405172,0.9944828152656555,0.9709419012069702,0.9777777791023254,0.9939091801643372,0.9853495359420776,0.9846677780151367,0.7030884027481079,1.559217929840088,0.5908941626548767,0.6999750733375549
run_1789376009_gpu1_env0,68,1,,previous,0.7104798999789637,763,0.9842933913071951,0.9840687115987142,0.9845180710156759,0.9933136701583862,0.9756097793579102,0.9832826852798462,0.9903421401977539,0.9802769422531128,0.9829351305961609,0.5998272895812988,1.2162748575210571,0.6080914735794067,0.8194831609725952
run_1789376009_gpu1_env0,69,1,,previous,0.6993712999974377,763,0.9821497897307078,0.9786593715349833,0.9856402079264323,0.9876407384872437,0.979803204536438,0.9685341715812683,0.9896537661552429,0.981528103351593,0.9857387542724609,0.6346584558486938,0.9691442847251892,0.6566029191017151,1.0549907684326172
run_1789376009_gpu1_env0,70,1,,previous,0.7098035999806598,758,0.9887799521287283,0.987777570883433,0.9897823333740234,0.994473934173584,0.9810725450515747,0.9877862334251404,0.991299569606781,0.9882746934890747,0.9897727370262146,0.5832372307777405,0.77833491563797,0.6331905722618103,0.7055438160896301
run_1789376009_gpu1_env0,71,1,,previous,0.7118628000025637,756,0.9846199949582418,0.9811634620030721,0.9880765279134115,0.9940157532691956,0.9733759164810181,0.9760987162590027,0.990884006023407,0.9870129823684692,0.9863325953483582,0.6312843561172485,0.34717920422554016,0.6431137919425964,1.0598022937774658
run_1789376009_gpu1_env0,72,1,,previous,0.7024287000240292,756,0.987223486105601,0.9851779341697693,0.9892690380414327,0.9933071136474609,0.9745533466339111,0.9876733422279358,0.9918474555015564,0.9878711700439453,0.9880884885787964,0.6367679834365845,0.6013339161872864,0.603278636932373,0.43611082434654236
run_1789376009_gpu1_env0,73,1,,previous,0.7022410999925341,745,0.9842704733212789,0.9838742017745972,0.9846667448679606,0.9935051798820496,0.9788388609886169,0.979278564453125,0.9899296164512634,0.9794377088546753,0.9846329092979431,0.5970929861068726,1.5846147537231445,0.6238085627555847,0.7843454480171204
run_1789376009_gpu1_env0,74,1,,previous,0.7281885000120383,756,0.9845549166202545,0.9808551867802938,0.9882546464602152,0.9917693734169006,0.974697470664978,0.9760987162590027,0.9910208582878113,0.9873949289321899,0.9863481521606445,0.6138957738876343,1.405556321144104,0.710058331489563,1.1836597919464111
run_1789376009_gpu1_env0,75,1,,previous,0.7171953000070062,757,0.9850287636121114,0.9817237854003906,0.9883337418238322,0.9930443167686462,0.9754189848899841,0.9767080545425415,0.9928037524223328,0.9852879643440247,0.9869095087051392,0.5957371592521667,0.9803861379623413,0.6585634350776672,1.1267436742782593
run_1789376009_gpu1_env0,76,1,,previous,0.7135739999939688,759,0.987198938926061,0.9847641388575236,0.9896337389945984,0.9948366284370422,0.9789413809776306,0.980514407157898,0.9907471537590027,0.9878406524658203,0.9903134107589722,0.5886759161949158,0.6446771025657654,0.6588516235351562,1.0267916917800903
run_1789376009_gpu1_env0,77,1,,previous,0.700053200009279,758,0.985568900903066,0.984821637471517,0.9863161643346151,0.9921767115592957,0.9809798002243042,0.9813084006309509,0.9910258054733276,0.981574535369873,0.9863481521606445,0.5790448188781738,0.5097569823265076,0.6452254056930542,0.986752450466156
run_1789376009_gpu1_env0,78,1,,previous,0.7061291999998502,759,0.9840547641118368,0.981938898563385,0.9861706296602885,0.991757869720459,0.9719298481941223,0.9821289777755737,0.9917058348655701,0.9827513694763184,0.984054684638977,0.6167489886283875,0.7449358105659485,0.6549292802810669,1.0726492404937744
run_1789376009_gpu1_env0,79,1,,previous,0.7313482000026852,758,0.9874644378821055,0.986381471157074,0.9885474046071371,0.9941965937614441,0.9857650995254517,0.9791827201843262,0.9921194314956665,0.9848993420600891,0.9886234402656555,0.6271448731422424,0.48858925700187683,0.6229529976844788,0.7788375020027161
run_1789376009_gpu1_env0,80,1,,previous,0.7209161999926437,751,0.9827514787515005,0.9793179432551066,0.9861850142478943,0.9951691031455994,0.9738406538963318,0.9689440727233887,0.9881542921066284,0.9823529124259949,0.9880478382110596,0.538036048412323,0.6180230379104614,0.6637815833091736,0.9695481657981873
run_1789376009_gpu1_env0,81,1,,previous,0.6985221999930218,760,0.9847829043865204,0.983070174853007,0.9864956339200338,0.9949069023132324,0.9777777791023254,0.9765258431434631,0.9900607466697693,0.9819403886795044,0.9874857664108276,0.5500008463859558,0.2594431936740875,0.6207523345947266,0.8864696621894836
run_1789376009_gpu1_env0,82,1,,previous,0.7189983999996912,762,0.9838529030481974,0.980537990729014,0.9871678153673807,0.9947670698165894,0.9798657894134521,0.9669811129570007,0.9908890128135681,0.9836751818656921,0.9869392514228821,0.5413021445274353,0.5059038400650024,0.6150669455528259,0.8093922138214111
run_1789376009_gpu1_env0,83,1,,previous,0.743375800026115,757,0.9865618248780569,0.9829027652740479,0.9902208844820658,0.9940144419670105,0.975970447063446,0.978723406791687,0.9923917651176453,0.989084780216217,0.9891861081123352,0.5697057247161865,0.4224361479282379,0.6157606840133667,0.9408683776855469
run_1789376009_gpu1_env0,84,1,,previous,0.702690399979474,754,0.9854824940363566,0.9837093551953634,0.9872556328773499,0.9935213923454285,0.9757311940193176,0.981875479221344,0.9895201325416565,0.9853372573852539,0.9869095087051392,0.5527826547622681,0.4297834634780884,0.6433607935905457,0.7187328934669495
run_1789376009_gpu1_env0,85,1,,previous,0.7089912999945227,745,0.9860972464084625,0.9839021960894266,0.9882922967274984,0.993491530418396,0.9763681888580322,0.9818468689918518,0.9907547831535339,0.9866220951080322,0.987500011920929,0.6229720711708069,0.5173771381378174,0.5956203937530518,0.5961047410964966
run_1789376009_gpu1_env0,86,1,,previous,0.7105702999979258,754,0.9840425451596578,0.9771763285001119,0.9909087618192037,0.994296669960022,0.9672955870628357,0.969936728477478,0.9932123422622681,0.9903401732444763,0.9891737699508667,0.5929034352302551,0.46224814653396606,0.6068824529647827,1.038540005683899
run_1789376009_gpu1_env0,87,1,,previous,0.7035287000180688,756,0.9865750670433044,0.9829274217287699,0.990222712357839,0.9942018985748291,0.9790475964546204,0.9755327701568604,0.9941796064376831,0.9861751198768616,0.9903134107589722,0.5865494608879089,0.4861803948879242,0.6880654692649841,0.9433607459068298
run_1789376009_gpu1_env0,88,1,,previous,0.738759099971503,751,0.9859502216180166,0.984407881895701,0.987492561340332,0.9948049187660217,0.9790209531784058,0.9793977737426758,0.9907547831535339,0.9836614727973938,0.9880614280700684,0.5684517621994019,0.666172444820404,0.64267897605896,0.7917943596839905
run_1789376009_gpu1_env0,89,1,,previous,0.750179599999683,754,0.9803635279337565,0.9746626218159994,0.9860644340515137,0.9945144057273865,0.9649904370307922,0.9644830226898193,0.9902001619338989,0.9827658534049988,0.9852272868156433,0.5112675428390503,1.0719190835952759,0.6328842043876648,0.8802672624588013
run_1789376009_gpu1_env0,90,1,,previous,0.7116189999796916,767,0.9813876748085022,0.9768697619438171,0.9859055876731873,0.9934610724449158,0.9615384340286255,0.9756097793579102,0.9902109503746033,0.9828380346298218,0.9846677780151367,0.5662850737571716,1.1322875022888184,0.6233388781547546,0.6620473861694336
run_1789376009_gpu1_env0,91,1,,previous,0.6898433000023942,756,0.9833995203177134,0.9786303043365479,0.988168736298879,0.9935239553451538,0.9723827838897705,0.9699841737747192,0.990607738494873,0.9852879643440247,0.9886105060577393,0.5748624801635742,1.0279344320297241,0.6724427938461304,1.1941936016082764
run_1789376009_gpu1_env0,92,1,,previous,0.7141177000012249,759,0.9830951889355978,0.9765779972076416,0.9896123806635538,0.9934213161468506,0.9632968306541443,0.9730158448219299,0.9930766820907593,0.9882746934890747,0.9874857664108276,0.6642290949821472,1.5801626443862915,0.6185497641563416,0.8299230337142944
run_1789376009_gpu1_env0,93,1,,previous,0.7075305000180379,754,0.9833141565322876,0.980737586816152,0.9858907262484232,0.994771420955658,0.9727979302406311,0.9746434092521667,0.9897959232330322,0.981528103351593,0.9863481521606445,0.5736221671104431,1.1987730264663696,0.6242265105247498,0.8811559677124023
run_1789376009_gpu1_env0,94,1,,previous,0.7259596999792848,748,0.9849827388922373,0.9831765294075012,0.9867889483769735,0.9932299852371216,0.9737876653671265,0.9825119376182556,0.990618109703064,0.9845382571220398,0.9852104783058167,0.5712219476699829,0.7401925921440125,0.5830650329589844,0.5539076924324036
run_1789376009_gpu1_env0,95,1,,previous,0.6932414000038989,755,0.9838226040204366,0.9828864336013794,0.9847587744394938,0.9939286708831787,0.9809836149215698,0.9737470149993896,0.9902055263519287,0.9811162352561951,0.9829545617103577,0.5662522912025452,0.6293179392814636,0.6359569430351257,0.8568369150161743
run_1789376009_gpu1_env0,96,1,,previous,0.7077078000002075,759,0.9840104083220164,0.9798675576845804,0.9881532589594523,0.9944690465927124,0.9705304503440857,0.9746031761169434,0.9908865094184875,0.9849498271942139,0.9886234402656555,0.5401067733764648,1.1190760135650635,0.6715089082717896,0.9827784299850464
run_1789376009_gpu1_env0,97,1,,previous,0.7002404000086244,768,0.9857571721076965,0.981534997622172,0.9899793465932211,0.992901623249054,0.9755129218101501,0.976190447807312,0.9911577701568604,0.9878711700439453,0.9909090995788574,0.5417010188102722,0.7893192172050476,0.6458145976066589,0.771770715713501
run_1789376009_gpu1_env0,98,1,,previous,0.7024856000207365,760,0.9858280420303345,0.9832403461138407,0.9884157379468282,0.9940850138664246,0.9788918495178223,0.9767441749572754,0.9910258054733276,0.9844602942466736,0.9897611141204834,0.5471268892288208,0.7160051465034485,0.6396511197090149,0.77833491563797
run_1789376009_gpu1_env0,99,1,,previous,0.6912657000066247,755,0.9869368175665537,0.9843166470527649,0.9895569880803426,0.9929569959640503,0.9806278944015503,0.9793650507926941,0.9903421401977539,0.989130437374115,0.9891983866691589,0.5398090481758118,0.5664823651313782,0.6144028306007385,0.573349118232727
run_1789376009_gpu1_env0,100,1,,previous,0.7300452999770641,746,0.9816298186779022,0.9771051009496053,0.9861545364061991,0.9946628212928772,0.9708608984947205,0.9657915830612183,0.9903395175933838,0.9823529124259949,0.9857711791992188,0.48921605944633484,0.9112865328788757,0.6405617594718933,0.8740208745002747
run_1789376009_gpu1_env0,101,1,,previous,0.7390068000240717,751,0.9838279485702515,0.9802399476369222,0.9874159495035807,0.993497371673584,0.9687707424163818,0.9784517288208008,0.9910159111022949,0.9848993420600891,0.9863325953483582,0.5690557360649109,1.3173012733459473,0.6646207571029663,1.1470537185668945
run_1789376009_gpu1_env0,102,1,,previous,0.7536392000038177,750,0.9811022579669952,0.9762646953264872,0.9859398206075033,0.9936561584472656,0.9694555401802063,0.9656823873519897,0.9899268746376038,0.9832074046134949,0.9846851825714111,0.5423619747161865,1.3717352151870728,0.6743858456611633,0.8137322068214417
run_1789376009_gpu1_env0,103,1,,previous,0.7601509999949485,754,0.9832894106705984,0.9799863497416178,0.9865924715995789,0.9930635094642639,0.9731903672218323,0.9737051725387573,0.9899296164512634,0.9840604066848755,0.9857873916625977,0.5505897998809814,1.1021615266799927,0.642458975315094,0.7620752453804016
run_1789376009_gpu1_env0,104,1,,previous,0.7149154999933671,752,0.9829901357491811,0.9801749785741171,0.9858052929242452,0.9942828416824341,0.9732262492179871,0.9730158448219299,0.9903475046157837,0.9807047247886658,0.9863636493682861,0.5377822518348694,1.024502158164978,0.6590588092803955,0.8089085221290588
run_1789376009_gpu1_env0,105,1,,previous,0.7365962999756448,749,0.9847534497578939,0.9800964196523031,0.9894104798634847,0.9945729970932007,0.9804713726043701,0.9652448892593384,0.9914364814758301,0.9870455265045166,0.9897494316101074,0.5395861864089966,0.63796466588974,0.6755381226539612,0.817570686340332
run_1789376009_gpu1_env0,106,1,,previous,0.7359195000026375,748,0.9834745625654856,0.9803969065348307,0.9865522185961405,0.9944349527359009,0.9785522818565369,0.9682034850120544,0.9907573461532593,0.9836888313293457,0.9852104783058167,0.5172238349914551,0.6230683326721191,0.6308108568191528,0.771770715713501
run_1789376009_gpu1_env0,107,1,,previous,0.6884931999957189,755,0.9831916888554891,0.9821860591570536,0.9841973185539246,0.9941182732582092,0.9786096215248108,0.9738302826881409,0.9899352192878723,0.9802603721618652,0.9823963642120361,0.5631788372993469,0.6355061531066895,0.6303354501724243,0.7972127199172974
run_1789376009_gpu1_env0,108,1,,previous,0.7297485999879427,750,0.983721653620402,0.9807955821355184,0.9866477251052856,0.9937308430671692,0.9772727489471436,0.9713831543922424,0.9906154870986938,0.9841004014015198,0.9852272868156433,0.5713110566139221,0.8891145586967468,0.6155573129653931,0.7808449268341064
run_1789376009_gpu1_env0,109,1,,previous,0.7016298999951687,745,0.9857745269934336,0.9836349288622538,0.9879141251246134,0.9942278861999512,0.9811828136444092,0.9754940867424011,0.9899324178695679,0.9857621192932129,0.9880478382110596,0.5464727878570557,0.6483091115951538,0.6296482086181641,0.9185582399368286
run_1789376009_gpu1_env0,110,1,,previous,0.7231208000157494,752,0.9857551356156667,0.9810351928075155,0.990475078423818,0.9933430552482605,0.9790115356445312,0.9707509875297546,0.9922523498535156,0.9882845282554626,0.9908883571624756,0.5466539263725281,0.4829499423503876,0.6073428988456726,0.8726765513420105
run_1789376009_gpu1_env0,111,1,,previous,0.7002646999899298,757,0.9853946467240652,0.9838811159133911,0.9869081775347391,0.9942967295646667,0.9818913340568542,0.9754552841186523,0.9926542043685913,0.9845382571220398,0.9835320711135864,0.5604120492935181,0.560928463935852,0.6364642977714539,0.921535849571228
run_1789376009_gpu1_env0,112,1,,previous,0.739114600000903,758,0.9831129312515259,0.9815006057421366,0.9847252567609152,0.9935888051986694,0.9785810112953186,0.9723320007324219,0.9882936477661133,0.9806885123252869,0.9851936101913452,0.6229708194732666,0.8681803941726685,0.6072064638137817,0.6714387536048889
run_1789376009_gpu1_env0,113,1,,previous,0.6943808999785688,747,0.9852993686993917,0.9834856390953064,0.9871130983034769,0.9944385290145874,0.9806020259857178,0.975416362285614,0.9904788136482239,0.9845123291015625,0.9863481521606445,0.5568277835845947,0.8430232405662537,0.6583438515663147,1.090739369392395
run_1789376009_gpu1_env0,114,1,,previous,0.7253680999856442,753,0.9837068021297455,0.981705109278361,0.98570849498113,0.9944050312042236,0.9792364239692688,0.9714738726615906,0.991030752658844,0.9819857478141785,0.9841089844703674,0.6043323278427124,0.8659235835075378,0.6426619291305542,0.6224399209022522
run_1789376009_gpu1_env0,115,1,,previous,0.6804373000049964,751,0.9839455087979635,0.9800473054250082,0.9878437121709188,0.9946177005767822,0.9771198034286499,0.9684044122695923,0.9914411902427673,0.9857262969017029,0.9863636493682861,0.5480351448059082,0.41871416568756104,0.6490190029144287,0.7732905149459839
run_1789376009_gpu1_env0,116,1,,previous,0.7253657000255771,749,0.9843863050142924,0.9821945230166117,0.986578087011973,0.9941903948783875,0.9792919158935547,0.9731012582778931,0.9911699891090393,0.9844733476638794,0.9840909242630005,0.5825807452201843,0.8842595219612122,0.5837268829345703,0.6999750733375549
run_1789376009_gpu1_env0,117,1,,previous,0.6948720999935176,748,0.9836502770582835,0.983667234579722,0.9836333195368449,0.9935906529426575,0.9811828136444092,0.9762282371520996,0.9902271032333374,0.9816360473632812,0.979036808013916,0.5931521654129028,0.6410244703292847,0.6443955898284912,0.5980709791183472
run_1789376009_gpu1_env0,118,1,,previous,0.7242864999861922,754,0.9840468863646189,0.9831993182500204,0.9848944544792175,0.9938746690750122,0.9817690849304199,0.9739542007446289,0.9924231767654419,0.9862328171730042,0.9760273694992065,0.6142888069152832,0.5256317257881165,0.6131839156150818,0.5595313310623169
run_1789376009_gpu1_env0,119,1,,previous,0.6965864000085276,756,0.9834860563278198,0.9807340900103251,0.9862380226453146,0.994440495967865,0.9784946441650391,0.9692671298980713,0.9917672872543335,0.9857501983642578,0.9811965823173523,0.6232287883758545,0.5532007217407227,0.6104663014411926,0.7401925921440125
run_1789376009_gpu1_env0,120,1,,previous,0.7078806000063196,755,0.9838050405184428,0.9816155234972636,0.985994557539622,0.9941920638084412,0.979180634021759,0.9714738726615906,0.9906976819038391,0.9849498271942139,0.982336163520813,0.589756429195404,0.6909716129302979,0.6118683218955994,0.6760855317115784
run_1789376009_gpu1_env0,121,1,,previous,0.702073599997675,760,0.9846051633358002,0.9810409943262736,0.9881693323453268,0.9944751262664795,0.9778968691825867,0.9707509875297546,0.991525411605835,0.9832214713096619,0.9897611141204834,0.5395842790603638,0.9295697808265686,0.649124026298523,1.1415817737579346
run_1789376009_gpu1_env0,122,1,,previous,0.7265453999862075,752,0.9825157423814138,0.9779912233352661,0.9870402614275614,0.9937317371368408,0.9718875288963318,0.9683544039726257,0.9907407164573669,0.9845123291015625,0.9858677387237549,0.6211026906967163,1.1127632856369019,0.6799196004867554,0.9095669984817505
run_1789376009_gpu1_env0,123,1,,previous,0.7278459999943152,763,0.9849686125914255,0.9819716215133667,0.9879656036694845,0.994512140750885,0.9798387289047241,0.971563994884491,0.9891510605812073,0.9849498271942139,0.9897959232330322,0.5449904203414917,0.616120457649231,0.661038339138031,0.8775957226753235
run_1789376009_gpu1_env0,124,1,,previous,0.6961666999850422,760,0.984376053015391,0.9821464618047079,0.9866056442260742,0.9941574931144714,0.979180634021759,0.9731012582778931,0.9897408485412598,0.9848993420600891,0.9851767420768738,0.5600384473800659,0.7066522836685181,0.6792755722999573,1.1071215867996216
run_1789376009_gpu1_env0,125,1,,previous,0.7027074999932665,754,0.9850840369860331,0.9834747513135275,0.9866933226585388,0.9938746690750122,0.981055498123169,0.9754940867424011,0.9915311336517334,0.9845123291015625,0.9840365052223206,0.5891899466514587,0.46224814653396606,0.6585330963134766,0.9287273287773132
run_1789376009_gpu1_env0,126,1,,previous,0.6977353000256699,750,0.9856638212998708,0.9844416181246439,0.9868860244750977,0.9940857887268066,0.9837837815284729,0.9754552841186523,0.9922584295272827,0.9882746934890747,0.9801249504089355,0.5818778276443481,0.46813690662384033,0.6587631702423096,0.9065502285957336
run_1789376009_gpu1_env0,127,1,,previous,0.6877801999798976,748,0.9866767028967539,0.984302282333374,0.9890511234601339,0.9941574931144714,0.9824086427688599,0.9763407111167908,0.9898989796638489,0.9875518679618835,0.9897025227546692,0.5701202154159546,0.4813265800476074,0.6317695379257202,0.8439511656761169
run_1789376009_gpu1_env0,128,1,,previous,0.7282952000095975,756,0.9862629771232605,0.9841365218162537,0.9883894324302673,0.9942641258239746,0.9811066389083862,0.9770388007164001,0.9904887676239014,0.9887640476226807,0.98591548204422,0.6009343266487122,0.39266902208328247,0.639182984828949,0.6416347026824951
run_1789376009_gpu1_env0,129,1,,previous,0.6950267000065651,761,0.9852539002895355,0.984991212685903,0.9855165878931681,0.9945822358131409,0.9817690849304199,0.978622317314148,0.9916208386421204,0.985892117023468,0.979036808013916,0.5550537109375,0.43611082434654236,0.5810174942016602,0.5496522188186646
run_1789376009_gpu1_env0,130,1,,previous,0.727269900002284,755,0.9859287142753601,0.9840398033459982,0.987817625204722,0.994192898273468,0.9824324250221252,0.9754940867424011,0.9918149709701538,0.9857382774353027,0.9858996272087097,0.5425714254379272,0.5211454033851624,0.6173039674758911,0.68756502866745
run_1789376009_gpu1_env0,131,1,,previous,0.6862154999980703,748,0.9844746987024943,0.9797250628471375,0.9892243345578512,0.994724452495575,0.9790964126586914,0.965354323387146,0.9917547106742859,0.9900826215744019,0.9858356714248657,0.5357121825218201,0.44762441515922546,0.6251506805419922,0.7170975208282471
run_1789376009_gpu1_env0,132,1,,previous,0.726152599992929,748,0.9817461470762888,0.9791106581687927,0.984381635983785,0.9937684535980225,0.9743935465812683,0.9691699743270874,0.991963267326355,0.9809445142745972,0.9802371263504028,0.5549599528312683,0.5834977030754089,0.5816421508789062,0.6013339161872864
run_1789376009_gpu1_env0,133,1,,previous,0.7138494999962859,753,0.9835055271784464,0.9803023934364319,0.9867086609204611,0.9933435320854187,0.9744623899459839,0.9731012582778931,0.9925533533096313,0.9879116415977478,0.9796609878540039,0.5740739703178406,0.7818466424942017,0.5410109162330627,0.732218861579895
run_1789376009_gpu1_env0,134,1,,previous,0.7143062000104692,758,0.9837708175182343,0.9813150763511658,0.9862265586853027,0.9939445853233337,0.9784366488456726,0.971563994884491,0.9932398796081543,0.9864029884338379,0.979036808013916,0.5894094705581665,0.8132511377334595,0.638232409954071,1.1558908224105835
run_1789376009_gpu1_env0,135,1,,previous,0.7234156999911647,748,0.9840559760729471,0.9798791805903116,0.9882327715555826,0.9946889877319336,0.976494312286377,0.9684542417526245,0.9925742745399475,0.9913330674171448,0.9807909727096558,0.5225366950035095,0.5510743856430054,0.6522398591041565,0.9851648211479187
run_1789376009_gpu1_env0,136,1,,previous,0.7226659000152722,747,0.982203205426534,0.9826863408088684,0.9817200700441996,0.9935911297798157,0.979784369468689,0.9746835231781006,0.9936336874961853,0.9863579869270325,0.9651685357093811,0.5569891333580017,0.5934728980064392,0.5773617625236511,0.8722279667854309
run_1789376009_gpu1_env0,137,1,,previous,0.7061596999992616,748,0.9827600518862406,0.97976020971934,0.9857598940531412,0.9936968088150024,0.9764626622200012,0.9691211581230164,0.9928631782531738,0.9835391044616699,0.9808773994445801,0.5660985708236694,0.6966124176979065,0.5890984535217285,0.6841413974761963
run_1789376009_gpu1_env0,138,1,,previous,0.7441108000057284,752,0.9845613042513529,0.9811011354128519,0.9880214730898539,0.9938034415245056,0.9772117733955383,0.972288191318512,0.9928297996520996,0.9885433912277222,0.98269122838974,0.5609680414199829,0.7027649879455566,0.6140851378440857,0.6602716445922852
run_1789376009_gpu1_env0,139,1,,previous,0.7075043999939226,759,0.9839359720547994,0.9799016912778219,0.987970252831777,0.9938029646873474,0.9751511216163635,0.9707509875297546,0.9917491674423218,0.9856144785881042,0.9865471124649048,0.5424032211303711,0.6464956402778625,0.6269921660423279,0.7600182890892029
run_1789376009_gpu1_env0,140,1,,previous,0.762850700004492,759,0.9850999812285105,0.982853094736735,0.987346867720286,0.9941224455833435,0.9805238246917725,0.9739130139350891,0.9938206672668457,0.9873210787773132,0.9808988571166992,0.5760539770126343,0.7116191387176514,0.6495248675346375,0.4316007196903229
run_1789376009_gpu1_env0,141,1,,previous,0.7797480000008363,748,0.986000249783198,0.9831012090047201,0.988899290561676,0.9941224455833435,0.9804976582527161,0.9746835231781006,0.9916313290596008,0.9868312478065491,0.9882352948188782,0.5721851587295532,0.620550811290741,0.6465819478034973,0.6584911942481995
run_1789376009_gpu1_env0,142,1,,previous,0.7405312999908347,754,0.9832504590352377,0.9805807073911031,0.9859202106793722,0.994157075881958,0.979180634021759,0.9684044122695923,0.9890308976173401,0.985602617263794,0.9831271171569824,0.5831432342529297,0.6673463582992554,0.6383377909660339,0.9915004968643188
run_1789376009_gpu1_env0,143,1,,previous,0.719819699996151,757,0.9837643404801687,0.9802011251449585,0.9873275558153788,0.9940145611763,0.9765572547912598,0.9700315594673157,0.9915046095848083,0.9856380820274353,0.9848399758338928,0.5631725192070007,0.9270402193069458,0.5825874209403992,0.4306930601596832
run_1789376009_gpu1_env0,144,1,,previous,0.7075945000106003,755,0.9809790750344595,0.982310970624288,0.979647179444631,0.9938392639160156,0.979180634021759,0.9739130139350891,0.9919559359550476,0.9778324961662292,0.969153106212616,0.5731961727142334,0.8113240003585815,0.654943585395813,0.8289794325828552
run_1789376009_gpu1_env0,145,1,,previous,0.7249374000239186,757,0.9842069248358408,0.9825559457143148,0.9858579039573669,0.9939432740211487,0.9798115491867065,0.9739130139350891,0.99140465259552,0.9857549667358398,0.980414092540741,0.6068562269210815,0.6864256858825684,0.6100643873214722,0.5293412804603577
run_1789376009_gpu1_env0,146,1,,previous,0.7206983999931253,754,0.9836738506952921,0.9824387431144714,0.9849089582761129,0.9943337440490723,0.9798387289047241,0.9731437563896179,0.9934738278388977,0.9832993745803833,0.9779536724090576,0.5704253911972046,0.6434618234634399,0.5825304985046387,0.23406797647476196
run_1789376009_gpu1_env0,147,1,,previous,0.7064829999872018,758,0.9860021571318308,0.983598550160726,0.9884057641029358,0.9948641061782837,0.9812080264091492,0.9747235178947449,0.9945066571235657,0.9910496473312378,0.9796609878540039,0.5520892143249512,0.6434618234634399,0.60299152135849,0.609093427658081
run_1789376009_gpu1_env0,148,1,,previous,0.7071961000037845,755,0.986594537893931,0.9843561053276062,0.988832970460256,0.9949354529380798,0.9818670153617859,0.9762658476829529,0.9942606687545776,0.9890732765197754,0.9831649661064148,0.5467483997344971,0.4805127680301666,0.6316624879837036,0.35936465859413147
run_1789376009_gpu1_env0,149,1,,previous,0.7129081999883056,749,0.9832849701245626,0.9820528427759806,0.9845170974731445,0.9940149784088135,0.9798115491867065,0.9723320007324219,0.9910057187080383,0.9861676096916199,0.9763779640197754,0.5733853578567505,0.6501175165176392,0.6218112707138062,0.6230683326721191
run_1789376009_gpu1_env0,150,1,,previous,0.6920864999992773,763,0.9845141470432281,0.9788804054260254,0.9901478886604309,0.9932026267051697,0.9750841856002808,0.9683544039726257,0.9922230243682861,0.9877551198005676,0.990465521812439,0.5890824198722839,0.6608641743659973,0.5998288989067078,0.508988618850708
run_1789376009_gpu1_env0,151,1,,previous,0.7123129999963567,757,0.9844133059183756,0.9810152252515157,0.9878113865852356,0.9933091402053833,0.9757412672042847,0.9739952683448792,0.9946215152740479,0.9873623847961426,0.9814502596855164,0.603448748588562,0.7273927330970764,0.5915843844413757,0.3753441870212555
run_1789376009_gpu1_env0,152,1,,previous,0.7010240000090562,752,0.986376146475474,0.981948733329773,0.9908035596211752,0.9946177005767822,0.9805238246917725,0.9707046747207642,0.9916675090789795,0.9902991056442261,0.9904440641403198,0.5513073205947876,0.5510743856430054,0.6078008413314819,0.44499388337135315
run_1789376009_gpu1_env0,153,1,,previous,0.7069806999934372,754,0.9814017911752065,0.9826757510503134,0.9801278313000997,0.9946169257164001,0.9818913340568542,0.9715189933776855,0.9905295968055725,0.9756097793579102,0.9742441177368164,0.6005039811134338,0.5747126340866089,0.6208165287971497,0.4528396725654602
run_1789376009_gpu1_env0,154,1,,previous,0.7124841999902856,753,0.9853316247463226,0.9837793707847595,0.9868838787078857,0.9940158128738403,0.9818670153617859,0.9754552841186523,0.9934304356575012,0.9858127236366272,0.9814084768295288,0.5851116180419922,0.6391903758049011,0.573789119720459,0.21489134430885315
run_1789376009_gpu1_env0,155,1,,previous,0.709685800014995,753,0.9827220936616262,0.9803804556528727,0.9850637316703796,0.9939454197883606,0.9772117733955383,0.9699841737747192,0.9917215704917908,0.9842678308486938,0.9792017936706543,0.5979323387145996,0.5987250208854675,0.674992561340332,0.8388347029685974
run_1789376009_gpu1_env0,156,1,,previous,0.7308544999978039,755,0.9801419973373413,0.9804715315500895,0.9798124631245931,0.9942967295646667,0.9818181991577148,0.965299665927887,0.9906525015830994,0.9752936363220215,0.9734912514686584,0.576752781867981,0.68756502866745,0.6029683947563171,0.4467492997646332
run_1789376009_gpu1_env0,157,1,,previous,0.7236464000015985,758,0.9826215406258901,0.9806809027989706,0.9845621784528097,0.9945098161697388,0.9798927903175354,0.9676401019096375,0.9930530190467834,0.9849410057067871,0.9756925106048584,0.5539491176605225,0.730077862739563,0.6558306217193604,0.9915004968643188
run_1789376009_gpu1_env0,158,1,,previous,0.7038737999973819,749,0.9850881000359853,0.9814287821451823,0.9887474179267883,0.9938698410987854,0.9772727489471436,0.9731437563896179,0.993134617805481,0.9883017539978027,0.9848058819770813,0.5960298180580139,0.8798225522041321,0.6174075603485107,0.6167553663253784
run_1789376009_gpu1_env0,159,1,,previous,0.725327100022696,756,0.9844755828380585,0.9835207660992941,0.9854303995768229,0.993874192237854,0.9804976582527161,0.976190447807312,0.9932372570037842,0.9882922768592834,0.9747616648674011,0.5349810719490051,0.6691032648086548,0.5880035161972046,0.40830376744270325
run_1789376009_gpu1_env0,160,1,,previous,0.6946022000047378,754,0.9856167534987131,0.9835906028747559,0.9876429041226705,0.9934840798377991,0.9817936420440674,0.9754940867424011,0.9918428063392639,0.9874239563941956,0.983661949634552,0.5825140476226807,0.5781072974205017,0.558655321598053,0.5692390203475952
run_1789376009_gpu1_env0,161,1,,previous,0.7065167000109795,757,0.9845588803291321,0.9798902869224548,0.9892274737358093,0.9945818781852722,0.9805499911308289,0.9645389914512634,0.9934912919998169,0.989558219909668,0.9846329092979431,0.505024254322052,0.7127181887626648,0.540076494216919,0.36369451880455017
run_1789376009_gpu1_env0,162,1,,previous,0.7086974999983795,752,0.9841758211453756,0.982124408086141,0.9862272342046102,0.9940503835678101,0.9792641997337341,0.9730586409568787,0.9915966391563416,0.9850625991821289,0.9820224642753601,0.5563501715660095,0.8064858913421631,0.6014415621757507,0.2880355417728424
run_1789376009_gpu1_env0,163,1,,previous,0.7276958999864291,768,0.9844662646452585,0.9812482595443726,0.9876842697461446,0.9939799904823303,0.9804976582527161,0.9692671298980713,0.9930614233016968,0.9903303980827332,0.9796609878540039,0.5815744996070862,0.5417637228965759,0.6149033904075623,0.5051296949386597
run_1789376009_gpu1_env0,164,1,,previous,0.6959739000012632,753,0.9816442628701528,0.9818667570749918,0.9814217686653137,0.9942270517349243,0.9805760383605957,0.9707971811294556,0.9921272993087769,0.9866989254951477,0.9654390811920166,0.5324230194091797,0.6495152711868286,0.6453447937965393,0.7610474824905396
run_1789376009_gpu1_env0,165,1,,previous,0.7289083000214305,752,0.9823906719684601,0.9805355668067932,0.984245777130127,0.9935553073883057,0.9756757020950317,0.9723756909370422,0.9919655323028564,0.9846897721290588,0.9760820269584656,0.5668014287948608,0.5510743856430054,0.6676243543624878,0.7354187369346619
run_1789376009_gpu1_env0,166,1,,previous,0.7045964999997523,757,0.9859965741634369,0.9837264617284139,0.9882666865984598,0.994404673576355,0.9804713726043701,0.9763033390045166,0.9927797913551331,0.9891435503959656,0.982876718044281,0.532085120677948,0.5211454033851624,0.6233803033828735,0.4588492214679718
run_1789376009_gpu1_env0,167,1,,previous,0.7263258000020869,749,0.9826951026916504,0.9813546737035116,0.9840355316797892,0.9940862059593201,0.979180634021759,0.9707971811294556,0.9922140836715698,0.9842551350593567,0.9756373763084412,0.5754216909408569,0.5553190112113953,0.5921041965484619,0.2960752844810486
run_1789376009_gpu1_env0,168,1,,previous,0.6926746999961324,755,0.9841481546560923,0.9805238842964172,0.9877724250157675,0.9936246871948242,0.9772422909736633,0.9707046747207642,0.994129478931427,0.9895498156547546,0.9796379804611206,0.5492729544639587,0.8237700462341309,0.6130712032318115,0.20935674011707306
run_1789376009_gpu1_env0,169,1,,previous,0.7651788999792188,750,0.9853532016277313,0.9822371403376261,0.9884692629178365,0.9949719905853271,0.9786381721496582,0.9731012582778931,0.9916368126869202,0.9879032373428345,0.9858677387237549,0.5372352004051208,0.9082753658294678,0.620404064655304,0.5987250208854675
run_1789376009_gpu1_env0,170,1,,previous,0.7020512000017334,750,0.9825229644775391,0.9794314702351888,0.9856144587198893,0.9942625164985657,0.976494312286377,0.9675375819206238,0.9917903542518616,0.9833806157112122,0.9816724061965942,0.535343587398529,0.5774299502372742,0.58880215883255,0.4756011366844177
run_1789376009_gpu1_env0,171,1,,previous,0.7322863999870606,749,0.9837116301059723,0.9817691644032797,0.9856540958086649,0.9950053691864014,0.9779264330863953,0.9723756909370422,0.993647575378418,0.9866234064102173,0.9766913056373596,0.5341461896896362,0.8604831099510193,0.5506362915039062,0.26094722747802734
run_1789376009_gpu1_env0,172,1,,previous,0.7085938999953214,753,0.9842310150464376,0.981139620145162,0.9873224099477133,0.9938029646873474,0.9765572547912598,0.9730586409568787,0.9919028282165527,0.9842932224273682,0.9857711791992188,0.536452054977417,0.8704314231872559,0.5955566763877869,0.370094358921051
run_1789376009_gpu1_env0,173,1,,previous,0.7343109000066761,759,0.9818352659543356,0.9816596309343973,0.9820109009742737,0.993768036365509,0.9811320900917053,0.9700787663459778,0.9929648041725159,0.9867629408836365,0.9663049578666687,0.5435624122619629,0.6211811900138855,0.5827682614326477,0.8913126587867737
run_1789376009_gpu1_env0,174,1,,previous,0.7061320999928284,764,0.9813316563765208,0.9811060825983683,0.9815572301546732,0.9940149784088135,0.9785522818565369,0.9707509875297546,0.9924039244651794,0.982640266418457,0.9696274995803833,0.5958101749420166,0.6097356081008911,0.5969827771186829,0.3774237036705017
run_1789376009_gpu1_env0,175,1,,previous,0.724996300006751,754,0.9855370819568634,0.9845139185587565,0.9865602453549703,0.9940508008003235,0.9831876158714294,0.9763033390045166,0.9912247061729431,0.9894906878471375,0.9789653420448303,0.5687417387962341,0.5524929165840149,0.6570209264755249,0.9462602734565735
run_1789376009_gpu1_env0,176,1,,previous,0.7042485999991186,764,0.9849279125531515,0.9809416135152181,0.9889142115910848,0.9935203790664673,0.9824798107147217,0.9668246507644653,0.9923059344291687,0.9829545617103577,0.991482138633728,0.5859005451202393,0.48858925700187683,0.5930309891700745,0.7060983180999756
run_1789376009_gpu1_env0,177,1,,previous,0.7582459000113886,753,0.9833267132441202,0.9803375204404196,0.986315906047821,0.993732213973999,0.975806474685669,0.9714738726615906,0.9937154650688171,0.9874544739723206,0.9777777791023254,0.5535769462585449,0.6373509168624878,0.5890456438064575,0.9257727861404419
run_1789376009_gpu1_env0,178,1,,previous,0.7171711999981198,759,0.9843883216381073,0.9818732738494873,0.9869033694267273,0.9944054484367371,0.9811828136444092,0.9700315594673157,0.9938066601753235,0.9846278429031372,0.9822756052017212,0.5460606217384338,0.609093427658081,0.5688236951828003,0.6988559365272522
run_1789376009_gpu1_env0,179,1,,previous,0.7500602999934927,764,0.9828109443187714,0.9806647896766663,0.9849570989608765,0.9941549897193909,0.9771811962127686,0.9706581830978394,0.9942092299461365,0.9859493970870972,0.9747126698493958,0.598441481590271,0.6404136419296265,0.5555558204650879,0.5271186828613281
run_1789376009_gpu1_env0,180,1,,previous,0.7353907999931835,762,0.9844774603843689,0.9831823110580444,0.9857726097106934,0.9942258596420288,0.9798657894134521,0.9754552841186523,0.9922759532928467,0.9822437167167664,0.982798159122467,0.5886470675468445,0.609093427658081,0.6204379200935364,0.5424855947494507
run_1789376009_gpu1_env0,181,1,,previous,0.7570826000010129,756,0.9826607406139374,0.9797279636065165,0.9855935176213583,0.9944397211074829,0.9778671860694885,0.9668769836425781,0.9962597489356995,0.9862792491912842,0.9742415547370911,0.5455657839775085,0.6772422194480896,0.589649498462677,0.6696878671646118
run_1789376009_gpu1_env0,182,1,,previous,0.7436088000249583,756,0.9818777044614156,0.982261061668396,0.9814943472544352,0.9937308430671692,0.979180634021759,0.9738717079162598,0.9930612444877625,0.9822437167167664,0.9691780805587769,0.5862770676612854,0.7295416593551636,0.5968825221061707,1.0032720565795898
run_1789376009_gpu1_env0,183,1,,previous,0.7281143000000156,756,0.9865224460760752,0.9850786526997884,0.9879662394523621,0.9943333864212036,0.9838274717330933,0.9770750999450684,0.9927811026573181,0.9911290407180786,0.9799885749816895,0.5419023036956787,0.5158621072769165,0.6323543787002563,0.8467288613319397
run_1789376009_gpu1_env0,184,1,,previous,0.7742173000006005,762,0.9842877189318339,0.9817432959874471,0.9868321418762207,0.9943337440490723,0.9778375029563904,0.9730586409568787,0.994205892086029,0.9886914491653442,0.9775990843772888,0.5654065608978271,0.9295697808265686,0.5541598200798035,0.5719823241233826
run_1789376009_gpu1_env0,185,1,,previous,0.7139739000122063,756,0.9836232662200928,0.9820542534192404,0.9851922790209452,0.9947240948677063,0.9799196720123291,0.9715189933776855,0.9930194616317749,0.9899234175682068,0.972633957862854,0.5722707509994507,0.6655846834182739,0.5942878127098083,0.19382666051387787
run_1789376009_gpu1_env0,186,1,,previous,0.7306162000168115,764,0.9862355689207712,0.9836859504381815,0.988785187403361,0.9937675595283508,0.9825268983840942,0.9747633934020996,0.9929603338241577,0.9883205890655518,0.9850746393203735,0.5860496759414673,0.5947902798652649,0.5493236780166626,0.49257782101631165
run_1789376009_gpu1_env0,187,1,,previous,0.6993386999820359,761,0.984495629866918,0.9815784692764282,0.9874127904574076,0.9939799904823303,0.9792364239692688,0.9715189933776855,0.9914112091064453,0.9903225898742676,0.98050457239151,0.5893973112106323,0.6019843220710754,0.545741856098175,0.23069991171360016
run_1789376009_gpu1_env0,188,1,,previous,0.7129009999916889,756,0.9839344720045725,0.9800434708595276,0.9878254731496176,0.9945815205574036,0.9765258431434631,0.9690230488777161,0.9937722682952881,0.9902991056442261,0.9794050455093384,0.5694762468338013,0.3966355323791504,0.6297114491462708,0.1312212347984314
run_1789376009_gpu1_env0,189,1,,previous,0.7080206000246108,753,0.985939602057139,0.9841402967770895,0.9877389073371887,0.9947229623794556,0.9845117926597595,0.9731861352920532,0.9933333396911621,0.9870654940605164,0.9828178882598877,0.6098265051841736,0.3936643898487091,0.5766370296478271,0.4829499423503876
run_1789376009_gpu1_env0,190,1,,previous,0.7318321000202559,761,0.9864634573459625,0.9827087918917338,0.9902181228001913,0.9951480627059937,0.9799196720123291,0.9730586409568787,0.9922019839286804,0.9899071455001831,0.9885452389717102,0.5269165635108948,0.7646385431289673,0.545486569404602,0.1834539771080017
run_1789376009_gpu1_env0,191,1,,previous,0.6928352999966592,751,0.9859645366668701,0.9845132231712341,0.9874158501625061,0.993838369846344,0.9818181991577148,0.9778831005096436,0.9923686981201172,0.98591548204422,0.9839633703231812,0.5554814338684082,0.5539076924324036,0.6108851432800293,0.3238513171672821
run_1789376009_gpu1_env0,192,1,,previous,0.7174307999957819,761,0.9843288660049438,0.9835532307624817,0.985104501247406,0.9935906529426575,0.9830737709999084,0.9739952683448792,0.9944432377815247,0.9854838848114014,0.975386381149292,0.6393266320228577,0.5623220205307007,0.5709569454193115,0.3835945427417755
run_1789376009_gpu1_env0,193,1,,previous,0.7042814000160433,758,0.9847919344902039,0.9800178408622742,0.9895660281181335,0.994260847568512,0.9759036302566528,0.9698890447616577,0.9914137721061707,0.9898989796638489,0.9873853325843811,0.5235504508018494,0.7727842330932617,0.5734911561012268,0.40734419226646423
run_1789376009_gpu1_env0,194,1,,previous,0.7212125000078231,754,0.9855070014794668,0.9800664186477661,0.9909475843111674,0.9941924810409546,0.9751176834106445,0.9708890914916992,0.9917294383049011,0.9931201934814453,0.9879931211471558,0.5286386609077454,0.6743467450141907,0.5941711664199829,0.35387784242630005
run_1789376009_gpu1_env0,195,1,,previous,0.7043612000124995,754,0.9827805161476135,0.976813793182373,0.988747239112854,0.9928653240203857,0.9732620120048523,0.9643140435218811,0.9923856258392334,0.9898744225502014,0.9839816689491272,0.4773731827735901,0.6909716129302979,0.6017088294029236,0.7527747750282288
run_1789376009_gpu1_env0,196,1,,previous,0.7311934999888763,756,0.9842782219250997,0.9822035233179728,0.9863529205322266,0.9939799904823303,0.9778671860694885,0.9747633934020996,0.9920529723167419,0.9846897721290588,0.9823160171508789,0.5912595391273499,0.7903101444244385,0.5521771311759949,0.38664302229881287
run_1789376009_gpu1_env0,197,1,,previous,0.7053371000220068,751,0.9791815181573232,0.9798107544581095,0.9785522818565369,0.9940870404243469,0.9778076410293579,0.9675375819206238,0.9892598986625671,0.9829683899879456,0.9634285569190979,0.5344089865684509,0.597416341304779,0.6471213102340698,1.0475451946258545
run_1789376009_gpu1_env0,198,1,,previous,0.7146219999995083,754,0.9824891189734141,0.9838003516197205,0.9811778863271078,0.994795024394989,0.9818426370620728,0.9747633934020996,0.9905605316162109,0.986268162727356,0.9667049646377563,0.5827939510345459,0.474777489900589,0.6619105339050293,0.9240804314613342
run_1789376009_gpu1_env0,199,1,,previous,0.70491289999336,750,0.9832520882288615,0.9810174703598022,0.9854867060979208,0.9942266345024109,0.9804713726043701,0.9683544039726257,0.9931343793869019,0.9845778942108154,0.9787478446960449,0.5496205687522888,0.6039314270019531,0.6078944206237793,0.627449631690979
run_1789376009_gpu1_env0,200,1,,previous,0.725471900019329,758,0.9827080965042114,0.9817603627840678,0.9836558302243551,0.9944397211074829,0.9784656763076782,0.9723756909370422,0.9941210150718689,0.9844644069671631,0.9723820686340332,0.6017123460769653,0.5993782877922058,0.5965210199356079,0.7793399095535278
run_1789376009_gpu1_env0,201,1,,previous,0.6928208000026643,757,0.9855987230936686,0.9832366307576498,0.9879608154296875,0.9941574931144714,0.9824086427688599,0.9731437563896179,0.9911881685256958,0.9906237125396729,0.9820705652236938,0.5857553482055664,0.39167115092277527,0.5872781872749329,0.7838462591171265
run_1789376009_gpu1_env0,202,1,,previous,0.7868723999999929,759,0.9830915629863739,0.9796109994252523,0.9865721265474955,0.9936977028846741,0.9751511216163635,0.9699841737747192,0.9917877316474915,0.9857549667358398,0.9821736812591553,0.5950810313224792,0.7143635749816895,0.6207362413406372,0.5359537601470947
run_1789376009_gpu1_env0,203,1,,previous,0.695997200004058,759,0.9833463629086813,0.9826443592707316,0.9840483665466309,0.9943341612815857,0.9804976582527161,0.9731012582778931,0.9932001233100891,0.9860655665397644,0.9728794097900391,0.5589573383331299,0.5248866677284241,0.575862467288971,0.4739525318145752
run_1789376009_gpu1_env0,204,1,,previous,0.7473509999981616,757,0.9817828834056854,0.9776559472084045,0.9859098196029663,0.9935915470123291,0.9717361927032471,0.9676401019096375,0.9960876107215881,0.9892916083335876,0.9723502397537231,0.5714461803436279,0.7121688723564148,0.6012964844703674,0.80697101354599
run_1789376009_gpu1_env0,205,1,,previous,0.7311716999975033,756,0.9831745028495789,0.9803989926973978,0.9859500130017599,0.9942979216575623,0.9784946441650391,0.9684044122695923,0.9916728734970093,0.9851973652839661,0.9809798002243042,0.5707782506942749,0.7160051465034485,0.5759234428405762,0.7412492632865906
run_1789376009_gpu1_env0,206,1,,previous,0.717713799997,758,0.9831004440784454,0.9813890258471171,0.9848118623097738,0.9940508008003235,0.9785522818565369,0.971563994884491,0.9937072992324829,0.9879116415977478,0.9728166460990906,0.5722013711929321,0.8891145586967468,0.5849993228912354,1.1208231449127197
run_1789376009_gpu1_env0,207,1,,previous,0.740288100001635,751,0.9851964513460795,0.9824565052986145,0.9879363973935446,0.9940503835678101,0.9777477979660034,0.97557133436203,0.9933276176452637,0.9921063780784607,0.9783751964569092,0.5673704743385315,0.7343536615371704,0.5731088519096375,0.7143635749816895
run_1789376009_gpu1_env0,208,1,,previous,0.7439859000151046,753,0.9838088949521383,0.9827044606208801,0.9849133292833964,0.9943345785140991,0.9798657894134521,0.9739130139350891,0.9922176599502563,0.9887920022010803,0.9737303256988525,0.5550957322120667,0.7072058916091919,0.620499312877655,0.7348863482475281
run_1789376009_gpu1_env0,209,1,,previous,0.7455505999969319,760,0.9835920433203379,0.9838194052378336,0.9833646814028422,0.9943349957466125,0.9824798107147217,0.9746434092521667,0.9927704334259033,0.9874476790428162,0.9698759317398071,0.588498592376709,0.41306832432746887,0.5731146931648254,0.7454609870910645
run_1789376009_gpu1_env0,210,1,,previous,0.7089157000009436,752,0.9824673434098562,0.9823046922683716,0.9826299945513407,0.9941224455833435,0.9811828136444092,0.9716088175773621,0.9932190179824829,0.9895615577697754,0.9651094079017639,0.5897865891456604,0.6192882657051086,0.5188080668449402,0.5637122392654419
run_1789376009_gpu1_env0,211,1,,previous,0.7362384999869391,752,0.9816639324029287,0.9802456299463908,0.9830822348594666,0.9939790964126587,0.9752839207649231,0.9714738726615906,0.9936063885688782,0.9886981844902039,0.9669421315193176,0.5452669858932495,0.8877930641174316,0.5734404921531677,0.6943616271018982
run_1789376009_gpu1_env0,212,1,,previous,0.6966472000058275,755,0.9756048818429311,0.978653609752655,0.9725561539332072,0.9933775067329407,0.9719251394271851,0.9706581830978394,0.994232714176178,0.9755067825317383,0.9479289650917053,0.539372980594635,0.9803861379623413,0.4837043285369873,0.4379018545150757
run_1789376009_gpu1_env0,213,1,,previous,0.7290893000026699,750,0.9821527202924093,0.983790934085846,0.9805145064989725,0.9942270517349243,0.9832327365875244,0.9739130139350891,0.9962570071220398,0.9877894520759583,0.9574970602989197,0.5455163717269897,0.6000308394432068,0.5415181517601013,0.5004596710205078
run_1789376009_gpu1_env0,214,1,,previous,0.7093025000067428,759,0.9824306269486746,0.9824848175048828,0.9823764363924662,0.9945811033248901,0.9804976582527161,0.9723756909370422,0.9933585524559021,0.9923922419548035,0.9613785147666931,0.6192917823791504,0.49416425824165344,0.5848538875579834,1.136427640914917
run_1789376009_gpu1_env0,215,1,,previous,0.7392004000139423,757,0.9839798510074615,0.9830379486083984,0.9849217534065247,0.9932728409767151,0.9811574816703796,0.9746835231781006,0.9942595958709717,0.994535505771637,0.9659701585769653,0.6215468049049377,0.5934728980064392,0.5491851568222046,0.5004596710205078
run_1789376009_gpu1_env0,216,1,,previous,0.6919861999922432,760,0.9815564751625061,0.9806488553682963,0.9824640949567159,0.994544506072998,0.9766510725021362,0.9707509875297546,0.9955123662948608,0.9894469976425171,0.9624329209327698,0.5689835548400879,0.7138155698776245,0.5445557832717896,0.695487916469574
run_1789376009_gpu1_env0,217,1,,previous,0.7291697000036947,746,0.9826894303162893,0.9821882049242655,0.983190655708313,0.9940832853317261,0.9786096215248108,0.9738717079162598,0.9953465461730957,0.9894914031028748,0.9647340178489685,0.540658175945282,0.9416998624801636,0.471290647983551,0.42057928442955017
run_1789376009_gpu1_env0,218,1,,previous,0.6959519000083674,752,0.9831673900286356,0.9832972685496012,0.98303751150767,0.9940508008003235,0.9811574816703796,0.9746835231781006,0.9933304786682129,0.9920268654823303,0.963755190372467,0.5401753783226013,0.7306137084960938,0.5966265201568604,0.560928463935852
run_1789376009_gpu1_env0,219,1,,previous,0.7142153999884613,746,0.9818321764469147,0.9816503922144572,0.9820139606793722,0.994081974029541,0.9785810112953186,0.972288191318512,0.9933944940567017,0.9920268654823303,0.9606205224990845,0.5421233773231506,0.7743019461631775,0.5878812670707703,0.43700727820396423
run_1789376009_gpu1_env0,220,1,,previous,0.6964327000023331,751,0.9837416708469391,0.9830763141314188,0.9844070275624593,0.9939078688621521,0.9798657894134521,0.9754552841186523,0.994979202747345,0.9928480982780457,0.9653937816619873,0.5201375484466553,0.6937977075576782,0.5545476675033569,0.4714689254760742
run_1789376009_gpu1_env0,221,1,,previous,0.7446160999825224,747,0.9807811379432678,0.98128741979599,0.9802748560905457,0.9943317770957947,0.9772422909736633,0.972288191318512,0.99443119764328,0.9848101139068604,0.9615832567214966,0.5254305005073547,0.7942618131637573,0.6084274649620056,1.5509122610092163
run_1789376009_gpu1_env0,222,1,,previous,0.7128132999932859,745,0.9770861764748892,0.9783246914545695,0.9758476614952087,0.9942616820335388,0.9732262492179871,0.9674861431121826,0.9937622547149658,0.9780590534210205,0.9557216763496399,0.5397330522537231,0.8722279667854309,0.5800624489784241,1.307460069656372
run_1789376009_gpu1_env0,223,1,,previous,0.7358093000075314,757,0.9812798003355662,0.9824775457382202,0.9800820549329122,0.994793176651001,0.9779559373855591,0.9746835231781006,0.9953442811965942,0.9869473576545715,0.9579545259475708,0.5544406175613403,0.9993636012077332,0.6508563160896301,1.5652307271957397
run_1789376009_gpu1_env0,224,1,,previous,0.6833767000061926,749,0.9819001654783884,0.983137309551239,0.980663021405538,0.9941924810409546,0.9805760383605957,0.9746434092521667,0.9938200116157532,0.9848357439041138,0.9633333086967468,0.5559324622154236,0.8170918822288513,0.6450526118278503,1.3994170427322388
run_1789376009_gpu1_env0,225,1,,previous,0.7297281999781262,755,0.9810254573822021,0.9834319353103638,0.9786189794540405,0.9932364821434021,0.9824561476707458,0.9746031761169434,0.9934544563293457,0.9832074046134949,0.959195077419281,0.5804932713508606,0.49098628759384155,0.6069815754890442,0.8930672407150269
run_1789376009_gpu1_env0,226,1,,previous,0.6997304999968037,757,0.9818832576274872,0.9829747279485067,0.9807917873064677,0.9946523904800415,0.9819397926330566,0.9723320007324219,0.994612455368042,0.98740553855896,0.9603573679924011,0.5643011331558228,0.5821548700332642,0.5602210164070129,0.9989719390869141
run_1789376009_gpu1_env0,227,1,,previous,0.727289300004486,749,0.9804529845714569,0.9815083543459574,0.9793976147969564,0.9939082860946655,0.9798657894134521,0.9707509875297546,0.992547333240509,0.9827658534049988,0.9628796577453613,0.5553123354911804,0.5787838101387024,0.5567433834075928,0.9379522204399109
run_1789376009_gpu1_env0,228,1,,previous,0.7052879999973811,754,0.9823325276374817,0.9808451930681864,0.983819862206777,0.994192898273468,0.9798387289047241,0.9685039520263672,0.9952839016914368,0.9937106966972351,0.9624649882316589,0.5630379319190979,0.63796466588974,0.54654461145401,0.3966355323791504
run_1789376009_gpu1_env0,229,1,,previous,0.7512457999982871,752,0.9808504482110342,0.9775799512863159,0.9841209451357523,0.9940508008003235,0.9718120694160461,0.9668769836425781,0.9947342872619629,0.9920335412025452,0.965595006942749,0.5395020246505737,0.729004979133606,0.5488522052764893,0.34717920422554016
run_1789376009_gpu1_env0,230,1,,previous,0.7390863000182435,747,0.9811874528725942,0.9815722902615865,0.9808026154836019,0.994192898273468,0.9798657894134521,0.9706581830978394,0.9945529103279114,0.9874476790428162,0.9604072570800781,0.5670350193977356,0.5821548700332642,0.5277678966522217,0.4441135823726654
run_1789376009_gpu1_env0,231,1,,previous,0.7375987000123132,758,0.9828094045321146,0.9833694497744242,0.9822493592898051,0.994369626045227,0.9818670153617859,0.9738717079162598,0.9938778281211853,0.9916387796401978,0.9612314701080322,0.5626625418663025,0.40348300337791443,0.5504629611968994,0.4813265800476074
run_1789376009_gpu1_env0,232,1,,previous,0.7235949000169057,740,0.9829209645589193,0.9849511782328287,0.9808907508850098,0.9939804077148438,0.9837618470191956,0.977111279964447,0.9951602220535278,0.991187572479248,0.9563244581222534,0.5624396800994873,0.49732187390327454,0.5228530764579773,0.6243232488632202
run_1789376009_gpu1_env0,233,1,,previous,0.7360813999839593,756,0.9796357254187266,0.9793803493181864,0.9798911015192667,0.9935543537139893,0.9778671860694885,0.9667195081710815,0.9933272004127502,0.9840604066848755,0.9622856974601746,0.5825526714324951,0.7656615376472473,0.5645673871040344,0.8166127800941467
run_1789376009_gpu1_env0,234,1,,previous,0.7139918999746442,751,0.9831506411234537,0.9828696250915527,0.9834316571553549,0.9940866231918335,0.9798387289047241,0.9746835231781006,0.9948554635047913,0.9911949634552002,0.964244544506073,0.580473005771637,0.5801345705986023,0.5820233821868896,0.7359507083892822
run_1789376009_gpu1_env0,235,1,,previous,0.6637430999835487,745,0.9827364881833395,0.9842966198921204,0.9811763564745585,0.9952555894851685,0.9852150678634644,0.9724192023277283,0.9916223287582397,0.9849119782447815,0.9669947624206543,0.5310274958610535,0.5855063796043396,0.5502343773841858,0.8550080060958862
run_1789376009_gpu1_env0,236,1,,previous,0.6924415999965277,748,0.9846716423829397,0.9842866261800131,0.9850566585858663,0.9940158128738403,0.982503354549408,0.9763407111167908,0.9938169717788696,0.989924430847168,0.9714285731315613,0.6033582091331482,0.6342733502388,0.5354674458503723,1.1602840423583984
run_1789376009_gpu1_env0,237,1,,previous,0.7147423000133131,749,0.9826643466949463,0.9822253783543905,0.9831033150355021,0.9947595596313477,0.9812583923339844,0.9706581830978394,0.9934544563293457,0.989130437374115,0.9667250514030457,0.5383353233337402,0.6052260398864746,0.5599454045295715,0.5553190112113953
run_1789376009_gpu1_env0,238,1,,previous,0.7062026000057813,755,0.9831621944904327,0.9812731345494589,0.9850512544314066,0.9940508008003235,0.9805499911308289,0.9692186117172241,0.9939379096031189,0.9882746934890747,0.9729411602020264,0.6126345992088318,0.6078070402145386,0.574741780757904,0.8838168382644653
run_1789376009_gpu1_env0,239,1,,previous,0.7394926999986637,758,0.9839460949103037,0.9830169677734375,0.98487522204717,0.9939804077148438,0.9811574816703796,0.9739130139350891,0.9931456446647644,0.9899497628211975,0.9715302586555481,0.5787941217422485,0.5322902798652649,0.6110801696777344,0.7263158559799194
run_1789376009_gpu1_env0,240,1,,previous,0.6939723000105005,752,0.9824185073375702,0.9777509570121765,0.9870860576629639,0.9943687915802002,0.9766198992729187,0.9622641801834106,0.9948561191558838,0.9932998418807983,0.9731022119522095,0.5915890336036682,0.8704314231872559,0.5523918271064758,0.7236167788505554
run_1789376009_gpu1_env0,241,1,,previous,0.7396358999831136,751,0.9843792716662089,0.9832259019215902,0.9855326414108276,0.9938733577728271,0.9818913340568542,0.9739130139350891,0.9922423958778381,0.989535391330719,0.9748201370239258,0.5974418520927429,0.765150249004364,0.541756272315979,0.6434618234634399
run_1789376009_gpu1_env0,242,1,,previous,0.7112983999832068,747,0.9842142959435781,0.9833293358484904,0.9850992560386658,0.9940862059593201,0.9812583923339844,0.9746434092521667,0.9938222765922546,0.9903563857078552,0.9711191058158875,0.5802242755889893,0.7132670879364014,0.5325546264648438,0.6199198961257935
run_1789376009_gpu1_env0,243,1,,previous,0.6967925999779254,746,0.9845657547314962,0.9833921790122986,0.9857393304506937,0.9944400787353516,0.982550323009491,0.9731861352920532,0.9944304823875427,0.9920201301574707,0.9707673788070679,0.6059979796409607,0.5934728980064392,0.5546338558197021,0.8251940011978149
run_1789376009_gpu1_env0,244,1,,previous,0.6649451999983285,753,0.9858227769533793,0.9836265842119852,0.9880189696947733,0.994404673576355,0.9824798107147217,0.9739952683448792,0.9941226840019226,0.9920201301574707,0.9779140949249268,0.5942156910896301,0.5181329250335693,0.5565721988677979,0.8383680582046509
run_1789376009_gpu1_env0,245,1,,previous,0.693069100001594,756,0.9837362865606943,0.9814444581667582,0.9860281149546305,0.9942620992660522,0.9785522818565369,0.9715189933776855,0.9938762784004211,0.9899749159812927,0.9742331504821777,0.5608446002006531,0.6932334899902344,0.5594184994697571,0.6549155712127686
run_1789376009_gpu1_env0,246,1,,previous,0.683878799987724,747,0.9846405287583669,0.9832378427187601,0.9860432147979736,0.9941916465759277,0.9832776188850403,0.9722442626953125,0.9935791492462158,0.9916107654571533,0.9729397296905518,0.5477514266967773,0.8522571921348572,0.5338402390480042,0.6186559796333313
run_1789376009_gpu1_env0,247,1,,previous,0.699364300002344,757,0.9843153258164724,0.9818815191586813,0.9867491324742635,0.9941199421882629,0.9792364239692688,0.972288191318512,0.9924224019050598,0.9920335412025452,0.9757914543151855,0.5701946020126343,0.8735730648040771,0.5797978043556213,0.9151434302330017
run_1789376009_gpu1_env0,248,1,,previous,0.6901084000128321,757,0.9843686123689016,0.9833571910858154,0.9853800336519877,0.9942991733551025,0.9818181991577148,0.9739542007446289,0.9944913983345032,0.9920268654823303,0.9696218371391296,0.5665380954742432,0.41306832432746887,0.5265811085700989,0.6608641743659973
run_1789376009_gpu1_env0,249,1,,previous,0.6976830000057817,759,0.9843270182609558,0.9815728863080343,0.9870811502138773,0.9941211938858032,0.9798927903175354,0.9707046747207642,0.9946733713150024,0.9920201301574707,0.9745499491691589,0.5532659888267517,0.6835691332817078,0.5770580172538757,0.8261419534683228
run_1789376009_gpu1_env0,250,1,,previous,0.7030183000024408,758,0.9833496411641439,0.9818922281265259,0.9848070542017618,0.9939087629318237,0.9786666631698608,0.9731012582778931,0.9928921461105347,0.9857978224754333,0.9757311940193176,0.5663352608680725,1.0616470575332642,0.5651834607124329,0.46140074729919434
run_1789376009_gpu1_env0,251,1,,previous,0.6877218000008725,750,0.9841936628023783,0.9827842911084493,0.9856030344963074,0.9940862059593201,0.9812080264091492,0.9730586409568787,0.9941255450248718,0.99204021692276,0.9706433415412903,0.5467827916145325,0.6749268174171448,0.5729118585586548,0.5650989413261414
run_1789376009_gpu1_env0,252,1,,previous,0.6931541000085417,758,0.9845611850420634,0.9832613666852316,0.9858610033988953,0.9946882724761963,0.9811828136444092,0.9739130139350891,0.994369626045227,0.9932885766029358,0.969924807548523,0.5594273209571838,0.4458724558353424,0.5576894879341125,0.5028000473976135
run_1789376009_gpu1_env0,253,1,,previous,0.685120400012238,755,0.9833059012889862,0.9817456205685934,0.984866182009379,0.993768036365509,0.979180634021759,0.972288191318512,0.9942479729652405,0.991187572479248,0.9691630005836487,0.5833728313446045,0.614848792552948,0.5363336205482483,0.4647810459136963
run_1789376009_gpu1_env0,254,1,,previous,0.7050280999974348,755,0.9856022993723551,0.9838645656903585,0.9873400330543518,0.9945117831230164,0.9832102060317993,0.9738717079162598,0.9944278001785278,0.9903482794761658,0.9772440195083618,0.577609121799469,0.4805127680301666,0.5946874022483826,0.6726034283638
run_1789376009_gpu1_env0,255,1,,previous,0.6804517999989912,760,0.981906662384669,0.9790173768997192,0.9847959478696188,0.9942274689674377,0.9760000109672546,0.9668246507644653,0.9934576749801636,0.9911949634552002,0.9697352051734924,0.5771318674087524,0.9974036812782288,0.5395933985710144,0.6000308394432068
run_1789376009_gpu1_env0,256,1,,previous,0.6876829999964684,752,0.9841401179631551,0.9831182559331259,0.9851619799931844,0.9940491318702698,0.9798115491867065,0.9754940867424011,0.9933329224586487,0.9924560189247131,0.9696969985961914,0.6127251982688904,0.634890079498291,0.5386394262313843,0.4297834634780884
run_1789376009_gpu1_env0,257,1,,previous,0.6847237000183668,753,0.9843136866887411,0.9819326599438986,0.9866947134335836,0.993802547454834,0.9764626622200012,0.9755327701568604,0.9937607049942017,0.9928721189498901,0.9734513163566589,0.5619773268699646,0.6336560845375061,0.5706453323364258,0.5706123113632202
run_1789376009_gpu1_env0,258,1,,previous,0.6995854999986477,753,0.9849254886309305,0.9836593270301819,0.9861916502316793,0.9937675595283508,0.9825268983840942,0.9746835231781006,0.9954052567481995,0.9928601384162903,0.9703095555305481,0.6228458285331726,0.5181329250335693,0.5231848955154419,0.5787838101387024
run_1789376009_gpu1_env0,259,1,,previous,0.7141051000216976,759,0.9847177366415659,0.9839782317479452,0.9854572415351868,0.9939445853233337,0.9825737476348877,0.975416362285614,0.9933953285217285,0.9920535087585449,0.9709228873252869,0.5793185234069824,0.5760728716850281,0.565467894077301,0.4829499423503876
run_1789376009_gpu1_env0,260,1,,previous,0.6962154000066221,748,0.984579881032308,0.9828747709592184,0.9862849911053976,0.9950777292251587,0.9812583923339844,0.972288191318512,0.992475688457489,0.991631805896759,0.9747474789619446,0.5146494507789612,0.7625885605812073,0.5720687508583069,0.5928131341934204
run_1789376009_gpu1_env0,261,1,,previous,0.7058891000051517,752,0.9828569193681082,0.9829118649164835,0.9828019738197327,0.9942987561225891,0.9805238246917725,0.9739130139350891,0.9930941462516785,0.9882648587226868,0.9670469164848328,0.5797207951545715,0.6342733502388,0.5192829370498657,0.44499388337135315
run_1789376009_gpu1_env0,262,1,,previous,0.7274106999975629,752,0.9829256435235342,0.9832039674123129,0.9826473196347555,0.994440495967865,0.9812583923339844,0.9739130139350891,0.9932606220245361,0.9869802594184875,0.9677010774612427,0.5449845790863037,0.7438843846321106,0.5191086530685425,0.41021624207496643
run_1789376009_gpu1_env0,263,1,,previous,0.6785894999920856,748,0.9851487974325815,0.9842783212661743,0.9860192735989889,0.9946889877319336,0.9818426370620728,0.9763033390045166,0.9927811026573181,0.9912096858024597,0.9740670323371887,0.5564277172088623,0.49416425824165344,0.5757295489311218,0.6960504055023193
run_1789376009_gpu1_env0,264,1,,previous,0.6799150999868289,760,0.9848776956399282,0.9840276042620341,0.9857277870178223,0.9940853714942932,0.982503354549408,0.9754940867424011,0.9944304823875427,0.992443323135376,0.9703095555305481,0.5872897505760193,0.463094025850296,0.5428863763809204,0.5410408973693848
run_1789376009_gpu1_env0,265,1,,previous,0.695668400003342,757,0.985710879166921,0.9838457107543945,0.9875760475794474,0.9942632913589478,0.982550323009491,0.9747235178947449,0.9939430952072144,0.9928661584854126,0.9759188890457153,0.6201257109642029,0.36045199632644653,0.551068127155304,0.6477052569389343
run_1789376009_gpu1_env0,266,1,,previous,0.6776006000000052,760,0.9850685199101766,0.9833085139592489,0.9868285258611044,0.9936618804931641,0.9798115491867065,0.976452112197876,0.9952211976051331,0.9924623370170593,0.9728020429611206,0.6080037355422974,0.7077590227127075,0.5444005131721497,0.5352230072021484
run_1789376009_gpu1_env0,267,1,,previous,0.6938650000083726,761,0.9843778113524119,0.982227106889089,0.9865285158157349,0.9946535229682922,0.979180634021759,0.9728471636772156,0.9933353662490845,0.9928661584854126,0.9733840227127075,0.5968924164772034,0.6829963326454163,0.5798912644386292,0.5460806488990784
run_1789376009_gpu1_env0,268,1,,previous,0.6958380999858491,752,0.9828161497910818,0.9795945684115092,0.9860377311706543,0.9942266345024109,0.9738780856132507,0.970678985118866,0.9947342872619629,0.9924560189247131,0.9709228873252869,0.5662838816642761,0.9043892025947571,0.5300512909889221,0.45628342032432556
run_1789376009_gpu1_env0,269,1,,previous,0.6769524000119418,759,0.9827669163544973,0.9793285330136617,0.9862052996953329,0.9940495491027832,0.9739130139350891,0.9700230360031128,0.9944304823875427,0.9920335412025452,0.9721518754959106,0.5241615772247314,0.9392030835151672,0.5694129467010498,0.595447838306427
run_1789376009_gpu1_env0,270,1,,previous,0.6973498000006657,760,0.9809734225273132,0.9764297803243002,0.9855170647303263,0.9940837025642395,0.9693741798400879,0.965831458568573,0.9949785470962524,0.9894914031028748,0.9720812439918518,0.5439693927764893,1.529311180114746,0.5566201210021973,0.7110690474510193
run_1789376009_gpu1_env0,271,1,,previous,0.6732305999903474,755,0.9815695881843567,0.9779883225758871,0.9851508537928263,0.9942270517349243,0.970588207244873,0.9691497087478638,0.9944906830787659,0.9920335412025452,0.968928337097168,0.5348202586174011,1.3382294178009033,0.5265249013900757,0.4297834634780884
run_1789376009_gpu1_env0,272,1,,previous,0.7052988999930676,757,0.981997936964035,0.9782763322194418,0.9857195417086283,0.9938374757766724,0.9752177000045776,0.9657738208770752,0.9936383366584778,0.9907872676849365,0.9727330207824707,0.5444033741950989,0.7412492632865906,0.5950897336006165,0.7753121852874756
run_1789376009_gpu1_env0,273,1,,previous,0.671182799997041,752,0.9828750391801199,0.979421079158783,0.9863289992014567,0.994404673576355,0.9791526794433594,0.9647058844566345,0.9951010346412659,0.991187572479248,0.9726983904838562,0.5851515531539917,0.5934728980064392,0.5199285745620728,0.5861743688583374
run_1789376009_gpu1_env0,274,1,,previous,0.7091703999903984,754,0.98343825340271,0.9817551175753275,0.9851213892300924,0.9938374757766724,0.9804976582527161,0.9709302186965942,0.994369626045227,0.9920268654823303,0.9689676761627197,0.6219278573989868,0.6255756616592407,0.5395479202270508,0.5650989413261414
run_1789376009_gpu1_env0,275,1,,previous,0.6790774000110105,752,0.9807773133118948,0.9797143141428629,0.9818403124809265,0.9942270517349243,0.9778671860694885,0.967048704624176,0.9941871166229248,0.9848993420600891,0.9664344787597656,0.6110373735427856,0.6555128693580627,0.5287461280822754,0.6578966379165649
run_1789376009_gpu1_env0,276,1,,previous,0.7138400999829173,742,0.9832135041554769,0.9801215529441833,0.9863054553667704,0.9945471882820129,0.9785810112953186,0.9672364592552185,0.9936991333961487,0.9924496412277222,0.9727675914764404,0.5533217191696167,0.7952466607093811,0.5874087810516357,0.6685181260108948
run_1789376009_gpu1_env0,277,1,,previous,0.6681960999849252,752,0.9817178050676981,0.9780282974243164,0.98540731271108,0.9942632913589478,0.9725385308265686,0.9672830700874329,0.9934472441673279,0.9887076616287231,0.9740670323371887,0.5249502062797546,1.0553616285324097,0.5809475183486938,0.8242449164390564
run_1789376009_gpu1_env0,278,1,,previous,0.6825529999914579,752,0.9816526075204214,0.9779460231463114,0.9853591918945312,0.9944743514060974,0.9732620120048523,0.9661017060279846,0.9944304823875427,0.9920268654823303,0.9696202278137207,0.534108579158783,1.2670226097106934,0.5396906733512878,0.463094025850296
run_1789376009_gpu1_env0,279,1,,previous,0.7027023000118788,758,0.9821367561817169,0.9789782365163168,0.9852952758471171,0.9949010610580444,0.9805760383605957,0.9614576101303101,0.9938222765922546,0.992443323135376,0.9696202278137207,0.5348827838897705,0.8289794325828552,0.5395305752754211,0.5366833806037903
run_1789376009_gpu1_env0,280,1,,previous,0.679059199988842,752,0.9818956752618154,0.9785275061925253,0.9852638443311056,0.9942620992660522,0.982550323009491,0.9587700963020325,0.994369626045227,0.991187572479248,0.9702343344688416,0.5871000289916992,0.6943616271018982,0.581813395023346,0.7306137084960938
run_1789376009_gpu1_env0,281,1,,previous,0.7007364000019152,759,0.9803581535816193,0.9764139254887899,0.9843023816744486,0.9937326312065125,0.9784366488456726,0.9570724964141846,0.9932147264480591,0.9907640814781189,0.968928337097168,0.5920048356056213,0.4647810459136963,0.5363214612007141,0.5895031094551086
run_1789376009_gpu1_env0,282,1,,previous,0.7004726000013761,747,0.9806903600692749,0.9782839020093282,0.9830968181292216,0.9946874976158142,0.9779264330863953,0.9622377753257751,0.9940654635429382,0.9869911670684814,0.9682338237762451,0.5687907338142395,1.053505778312683,0.5301764607429504,0.5539076924324036
run_1789376009_gpu1_env0,283,1,,previous,0.7074964000203181,754,0.981500486532847,0.9768479665120443,0.9861530065536499,0.9945460557937622,0.9780146479606628,0.9579831957817078,0.9946687817573547,0.9903725385665894,0.9734176993370056,0.5966612100601196,1.115222454071045,0.5596258640289307,0.5828266739845276
run_1789376009_gpu1_env0,284,1,,previous,0.6737333000055514,748,0.9797871510187784,0.9748000899950663,0.9847742120424906,0.9939424395561218,0.9778076410293579,0.9526501893997192,0.9945515990257263,0.9907640814781189,0.9690069556236267,0.5743545889854431,1.023737907409668,0.5948641896247864,0.5467968583106995
run_1789376009_gpu1_env0,285,1,,previous,0.7116985000029672,752,0.9813622832298279,0.9765727122624716,0.9861518541971842,0.9941166043281555,0.9766198992729187,0.9589816331863403,0.9947342872619629,0.9928721189498901,0.9708491563796997,0.5566213726997375,1.0400463342666626,0.5397771000862122,0.5028000473976135
run_1789376009_gpu1_env0,286,1,,previous,0.6905795999919064,753,0.980575422445933,0.9758755763371786,0.9852752685546875,0.9943531155586243,0.9738430380821228,0.9594305753707886,0.9937622547149658,0.992443323135376,0.9696202278137207,0.5470502972602844,0.5004596710205078,0.550408661365509,0.4432314932346344
run_1789376009_gpu1_env0,287,1,,previous,0.7102989999984857,755,0.9844696521759033,0.9821755290031433,0.9867637753486633,0.9935113787651062,0.9831876158714294,0.9698275923728943,0.9935697317123413,0.9908027052879333,0.9759188890457153,0.5873479247093201,0.766172468662262,0.5220662355422974,0.5151029229164124
run_1789376009_gpu1_env0,288,1,,previous,0.6878076000139117,756,0.9809691607952118,0.9780845840771993,0.9838537375132242,0.9934659600257874,0.9747340679168701,0.9660537242889404,0.9948573708534241,0.989084780216217,0.9676190614700317,0.5368854999542236,0.8228193521499634,0.5485578179359436,0.558831512928009
run_1789376009_gpu1_env0,289,1,,previous,0.6908438999962527,758,0.9856592317422231,0.9870761434237162,0.98424232006073,0.9934421181678772,0.9840637445449829,0.9837225675582886,0.9934584498405457,0.9903401732444763,0.968928337097168,0.567370593547821,0.6236960887908936,0.5207319259643555,0.463094025850296
run_1789376009_gpu1_env0,290,1,,previous,0.6906391000084113,768,0.9840868612130483,0.9842453201611837,0.983928402264913,0.9932594299316406,0.9763779640197754,0.983098566532135,0.9930343627929688,0.9903563857078552,0.9683944582939148,0.6070739030838013,0.5082191824913025,0.5301486253738403,0.44499388337135315
run_1789376009_gpu1_env0,291,1,,previous,0.7000083999882918,755,0.9842046598593394,0.9829566478729248,0.985452671845754,0.9938530921936035,0.9797518253326416,0.9752650260925293,0.9925998449325562,0.9928721189498901,0.9708860516548157,0.5760279297828674,0.6318005323410034,0.5354443788528442,0.41684067249298096
run_1789376009_gpu1_env0,292,1,,previous,0.7055467999889515,760,0.9856551090876261,0.9859126806259155,0.9853975375493368,0.9932665228843689,0.9812782406806946,0.9831932783126831,0.9932730197906494,0.9920335412025452,0.9708860516548157,0.5863611698150635,0.6180230379104614,0.5713750720024109,0.6299394965171814
run_1789376009_gpu1_env0,293,1,,previous,0.6792842000140809,764,0.9858196179072062,0.9874248703320821,0.9842143654823303,0.9927893877029419,0.981398344039917,0.9880868792533875,0.9945529103279114,0.9903482794761658,0.9677419066429138,0.5934333801269531,0.5881738662719727,0.5533406734466553,0.5388665795326233
run_1789376009_gpu1_env0,294,1,,previous,0.6982011999934912,765,0.9808343549569448,0.9792936245600382,0.9823750853538513,0.9932236075401306,0.9723964929580688,0.9722607731819153,0.9941269755363464,0.9878304600715637,0.9651678204536438,0.5843417048454285,0.4502396285533905,0.5380706787109375,0.5035777688026428
run_1789376009_gpu1_env0,295,1,,previous,0.6794659000006504,759,0.9795624613761902,0.9764109253883362,0.9827139973640442,0.9924103617668152,0.9660703539848328,0.9707520604133606,0.9929719567298889,0.9899581670761108,0.9652118682861328,0.5830009579658508,0.4829499423503876,0.561290442943573,0.5035777688026428
run_1789376009_gpu1_env0,296,1,,previous,0.6984411000157706,755,0.9852415521939596,0.9869522054990133,0.9835308988889059,0.9921212196350098,0.9812007546424866,0.9875346422195435,0.9943703413009644,0.9903563857078552,0.965865969657898,0.6042450070381165,0.6977351307868958,0.5308020114898682,0.3784591555595398
run_1789376009_gpu1_env0,297,1,,previous,0.676426599995466,767,0.9855671922365824,0.9835936625798544,0.9875407218933105,0.993036687374115,0.9790794849395752,0.9786648154258728,0.9950340390205383,0.9916387796401978,0.9759493470191956,0.5530098080635071,0.7843454480171204,0.5478256940841675,0.5173771381378174
run_1789376009_gpu1_env0,298,1,,previous,0.704958100017393,759,0.9817594389120737,0.9782450993855795,0.9852737784385681,0.9922701120376587,0.970605194568634,0.9718599915504456,0.9928409457206726,0.9882648587226868,0.974715530872345,0.6130159497261047,1.1236132383346558,0.5771918892860413,0.8935053944587708
run_1789376009_gpu1_env0,299,1,,previous,0.6896566999785136,757,0.9837905963261923,0.9828085700670878,0.9847726225852966,0.9916728734970093,0.975386381149292,0.9813664555549622,0.9924140572547913,0.991631805896759,0.9702720046043396,0.6187905669212341,0.7449358105659485,0.5367677211761475,0.39958450198173523
run_1789376009_gpu1_env0,300,1,,previous,0.6688422999868635,755,0.9833841323852539,0.9810163180033366,0.9857519467671713,0.9905022978782654,0.9750415682792664,0.977505087852478,0.9941871166229248,0.9928721189498901,0.9701966047286987,0.640101432800293,1.2020334005355835,0.5371809601783752,0.5082191824913025
run_1789376009_gpu1_env0,301,1,,previous,0.6847654999874067,754,0.9794056415557861,0.9748850266138712,0.983926256497701,0.9906342625617981,0.9654415845870972,0.9685792326927185,0.9937622547149658,0.9903563857078552,0.967660129070282,0.586823046207428,1.151480793952942,0.5395364761352539,0.42704305052757263
run_1789376009_gpu1_env0,302,1,,previous,0.6582280999864452,755,0.9835653901100159,0.9846158623695374,0.9825149178504944,0.9917821288108826,0.9819148778915405,0.980150580406189,0.9943703413009644,0.9873949289321899,0.9657794833183289,0.6594260931015015,1.0795592069625854,0.4781323969364166,0.370094358921051
run_1789376009_gpu1_env0,303,1,,previous,0.7341643999970984,755,0.9823769827683767,0.9797836144765218,0.9849703510602316,0.9916790127754211,0.976550281047821,0.9711215496063232,0.9924187064170837,0.9928721189498901,0.9696202278137207,0.6271790266036987,0.9614412188529968,0.5157888531684875,0.5112900733947754
run_1789376009_gpu1_env0,304,1,,previous,0.666548299981514,764,0.983813633521398,0.9816209276517233,0.9860063393910726,0.9923494458198547,0.9733606576919556,0.9791526794433594,0.9938822984695435,0.9920201301574707,0.9721165895462036,0.6435949802398682,0.9450187087059021,0.5777324438095093,0.7176430225372314
run_1789376009_gpu1_env0,305,1,,previous,0.6843900000094436,760,0.9820700883865356,0.9787529110908508,0.9853872656822205,0.9903337955474854,0.9734601974487305,0.9724647402763367,0.9946720600128174,0.9911801815032959,0.9703095555305481,0.6495727300643921,1.3725910186767578,0.547875702381134,0.5424855947494507
run_1789376009_gpu1_env0,306,1,,previous,0.6530320000019856,756,0.9849081238110861,0.9831392566363016,0.9866769909858704,0.9906203746795654,0.9756097793579102,0.9831876158714294,0.9936929941177368,0.9903886318206787,0.9759493470191956,0.7063845992088318,1.3291321992874146,0.540612518787384,0.538139820098877
run_1789376009_gpu1_env0,307,1,,previous,0.6757738000014797,760,0.9768104255199432,0.9666102925936381,0.9870105584462484,0.9882882833480835,0.9551374912261963,0.9564051032066345,0.9930916428565979,0.9932885766029358,0.9746514558792114,0.6946430802345276,0.8939432501792908,0.5758419632911682,0.6531204581260681
run_1789376009_gpu1_env0,308,1,,previous,0.6785559999989346,758,0.9779268205165863,0.9719372590382894,0.9839163819948832,0.9889519214630127,0.968470573425293,0.9583892822265625,0.9947957992553711,0.9886792302131653,0.9682741165161133,0.7755419015884399,1.3971776962280273,0.5390638113021851,0.5300800204277039
run_1789376009_gpu1_env0,309,1,,previous,0.6724592999962624,760,0.9794945816198984,0.9742897947629293,0.9846993684768677,0.9894829988479614,0.9740259647369385,0.9593604207038879,0.9933362007141113,0.9911801815032959,0.9695817232131958,0.7499500513076782,1.3161122798919678,0.5228363871574402,0.4588492214679718
run_1789376009_gpu1_env0,310,1,,previous,0.6883175999973901,759,0.9814160168170929,0.9779538512229919,0.9848781824111938,0.9887667894363403,0.9731696248054504,0.9719251394271851,0.9923533201217651,0.9920468926429749,0.9702343344688416,0.7484514117240906,1.3399829864501953,0.5168759226799011,0.3449174463748932
run_1789376009_gpu1_env0,311,1,,previous,0.6675664999929722,756,0.9856061538060507,0.9854952692985535,0.9857170383135477,0.9908128976821899,0.9803395867347717,0.9853333234786987,0.9943081140518188,0.9932998418807983,0.9695431590080261,0.7670679092407227,1.6069341897964478,0.5669350624084473,0.6192882657051086
run_1789376009_gpu1_env0,312,1,,previous,0.6935156999970786,755,0.983632504940033,0.9846246043841044,0.9826404054959615,0.9914799332618713,0.9803579449653625,0.9820359349250793,0.9947361946105957,0.98740553855896,0.9657794833183289,0.7816399335861206,1.2373299598693848,0.5450272560119629,0.5706123113632202
run_1789376009_gpu1_env0,313,1,,previous,0.6708584000007249,764,0.9835686087608337,0.9828850825627645,0.984252134958903,0.9896832704544067,0.9887930750846863,0.9701789021492004,0.99443119764328,0.9911949634552002,0.9671302437782288,0.773231565952301,1.0777450799942017,0.48154333233833313,0.40445172786712646
run_1789376009_gpu1_env0,314,1,,previous,0.6920634999987669,761,0.9850673377513885,0.9852950970331827,0.9848395784695944,0.9943925142288208,0.9872013926506042,0.9742913842201233,0.9945535659790039,0.9916107654571533,0.9683544039726257,0.7464865446090698,1.2442692518234253,0.5249340534210205,0.4647810459136963
run_1789376009_gpu1_env0,315,1,,previous,0.6943469999823719,763,0.9863227903842926,0.9858378370602926,0.9868077437082926,0.9884560108184814,0.9855809807777405,0.9834765195846558,0.9926506876945496,0.9899665713310242,0.9778059720993042,0.7659494876861572,1.2614504098892212,0.5538068413734436,0.6549155712127686
run_1789376009_gpu1_env0,316,1,,previous,0.6771483999909833,760,0.9854202568531036,0.9849633574485779,0.9858771562576294,0.9864864945411682,0.983565092086792,0.9848384857177734,0.994369626045227,0.9924496412277222,0.970812201499939,0.7483320236206055,0.9329318404197693,0.5681871175765991,0.634890079498291
run_1789376009_gpu1_env0,317,1,,previous,0.6921541999909095,765,0.9854516486326853,0.9876097639401754,0.9832935333251953,0.9889373183250427,0.9850249290466309,0.9888670444488525,0.9937014579772949,0.9903563857078552,0.9658227562904358,0.696441113948822,0.9610341191291809,0.5352427959442139,0.4343124032020569
run_1789376009_gpu1_env0,318,1,,previous,0.6536996999930125,752,0.9848313132921854,0.9858748118082682,0.9837878147761027,0.9884691834449768,0.9869067072868347,0.9822485446929932,0.9914383292198181,0.9916107654571533,0.9683143496513367,0.6716158390045166,1.0071654319763184,0.4800303280353546,0.3380412757396698
run_1789376009_gpu1_env0,319,1,,previous,0.6896898999984842,767,0.9831655820210775,0.982764462629954,0.9835667014122009,0.986104428768158,0.9865471124649048,0.9756418466567993,0.9936391711235046,0.9911949634552002,0.965865969657898,0.7745473384857178,0.5173771381378174,0.5240294933319092,0.42057928442955017
run_1789376009_gpu1_env0,320,1,,previous,0.6660740999795962,767,0.9863563974698385,0.9863722721735636,0.9863405227661133,0.9868043661117554,0.985401451587677,0.9869109988212585,0.9938822984695435,0.9937106966972351,0.9714285731315613,0.7779234647750854,0.4845678210258484,0.5562562942504883,0.6483091115951538
run_1789376009_gpu1_env0,321,1,,previous,0.688709399983054,755,0.9847632348537445,0.9844616452852885,0.9850648244222006,0.9863760471343994,0.9887910485267639,0.9782178401947021,0.9944304823875427,0.9924496412277222,0.9683143496513367,0.6567428708076477,0.6949250102043152,0.5629554390907288,0.5855063796043396
run_1789376009_gpu1_env0,322,1,,previous,0.6506675000127871,745,0.9850393434365591,0.9842225710550944,0.9858561158180237,0.9888535141944885,0.9834477305412292,0.9803664684295654,0.9939980506896973,0.9908027052879333,0.9727675914764404,0.7266837954521179,0.3774237036705017,0.5846149325370789,0.6714387536048889
run_1789376009_gpu1_env0,323,1,,previous,0.6623868999886326,745,0.9847400585810343,0.9846153259277344,0.9848647912343343,0.9864498376846313,0.9856967926025391,0.9816993474960327,0.9936391711235046,0.9920268654823303,0.968928337097168,0.7152640223503113,0.3380412757396698,0.5729429125785828,0.6299394965171814
run_1789376009_gpu1_env0,324,1,,previous,0.7234913000138476,754,0.9846411546071371,0.9835270643234253,0.9857552448908488,0.9860000014305115,0.9830508232116699,0.9815303683280945,0.9939994812011719,0.9886792302131653,0.9745870232582092,0.7501220703125,0.6000308394432068,0.5700522065162659,0.7972127199172974
run_1789376009_gpu1_env0,325,1,,previous,0.6472342999768443,741,0.9863912264506022,0.9857077598571777,0.9870746930440267,0.990227997303009,0.9873843789100647,0.9795109033584595,0.993694543838501,0.9928780794143677,0.9746514558792114,0.7157016396522522,0.597416341304779,0.554564356803894,0.7417770028114319
run_1789376009_gpu1_env0,326,1,,previous,0.676356299984036,739,0.9872283240159353,0.9883461395899454,0.986110508441925,0.9930070042610168,0.9903320670127869,0.9816993474960327,0.994612455368042,0.9941373467445374,0.9695817232131958,0.737602949142456,0.7127181887626648,0.5514795184135437,0.6318005323410034
run_1789376009_gpu1_env0,327,1,,previous,0.6493098999781068,745,0.986669530471166,0.988308827082316,0.9850302338600159,0.9866342544555664,0.9919729828834534,0.9863192439079285,0.9945515990257263,0.9916107654571533,0.968928337097168,0.7564365267753601,0.8030819296836853,0.6044577360153198,0.7527747750282288
run_1789376009_gpu1_env0,328,1,,previous,0.6574809000012465,742,0.985912968715032,0.9893568158149719,0.9824691216150919,0.9937577843666077,0.9919251799583435,0.9823874831199646,0.9935191869735718,0.9899412989616394,0.9639468789100647,0.7381371855735779,0.634890079498291,0.5244494676589966,0.370094358921051
run_1789376009_gpu1_env0,329,1,,previous,0.6758101999876089,738,0.9865687489509583,0.9879529078801473,0.9851845900217692,0.9886792302131653,0.9927690625190735,0.9824104309082031,0.9935160279273987,0.9924560189247131,0.9695817232131958,0.7456140518188477,0.5868416428565979,0.5439398884773254,0.5158621072769165
